inner_radius_au,outer_radius_au,inclination_deg,position_angle_deg,radial_power,east_offset_au,north_offset_au,disc_flux_70_mjy,disc_flux_160_mjy,disc_flux_250_mjy,alma_flux_star_mjy,alma_flux_disc_mjy,temperature_k,beta,f_tau,fmax_ring,fmax_broad,ratio_ring,ratio_broad
16.69775698934074,51.68000833792459,70.0,60.0,0.020811075580228613,0.08314822603520279,0.8413331580018977,65.02959908917575,39.43901965344393,15.596100884875197,0.7377923015138765,0.4120475573083148,64.37626505299815,1.17807884284985,2.9552093022087137e-06,1.227713792780126e-06,1.1178407271936922e-06,2.4070832465901675,2.6436765366633974
18.015,54.76947578313746,38.16302326739675,66.79274886643402,-0.06084058859556243,0.020884508239487124,0.812139773510228,122.28250650762169,52.7183300818555,17.946442966273356,0.72979633728602,0.0,63.28985560341948,0.7698051076365515,3.820650490943067e-06,9.888969038766142e-06,9.1025654662186e-06,0.38635478339203844,0.4197333713360533
13.269037220423698,45.167117434247416,0.0,60.0,-0.17255795831256188,-0.01693146326575315,0.7753998244816519,112.55758515369354,47.90242495606108,16.846638466944732,0.727311457556761,0.0,54.17787272919594,0.5641172289151319,2.5234015289749064e-06,1.4391731125233641e-05,1.323098337906108e-05,0.1753369005449607,0.19071912167680286
18.015,56.95254480566532,70.0,95.88304216208539,-0.17597997081004346,0.05502336459497734,0.8038811399699216,71.0668498046209,40.28305297384981,17.11734245664451,0.7363360832378226,0.2975543377002468,78.6466230334011,1.2235877643371884,4.747438517931442e-06,2.4294069157554363e-06,2.2496700989852615e-06,1.9541553484279937,2.1102820898374506
6.221396175608557,31.778169977204094,0.0,60.0,-0.17696725840442393,0.010152535939822965,0.8761039690621756,62.86449442040089,34.79945499755347,15.017799135606843,0.7331634859967052,0.0,38.53459235405774,1.3033707150367662,9.867358326572958e-07,4.1591669564580745e-06,3.664949905451285e-06,0.2372436218568141,0.26923583080620406
7.473291205671617,34.15603149831636,29.995504829135896,108.93319456102473,-0.15917829621053586,-0.0130769286632626,0.7801387593114215,65.25975444126065,34.09064058413823,15.030553631880768,0.7306625035949141,0.0,53.17728855390711,0.8566852330017649,1.7230323520287946e-06,3.8952414179534233e-07,3.4618460704283417e-07,4.42342891530991,4.977206718540204
13.499715158246856,45.60496532616819,36.146241913126,78.27109912334231,-0.003582941901711184,0.06400845622528943,0.8474724106680812,102.59053556394841,43.69385893531154,16.838707427187515,0.7292281258600725,0.0,68.48764599282705,0.8977890840325068,3.7601915654164524e-06,7.678995278791806e-06,6.9374348408504135e-06,0.4896723371873295,0.5420146857848565
15.186259757264876,48.809530976164304,0.0,60.0,0.035715065398298954,0.06955504170475466,0.8917313117509352,123.63010097225094,53.25844138635621,18.01418996518152,0.732608584512755,0.0,65.30382210953317,0.9191864195151856,4.12561709500989e-06,5.280431694667138e-07,4.778331178726179e-07,7.813029944457894,8.634012463133015
7.807969506921855,34.79194746985209,19.309636413671576,112.60173342101602,-0.1843568596987218,0.030852222145077587,0.8171841881565851,71.69606195799177,36.635389117750435,14.8064350517921,0.7312248163632015,0.0,68.17966394985211,1.0400054182921077,3.1181089493559364e-06,2.697920827721712e-05,2.426987689251463e-05,0.11557451639487348,0.128476504564291
18.015,55.67249160247103,1.3577421446730753,60.0,-0.0901251335700512,-0.09899462046867143,0.8375416840994068,133.67105536621858,58.650219780282804,19.303811832399422,0.7383504410059327,1.1904324734133571,65.43904459100739,1.1390626575279301,4.55609917085256e-06,5.911831339186127e-07,5.441165771214257e-07,7.70674755325444,8.373387914325235
18.015,60.00097437843595,21.23346088379391,104.08573225018256,-0.13754068641460523,0.013509734400946924,0.8287449707583531,138.40399825529462,61.136396105150915,20.68453414971299,0.7373989987073156,1.371582503144747,64.361019227737,0.8680495870524005,4.590229578840667e-06,4.851439359152057e-06,4.449690465614375e-06,0.9461582922151489,1.031584020127316
12.814326798977007,44.30313338163034,21.041029372988,60.0,-0.15959494900509671,0.009781621363060402,0.8551940685391326,106.72828326154537,45.35593147873575,16.14380957511326,0.729327637435718,0.0,71.33938628051368,0.6982393644927105,4.283497479094334e-06,1.214347530978449e-06,1.1116889939136632e-06,3.5274065865172437,3.8531437322361417
6.421608732283404,32.15792112740358,34.679694314768795,140.0,-0.1161823192818395,-0.008186757517996381,0.854710623544654,52.869876002825606,32.721962942535924,14.156551986140077,0.7374395433420892,0.2561283635348782,67.96591003006078,1.0598172651626587,2.7652615757268213e-06,1.4683927737761942e-06,1.2857467011944819e-06,1.8831893108650573,2.1507047796878216
18.015,65.54523553157517,70.0,60.0,-0.06927676317868549,0.0033940125292045774,0.810451091396538,83.5873362687674,44.21192601941274,16.59972140117192,0.7340137124084,0.17550438823520303,53.5941208241338,0.5702649034041594,2.2794930812440862e-06,2.2852663148274392e-05,2.063278552124753e-05,0.09974737151876371,0.11047917300825313
18.015,58.57624808341589,70.0,122.48566215550866,-0.237372048079281,0.004388290335093612,0.8637081334866633,72.94998874986557,42.94006873910603,15.630066530298876,0.7361495408063423,0.18563339470346576,56.164295296372146,0.8361941977006263,2.4217672437031366e-06,1.3261093109113946e-05,1.2320240249894591e-05,0.18262199230308773,0.19656818329690093
6.109448432296804,31.565192561241,15.075802934536995,68.87264561648591,-0.13583680424678557,0.046082001261136235,0.8350017315079067,63.041015689103695,34.118174667356584,15.048700729418176,0.7324638705342191,0.0,60.32858714660655,1.0622182585683373,2.2261654721949816e-06,9.840449136925155e-07,8.606219344874347e-07,2.2622600261623744,2.5866938582280397
18.015,57.13050443897761,24.935153657861754,60.0,-0.08365913480031684,0.011954845385191395,0.8062793245540049,131.74793247465,56.59043801437851,19.472092335205623,0.7366546092584183,0.642789959238661,51.29543834522066,1.4272332972517137,2.645239000450595e-06,4.443922375593931e-06,4.077838261970517e-06,0.5952486962819773,0.6486865909125947
14.584345352476472,47.66538889932904,52.40604225468809,74.6287699468246,-0.2198739187949142,0.047979576552071086,0.8753568208433806,90.00365110133988,41.781577630986185,15.958492364831448,0.7316952929838355,0.0,68.1227720382861,1.483015900608924,3.5397691502118943e-06,1.5130742185937463e-05,1.403801755464748e-05,0.23394550688344698,0.2521559142116904
17.445832314445372,53.10144277712431,70.0,87.17128063057118,-0.09715214718893665,0.12818820913939719,0.8378777432972421,67.97858370395294,39.64825650118433,16.731421486835316,0.7428316692366199,0.8955308134338845,67.71175160235458,1.175788696819461,3.3202045998339694e-06,0.0005224205890370121,0.0004894175713609397,0.006355424478874706,0.006783991409628727
9.137485046099897,37.31828556327012,0.0,82.51451687632452,-0.18235602523679195,0.10408282994373493,0.7923627524999766,88.73279007709158,40.160842840602186,15.594384753646416,0.729540112154993,0.0,62.73597807460491,0.899806278212486,2.8525557752472546e-06,4.4172177986787345e-06,3.984923010102829e-06,0.6457811014210127,0.7158371110345858
11.838220101128188,42.44827292034465,54.51932573067904,99.49285814366218,-0.131467504207681,0.026064830928519543,0.7778926158455601,72.9430064190087,37.75526978882551,15.318152440664333,0.7319255331264931,0.0,66.65795554102249,0.644945391427991,3.066524327874712e-06,4.98826844458448e-07,4.5340311840370104e-07,6.147472538700054,6.763350765365359
6.28762534571039,31.903888518669007,0.0,73.57368682459085,0.015844757790675443,0.06561121875731721,0.8428718879666682,66.94884884113748,35.35984417397132,15.159376076564854,0.7316373390073885,0.0,44.729835117729465,1.0184806499197174,1.290718366832921e-06,3.1821655787389453e-06,2.7346750224173396e-06,0.4056100585892258,0.47198235850780523
18.015,61.27117613721532,70.0,140.0,-0.1651268137400171,0.01497222562910658,0.8863591056170288,76.68575706974573,41.33442975359715,17.090421308178886,0.7384197113959362,0.2737830401759167,45.396603142190806,0.7360045223842167,1.5582776324776782e-06,2.637237805513611e-06,2.4210085628381786e-06,0.5908749029836535,0.6436481292948795
18.015,61.431639201498406,70.0,106.26900013596969,-0.055795702789052784,-0.023650041225920123,0.8389946935136529,79.78902426905147,43.008786615448834,18.153524111512482,0.7342365204797838,0.0,64.54606987054707,1.2420910004551793,3.2397258993423158e-06,1.1033227412091052e-06,1.0002383979977233e-06,2.936335650792421,3.2389537392561585
18.015,59.89628807164059,68.21518714869268,60.0,-0.144956653040691,0.04125004396858901,0.8261761724555255,80.85233877834177,43.05937772637128,16.544294026774683,0.7347087530830286,0.128221137798249,79.54453757640768,1.1680708481301338,5.212835479356079e-06,1.0703780226306235e-05,9.833892103079721e-06,0.4870088295109713,0.5300887405225397
16.238676427571452,50.80839729741441,38.6764706592715,81.03923767145616,0.004731297013783317,0.016134956692460466,0.7960411207217906,114.40612756991464,49.774064931637035,16.813757480434074,0.7275957563931813,0.0,57.99996944353831,1.1447104838543243,2.9883221094898894e-06,6.910528738667663e-05,6.308099043631219e-05,0.04324303135835063,0.04737278360438805
5.377733758773423,30.17464924017321,47.0810079460151,140.0,-0.0619940537582881,0.027785790590053563,0.8270608476357179,37.42453730875469,29.92526961887151,13.854642126423895,0.7356601340732681,0.21598122386801613,56.13989282805984,1.397117875901468,1.6757379838838748e-06,7.811378238462475e-07,6.69851639441878e-07,2.1452526464954698,2.501655419221044
18.015,61.293341235299195,66.63251054378225,140.0,-0.19464961114149448,0.032496065627004765,0.8900310237302533,84.91192206466128,42.78393199211262,17.1121782197571,0.7376252646590287,0.22001991235779103,68.6291003152652,0.734605685788446,3.7034792262734765e-06,1.6022531475918004e-06,1.4749434415490607e-06,2.3114195355707903,2.510929654620447
18.015,57.780090541328775,70.0,60.0,-0.11741117827108681,0.10438870080148059,0.8380751476730048,71.75091153986084,42.21307174544178,15.522310021902221,0.7362622373752565,0.3127395096679276,74.25102965213841,0.8769001320799132,4.361537191755725e-06,1.003132202271449e-05,9.225866414140345e-06,0.4347918631143183,0.47275095866019295
9.679541530106565,38.3470817965737,69.3146139056808,110.67593666526534,-0.0808981428020794,0.07788600643505121,0.833457242332247,38.65452542438405,30.99427942733262,12.538698899477518,0.7344676228369016,0.0,49.16572727874698,0.8671583119503111,1.3470372011175872e-06,1.2750331229009203e-06,1.1393274250500564e-06,1.0564723197565606,1.182309116326595
0.8815745121692145,21.633098934478635,30.779268485881904,136.23230959623675,-0.17378017945714058,-0.04058010137252137,0.8439312018248325,19.134354003866527,25.915115146718513,12.573122055955924,0.7337064562115747,0.021260606553624908,66.29389295205452,0.9789814052354875,2.0738450979850336e-06,1.7415451272334131e-06,1.3841255516956864e-06,1.190807556781205,1.4983070686357713
18.015,60.32856093282204,61.67268457548539,60.0,-0.2002574672358901,0.07191312200754293,0.8031687800092647,97.03412212927904,45.82431918722668,16.525046449599554,0.7301946460248263,0.0,58.75815138124263,0.8376514700821502,2.8357433459504974e-06,1.3401279599118388e-06,1.2364309021845503e-06,2.116024313183533,2.2934911614876743
18.015,57.063624543057216,0.0,89.13783820851057,-0.054359211455122874,0.06584412430763224,0.7944399703841898,134.4100265918915,59.274011369036046,20.25120427899001,0.7356998956389474,1.1697323732918596,63.80588415826935,0.8614388229438239,4.367910134557695e-06,5.801589116407636e-06,5.307885783629781e-06,0.7528816755058862,0.8229095938780192
7.369843568481311,33.95911210650557,70.0,125.07898434308498,-0.2937919094927541,0.04344381040951126,0.8206154994490117,22.60552818393111,28.521452478270042,12.516629325341434,0.7339650254834659,0.016093544340085725,68.15810896430902,0.6973507016794583,2.4321295512589987e-06,9.274994954950508e-06,8.401293750443478e-06,0.26222435301281266,0.28949464493258725
18.015,61.910635756786206,47.605574090571395,60.0,-0.23729385111286844,0.010165289530214843,0.8304807456715589,123.44458212499936,53.1860301226617,18.756331565750905,0.7295436029328214,0.0,54.10697558257213,0.4057706644382192,2.8022142801081883e-06,0.0006251395428910977,0.0009449331023349844,0.004482542037172567,0.002965516048896747
18.015,57.38699474812248,56.043303576479445,60.0,-0.04335120435377866,0.04053710809493624,0.8260293080923522,104.83924971187525,47.35650447028614,15.96250528562496,0.728360438823934,0.0,67.93139811771803,0.8853667567880701,4.002524902976694e-06,1.7638890701644215e-05,1.6127602040254655e-05,0.22691477432895468,0.2481785508463287
18.015,55.96592015535372,34.86554111558403,110.64744159724766,0.013683552745794511,0.07125490769460416,0.809045502846691,128.0070776634081,55.379185987772345,19.642258356255887,0.7381873849949818,0.5106140050524225,43.68628841586795,0.6171076099672039,1.9598202382970674e-06,8.080593448914513e-07,7.360393029256086e-07,2.4253419636652245,2.6626570490287342
14.753476252948559,47.9873490810246,0.0,60.0,-0.073979343560972,0.03383940706509771,0.8491259243186592,122.12030792069167,52.38855436286536,17.97021472994403,0.7309457402955394,0.0,54.04996712428687,0.9702184927050598,2.730319415393563e-06,9.132006920052003e-05,8.377298833489015e-05,0.02989835026732563,0.03259188277346467
14.090569338312248,46.72711907832466,65.76559872111288,140.0,-0.16988293050281866,0.04874111773352828,0.8271283470613889,58.24282922845212,34.333793748037316,15.1896362237974,0.7362127288871516,0.13372980129484444,54.58697856635354,0.8587640426973351,1.8277767602684767e-06,4.183184987465717e-07,3.8511258599822583e-07,4.36934241671151,4.7460842016648535
0.7206000000000001,19.0959,0.0,140.0,-0.20569407225820396,0.015613123817773742,0.8255720942530318,15.971377701057662,24.640285150360953,12.590235425465384,0.7324886930614264,0.04105758035441376,69.66631826771557,0.7182834891675602,2.2058299298867695e-06,6.10965709435497e-08,4.883836319893114e-08,36.10398907534189,45.165926648726135
0.7206000000000001,20.60292381552695,0.0,124.30071931182525,0.0494622822615126,-0.032752025155815254,0.8005969968167546,22.636069535138624,26.204969278855696,12.53980184475378,0.7310238960440263,0.10518790090540063,61.687319096836646,0.6447926751998454,1.8001662375929652e-06,1.978115337337647e-06,1.4923655551259364e-06,0.9100410899274538,1.2062501921260533
17.859112634306147,53.88727799335489,0.0,93.04622730054751,0.02888474567761902,0.0728792520599604,0.8383285380461802,130.9751871755016,57.61486884127211,19.124140072586393,0.7397551131252121,1.0717758278642704,51.95031582828983,0.6750460585526821,2.790361042548479e-06,2.8811564720455358e-05,2.640324198228312e-05,0.09684864635510079,0.10568251597363852
18.015,58.1092919094059,23.69867340701374,67.58495125760766,-0.09946566539997896,-0.013367303043165088,0.8912455477146218,133.38090924960582,59.00925402353932,19.884493204611097,0.7388376056310529,0.8655552809087473,55.516317259263836,1.2599371443800569,3.2344345575520696e-06,0.0003084901707260615,0.00028482390116219675,0.010484724845331424,0.011355909895041351
4.54771164601324,28.598812248822327,0.0,60.0,-0.20853335446751972,0.003560368039265389,0.832213249975181,46.24167250187054,30.504498959794713,14.123372599616332,0.7354282495696616,0.16838558383099161,67.35790566048526,1.0880075286853945,2.5264560451607804e-06,1.0577817900256573e-06,9.188955237008657e-07,2.3884472856159675,2.7494486369739186
6.287366033003505,31.90315289578072,16.857823735491422,97.29230473399883,-0.20288103017809456,0.04276857788095135,0.8205380426656608,62.39717010500988,34.372047460581065,14.998695019813836,0.7326266283361347,0.0,66.11739151184312,0.7831579278795103,2.7389080767148977e-06,1.375572687853005e-07,1.2177987701804275e-07,19.911038514364424,22.490645776470153
16.81254448013183,51.89871467986126,28.85004253300152,87.19412117577636,-0.2127557573305068,0.049735790758887115,0.8451936819889805,121.8870474407112,53.096139670346794,16.854479080800093,0.7329434777519517,0.0,62.292174982682845,1.2410653046054634,3.7033978596330033e-06,1.6199410054924527e-05,1.5098020124841193e-05,0.228613131408893,0.24529029826498241
18.015,59.14484204466625,30.998816994530216,60.0,-0.20263159327038596,-0.009798443690835516,0.8357428286339872,133.17282941450455,56.429386585150226,19.314764443977424,0.7360695693561523,0.3205491944589088,66.93963377104446,1.1653198454141163,4.607141145408037e-06,5.404798510471465e-05,5.01479149368553e-05,0.08524168174783915,0.09187104092381919
18.015,54.73541231612903,45.33418995753253,88.75802786029766,-0.07251495846951672,0.1080660530794748,0.8100313110858682,116.15659544419216,50.958375122003474,17.909290210864,0.7323935277119568,0.0,71.68390424173822,0.9009793321420095,4.858509802373072e-06,9.7103252430593e-05,8.99575503900095e-05,0.05003447032678761,0.05400891622002914
18.015,57.224521353883205,70.0,136.7438071336324,-0.1544063207786877,0.05489495398838705,0.7749073780611903,70.46821815028137,40.95614810233221,16.491175800670987,0.7348688970925328,0.19907247124853217,69.2927806302903,0.775887133885097,3.621015125546319e-06,7.172699266902171e-07,6.622858157656734e-07,5.048329772105732,5.467450818586591
18.015,60.28400154274857,54.55207786161803,60.0,-0.11162021240465339,0.032999695382553644,0.8520998696527966,112.09254667361478,49.561105233418324,17.173999061033257,0.7281175853554013,0.0,65.67564175613525,1.0719301866053295,3.882554142898924e-06,9.179408813311755e-06,8.397968028359304e-06,0.42296341974316887,0.4623206625445383
18.015,54.98986170064152,5.44354307213754,104.97195235743713,-0.20628475877365499,0.07809538161938455,0.8032908610329474,132.95478899160042,58.08067415665756,18.957487307339978,0.7384889982585743,1.0660608466198338,70.27847592590672,1.4722383143511004,5.277539448088444e-06,0.00010690145180448368,0.00010028536380055226,0.049368267306048805,0.052625221149762445
18.015,54.77171568325618,70.0,140.0,-0.14437989369490034,0.010302008558642864,0.8008007319723168,66.18403194392978,39.86839332320571,16.499500177896934,0.7363556464267712,0.23306306787459138,42.36620121244892,1.3076749381511732,1.3174977595732165e-06,1.7598744038039066e-05,1.6318144766031975e-05,0.07486316959468764,0.0807382075881404
18.015,57.17002667240335,15.63877227187406,60.0,-0.05469178454494299,-0.01780104018711958,0.7990466303540563,134.0833286937113,58.99064376348537,19.327881347497915,0.736548705701031,1.124736844130064,65.07286538777845,1.2221272657896554,4.523857658287341e-06,1.659362079397331e-05,1.5187348808721031e-05,0.2726263131148794,0.297870136207684
17.442228288408497,53.09518723539117,10.668553615091291,60.0,-0.19292785432000814,0.0467374873744241,0.8045001879739204,129.88426533373388,54.90926067050204,19.303412591777608,0.736619946300712,0.49034499112458163,63.890196525634146,1.2146273878440157,4.046049107376552e-06,1.115772278165605e-06,1.0388811916259976e-06,3.626231970943474,3.894621579435765
17.163113298991494,52.564652791073364,38.22486071425586,68.95047867732885,-0.13804269208879577,0.06254188409651237,0.8714868633022008,118.1707595363624,50.654208996566155,16.730502258686997,0.7290086603883671,0.0,60.26874617108131,0.8374912863332387,3.305670838521762e-06,1.1698373792897714e-06,1.0828150691081777e-06,2.825752448198135,3.0528489423816025
18.015,62.21794012897718,25.037631747596848,97.11760342622529,-0.023312297552505398,0.005162939594286875,0.8377358066121933,139.29109365651274,62.26665647358957,20.23439400672161,0.7362620543673648,1.30348175776375,62.453748052075355,0.5946163645696143,4.393861859495411e-06,1.4661132245020613e-06,1.3225965823002892e-06,2.996945792496829,3.322148203236326
18.015,57.50508405844334,67.21650126047899,62.03977284544868,0.05836481492506747,0.03394635427134072,0.8479297456036748,79.56856073620332,43.38592536054594,15.321971832812196,0.7359453642866866,0.26961364144147676,57.75103978665694,1.2303879343661257,2.579476565165961e-06,5.470581585557771e-05,4.9779805256768234e-05,0.04715177947397273,0.05181773114339869
14.769542048291608,48.016980692732325,70.0,110.63295136904478,-0.05542000243594397,0.0025056462552695766,0.8095835826305088,57.26480043279619,36.78822507802013,15.667766334211096,0.7333269107840277,0.0,79.071782643742,0.4826747654498481,4.407551590998928e-06,6.60236117123298e-05,6.0781960287526885e-05,0.06675720210828492,0.07251414021774163
18.015,54.696013910717944,70.0,100.26154604414285,-0.3325326132332143,0.06257232777972822,0.7747139588357748,69.03745259617895,40.04110680520098,15.920832272841922,0.7334049862731685,0.13261779480995056,66.31151870764975,0.7196431992560182,3.2130168921750604e-06,3.0156346550436256e-06,2.846276678953539e-06,1.065452967520888,1.1288491087086998
13.936956680963041,46.4359970612849,0.0,95.57882158543379,-0.1045056326485026,-0.025848584692747416,0.8215502034104434,118.90015452737761,50.83465462163586,16.860333908840296,0.7292158162584177,0.0,59.93729930380569,1.4986893343849,3.259373084875267e-06,9.432995787887062e-05,8.653404252876944e-05,0.03455289452223267,0.03766579012868425
18.015,59.42436383828701,0.0,60.0,-0.07341979100765536,0.0007899953098097801,0.8322746577069186,138.35809386819253,61.63888135730359,20.33614880190434,0.7345735205873172,0.8632787927772978,71.08119602868041,1.0979709664413717,5.758453883431916e-06,3.1965070748848194e-06,2.9149913079470184e-06,1.8014832279510635,1.9754617681819102
18.015,57.56317416180372,61.09968507017534,91.65412971466179,-0.14286470607532722,0.08105880585351047,0.8350684726598786,94.52595330717729,43.907892487471464,17.04920118901429,0.7358043385903728,0.1173702030310784,68.17341180093949,0.8780245733573767,3.740692926924366e-06,5.070070687033763e-07,4.673016750489173e-07,7.377989692512262,8.004878061977392
18.015,55.23332004582044,10.512595518888908,60.0,-0.06960218426144782,0.058637187695869945,0.807698239866149,132.63750660313093,58.02806939907065,19.0541790101046,0.738323506972194,1.0861734348363694,56.56445007705148,1.1132043278254773,3.3095556958510495e-06,3.070484333066443e-06,2.823039617630057e-06,1.0778611244519363,1.1723376729050028
18.015,72.7299266403033,70.0,60.0,-0.1197135469394039,0.011012459145933498,0.8229805142459479,92.3372954279065,47.99313197410766,15.220598798586439,0.7337984474295691,0.0,43.220079419278704,1.0100413156630057,1.6512587146790919e-06,3.82217684531057e-06,3.424963297759044e-06,0.4320204902881513,0.48212449919084144
18.015,56.86236975023922,70.0,92.85665074865763,-0.04155772394545945,-0.032121986254839655,0.8195168219537047,73.19590049937673,40.63246037415948,16.707582755770993,0.7399923443834896,0.6000200117398929,64.637292433015,1.3006948822836075,3.0688969968432167e-06,9.371062871755801e-07,8.562693961791419e-07,3.2748654435910485,3.584032093798161
6.72458307787723,32.73331231151439,64.07935576300792,119.848833949792,-0.056872931869056405,0.08353132922669726,0.8222298511502769,29.543563903572775,29.68966938788631,13.222483805654063,0.7344772461706606,0.07943352208060558,69.7628872363056,1.0305146651719295,2.660201085443261e-06,7.331786541143941e-07,6.37870053561439e-07,3.6283122408364656,4.17044360460329
9.471271538080812,37.951284908083146,69.15977853550773,140.0,-0.22483031656294045,0.09345658847897792,0.8270800053938054,35.139204640247485,31.730576636200976,13.861064392634356,0.73526563832345,0.23098618169284602,25.097063025098887,1.0031663562279707,5.701067218086857e-07,7.907143802496634e-06,7.187777624106115e-06,0.07210020913350253,0.07931613241576672
14.618250066613312,47.72954818642299,70.0,60.0,-0.29210784934760314,0.015874706772151474,0.8394755369737775,56.412830208942005,33.91662479033127,12.914437279357353,0.7368584007297456,0.3457458145877841,71.32538022910072,1.043302409263809,3.1943187986267598e-06,8.774481609372257e-06,8.194824495383921e-06,0.36404644067118713,0.38979709698799453
18.015,57.953500561361075,40.28168585531634,84.27091280145088,-0.11901770765731347,0.016222601629704327,0.8331222209628507,126.98038030856407,54.34427264300232,17.692263046175057,0.732657234967412,0.0,60.97086060417818,0.772457043316437,3.6367944328012718e-06,1.7370273794415896e-06,1.5968405661965484e-06,2.0936886060888744,2.277493764742969
14.84808864861045,48.16634059658492,62.416138514758615,87.12324738215062,-0.15299441747299547,-0.011129518717282101,0.8663988750545638,72.4139931304131,39.87212566263239,14.175351945483756,0.7420857513390177,0.6748961521424974,66.20621364351481,1.0905889580476331,3.178813004518567e-06,8.582267637794825e-06,7.907902274733966e-06,0.37039313368877275,0.40197929793277665
2.70169587963031,25.09127926767335,0.0,120.10590606775087,-0.15339641657023736,0.02935062018817561,0.7950272481142712,36.77479058192714,29.391187706966974,12.620382692617182,0.7321219407226256,0.26680513258985405,65.05087218231198,1.2033468328153274,2.2525796400533822e-06,9.359799678003066e-06,7.822509201614607e-06,0.2406653686560496,0.28796126434577257
18.015,58.55407278797716,31.651955866364005,84.28382495324597,-0.2596718915588719,0.040085506898351234,0.8750265046625769,131.99784278417897,56.45523192832245,19.39867156777839,0.7359416592505013,0.11287384395407031,54.38471185449633,0.7803589498519944,2.9865254730258693e-06,2.2898278884876903e-05,2.1357749034645072e-05,0.13042576204267958,0.1398333442434094
17.484436937972188,53.1748092374586,70.0,60.0,-0.053618481111415955,0.02839511089092665,0.8535052262682508,67.4534032860576,39.599170568078485,15.555806556670731,0.737500874786201,0.4207713007816323,69.50842038170295,0.8902591725666177,3.5224982712009297e-06,7.494720604647881e-07,6.88659995957699e-07,4.6999727635162785,5.1150034732339815
18.015,57.17481697816864,53.372157447319765,60.0,-0.218922703430244,0.06589055527838851,0.8806328710894302,106.37656213299623,47.48591128749723,16.759227060921514,0.72843291449666,0.0,51.23960095152887,1.1899296851565884,2.221685514898051e-06,8.546796026971464e-07,7.945925506354607e-07,2.5994366870193106,2.796005969501349
11.685741309627861,42.159404737419166,0.0,60.0,-0.22112836000303715,-0.016770976232476916,0.7891796624405777,104.53461397756381,44.020498544025784,16.492904937725722,0.7305959751533686,0.0,74.93093805920341,0.9069037358358255,4.643729089916274e-06,1.3533964749313029e-05,1.2458379409431364e-05,0.3431166827999892,0.37273941796963034
18.015,59.40134410417874,48.94041484483407,133.4380689150137,-0.18383489492670219,0.06523197459252461,0.8834970843277542,120.19575368855402,51.554215759738966,18.584457828485675,0.7418967393452103,0.6540325322133722,67.44751464492147,1.1862930922249166,4.27960238684649e-06,6.95979995955553e-06,6.424369067922699e-06,0.6149030736107243,0.6661513903699631
18.015,54.66713544254982,34.311526762354944,60.0,-0.11137244742532737,0.021217156223470913,0.8842881587276801,125.19038525751705,53.29580667083282,17.116147072937512,0.7320724608955431,0.0,73.94382794202146,1.291849539581571,5.442239266866181e-06,4.2946919940338365e-06,3.969679502719372e-06,1.2672012974216804,1.3709518018112175
11.49761545040822,41.801206023130234,50.739291197058144,124.56976739766088,-0.20940641810003507,0.10224613172945857,0.8564654356988216,71.51363469492794,38.020882174487774,15.652120669363281,0.7366843524634484,0.10650105158626093,65.2198860620354,1.145516627767572,2.931798017071919e-06,7.3744038032696e-06,6.754338555822511e-06,0.39756407369122415,0.43406145440319854
15.301333335499484,49.027451233961735,52.49552440081357,140.0,-0.0815718616284295,-0.022107217983420763,0.8302476702761952,93.18527130709832,43.71077326949553,16.30370328978563,0.7302944970797729,0.0,43.56796633619451,1.0205247147126366,1.5243004903884212e-06,0.0002139067404469225,0.0001997615271906534,0.00712600494591077,0.007630600906117529
17.37126694282554,52.96013592811323,31.321790017218365,98.9359304464206,-0.2792252597251618,-0.018402866271205597,0.856526380780443,123.72110789727006,53.196022824350194,16.849260105763513,0.7342561181835875,0.0,64.87551584791295,0.858489887872768,4.064139570484771e-06,9.164390207267848e-08,8.606716033494708e-08,44.34708124127771,47.220560718726894
8.421621923206757,35.9574346901625,54.29433069654797,111.4060587632067,-0.0006551368541989344,-0.016936976688844658,0.7792795621433314,49.14862277900099,32.64978229297487,13.225058259851636,0.7330022180527772,0.11588565350755418,60.92194359340454,0.9229351356238075,2.1778698833914373e-06,2.102146204588129e-06,1.8450638076695607e-06,1.0360220800237558,1.1803764587102454
18.015,58.50123191579756,29.143754091196563,119.21891383487981,-0.21425352802506847,0.0180161258389124,0.8047589595422665,134.1093554821481,56.13080517785903,20.028607144029472,0.7394436236318839,1.2267779808360635,81.19841483954916,1.159959840690452,7.13324941247537e-06,1.3904705093277343e-06,1.2887732171149176e-06,5.130097592594149,5.534914380393515
18.015,54.55959511099525,70.0,83.1511603947137,-0.03396339309773076,-0.0009872291573437965,0.8004013462420414,71.30785704165083,38.79172053827335,16.8607413004293,0.7377311334934173,0.9089957588005697,67.47527620674636,0.807454792898975,3.232015939670573e-06,7.473030509550947e-06,6.866325284386377e-06,0.43249066567303285,0.4707053344850977
13.192869501667746,45.02229277648667,3.7894255621453894,110.38412027282425,-0.1345471032234241,0.03606808203293245,0.8012817589742894,112.88115809251988,46.93709804009316,16.857082335780184,0.728947497542495,0.0,50.78901104408331,0.5281237323152073,2.1827896081988025e-06,3.546341468125454e-06,3.2427280007941254e-06,0.6155046342315689,0.6731337342090518
18.015,62.11277234368438,70.0,79.37761628172774,-0.11420204262339242,-0.03589537987559289,0.8496722361781887,79.33078415174336,43.98549924810732,15.296580975459756,0.7448643762480075,1.2998697225791327,65.04958489541119,0.5468647247997103,3.3901018643794084e-06,5.380808911004663e-07,4.902767181236659e-07,6.300357289117028,6.914670305687042
8.090135374445174,35.32782502330078,41.01276284270729,88.26292419745998,-0.06984605232671423,0.04931294584311612,0.78130658394269,61.26775184289773,34.43691093552338,14.865893155923583,0.733631693387213,0.10668272678622367,50.01027483427859,1.0434573192339334,1.5410317154344403e-06,1.5915700144951146e-05,1.409637811320269e-05,0.09682462608616647,0.10932111093069415
18.015,56.79180125470873,20.13422936567898,60.0,-0.1447616065994821,0.01728703410327914,0.8323468425367806,133.06335540308248,57.547602020923485,19.26633254102386,0.7382338629853037,0.8705475960063705,49.461764894209864,0.8818034050145451,2.528765661361136e-06,8.730290183519394e-05,8.096380579625985e-05,0.028965425068399372,0.031233285497035676
2.1192257295156827,23.984958466203008,0.0,75.23704151348153,-0.045192649414780475,0.08703778508971147,0.8280253680620748,33.70019245635421,28.25587531425025,12.572875493513132,0.7333364773822825,0.19012026260344586,56.069794477406425,1.1408931507717333,1.5823930273805212e-06,1.1150065586255652e-06,8.969186986066919e-07,1.4191782237864943,1.764254697598201
11.695099130981973,42.17658290034355,36.41041460646754,60.0,0.012312821352734885,0.04198238749294082,0.837355527462274,91.1290180780517,41.198526962601015,15.39177532054491,0.733134737616783,0.0,64.4042274145507,1.4021728048790405,3.0850690780267025e-06,6.50768061641896e-05,5.838021258372677e-05,0.047406584002340775,0.05284443035561422
2.849070074395865,25.371282454646163,0.0,140.0,-0.08263175455951514,0.024911642327683437,0.8231085114216309,39.85041718725868,29.5685157985168,12.588555661495956,0.7337933509009694,0.2997419763569547,68.83262799008916,0.6467385668379897,2.5783037362792773e-06,1.2794576447677385e-06,1.056564691249354e-06,2.0151536448456016,2.4402705841234535
18.015,59.53424847415292,70.0,119.21971445170925,-0.07294071368137794,-0.012911666505321873,0.8370602857155082,76.37540996441017,43.18751639351459,16.474391022528856,0.7351161801457565,0.16820109995746454,65.57410089061361,1.1671109769286048,3.3694342843279133e-06,5.955929677538761e-06,5.430915774922232e-06,0.5657276809420464,0.6204173336450172
18.015,61.301463094824705,25.589137337892055,60.0,-0.018119902476811126,0.05303014824386476,0.8451924403458093,136.54973728597477,61.51347591614942,20.10026687651593,0.7366960895804348,0.8668036470202465,72.21238846564299,1.0277429576194062,5.958767748174035e-06,8.404244668815415e-05,7.61049381011445e-05,0.07090188331004323,0.07829672944815685
18.015,55.003501654772826,68.84082359308798,140.0,0.008828372591313069,0.08313630230637023,0.8512323039487899,70.99265728450752,40.82446931785121,16.62220277781821,0.7381509826061505,0.21595357732213552,57.97388325787199,0.9405582187296013,2.4540341254650386e-06,2.201016174629999e-05,2.0152407218220203e-05,0.1114955062007926,0.12177374637637811
18.015,63.418982826241376,70.0,63.749790016316716,-0.12905846144157024,0.0023795902075950176,0.8476007596159707,80.39740864816501,44.056310839128656,15.966129801600879,0.7358304304885077,0.502965354662358,48.64194290651479,0.8916647751636705,1.8759817994531991e-06,0.00016236115907113693,0.00014824442347240809,0.01155437550572829,0.012654653412999142
18.015,59.78347844652035,70.0,140.0,-0.1619722568868032,0.03135378499675786,0.8461556447540886,73.831513003939,40.936173411729435,17.093866064961738,0.7384199265123897,0.2993185249635409,55.99854479165349,0.7367036944610519,2.2979942088358835e-06,4.056043651010678e-05,3.734040730927e-05,0.05665605221638266,0.061541755284104556
18.015,57.6579394966195,63.68760240820352,60.0,-0.0836763635402461,-0.05468458186317832,0.8496685755752998,88.46991420248663,44.38498279737013,15.25523431428911,0.732885829551924,0.0,61.35760457433644,0.9296974591299485,3.0055768646126666e-06,7.646675973167889e-06,7.007579294900285e-06,0.39305665300310966,0.4289037252564453
6.827578817833824,32.929711733501065,0.0,60.0,-0.08972262156620692,-0.012561788657795586,0.8079157011280755,68.50457845125595,36.10318712029521,15.083216154376283,0.7303242222045572,0.0,70.37644212366514,0.8824728890184923,3.302438543301707e-06,5.626024897443451e-07,4.924017325974535e-07,5.869932329667407,6.706797163123519
18.015,69.1144072538411,41.992974902342326,60.0,-0.13981825733180184,0.06963230959288454,0.8639796796865516,138.640026373829,60.18669520675102,19.994916215448562,0.7369930604059298,0.7227076945534153,66.92384114418876,0.9179729830205133,4.920169819397748e-06,1.9995475821902825e-05,1.806280075765557e-05,0.24606415287243366,0.2723924094281131
7.47148250519695,34.153052327903715,0.0,140.0,-0.1459855966803847,-0.0070546689632715875,0.8116438385408508,72.32308859993475,35.987928411387465,14.8269283844293,0.7300501154540832,0.0,62.645008422851305,0.6620823585164377,2.5542623919220694e-06,0.00023521427035462646,0.00021355533392929306,0.010859300280000334,0.011960658368607038
12.898849550023465,44.46329219660759,52.6604853583152,74.39986738197005,-0.10575399598197902,0.07316734916804112,0.7748786860498887,80.48705122887276,39.22986717268772,15.332775138337693,0.7351983188862303,0.2573470227560865,45.812155540119086,1.0113326879142928,1.494086178932003e-06,3.3300544300516417e-06,3.03246781740469e-06,0.4486671945806102,0.4926964666720529
10.443295253453789,39.79854911446488,22.95114894715153,60.0,-0.03726955309040089,0.025153692715325544,0.7874516551156643,92.14031810716996,41.03945070615913,16.254024059975436,0.7297155755294583,0.0,60.382508787747675,0.5516838989208483,2.6977766883199823e-06,1.4327144254762995e-05,1.2818563298066813e-05,0.18829828473480462,0.21045858460026
17.61623863590887,53.425489075762755,33.510557485463835,121.67267785417617,-0.09667237288305941,0.05151421281933585,0.8460870875076373,123.72713283379642,52.21142044118846,18.026166400024707,0.7357815613584124,0.09704665851643945,59.61616982330504,1.1602400279452727,3.3194222822005343e-06,1.950895615706903e-06,1.8004613400010106e-06,1.7014863611745565,1.8436509623687176
11.226842833484945,41.28669089729602,58.52933327074366,140.0,-0.07430763380093125,0.050696199298076436,0.8501536113059107,60.6557635784767,35.21356314100869,15.246264065965306,0.737205286460949,0.17212468686155186,75.27147937666254,0.6685670424224607,3.7591178415556066e-06,1.0168048176910492e-06,9.15943210999606e-07,3.696990588706863,4.104094878822377
18.015,54.842163365917926,15.151908786721226,121.0047319077086,-0.16617249915835833,0.034633990638371186,0.8147051969080762,132.54673677498494,57.097042407232195,19.331565561964982,0.7390825723278482,0.9964587809834045,55.71205439099567,0.9962089045939311,3.1614838394610422e-06,4.195667274014402e-06,3.898358990232923e-06,0.7535115711013337,0.8109781185832109
2.7540875841388903,25.190940823683885,0.0,140.0,-0.10607462762126964,0.027292817723706314,0.8163290291313219,38.39480783610162,29.510544586488145,12.599447328769175,0.733258748238286,0.28143095481300257,79.90174210604533,0.9003858401230753,3.6148009401888576e-06,2.3314261030348924e-06,1.926631751867063e-06,1.5504677310952961,1.876228260375041
14.042644058757093,46.6364493290467,37.138673469753414,60.0,-0.27521017181838714,0.04659226205684842,0.8541656779444635,102.26532401365402,45.09357138735518,16.067234961254876,0.7272242175811887,0.0,33.30012702009378,1.0434215925253905,1.0512376905269493e-06,1.8521052314132113e-06,1.7239424615515564e-06,0.5675906923090022,0.6097869934596485
18.015,59.63247712307263,21.847704353341275,140.0,-0.27161213385120164,0.022408285367473364,0.807595624061971,136.97334177526636,59.401480256369595,20.06315748322344,0.7358214588853421,1.0240154330558529,65.92141508955801,0.5317676860424503,4.713718201136974e-06,0.0003016752268202189,0.00028627354610622846,0.015625141814995896,0.01646578339232169
18.015,54.488012590089575,70.0,99.10072202315024,-0.2599908529257567,-0.003366643316812657,0.8527300929801597,68.51474494555637,38.55390757927132,15.919864409146882,0.7362503649740406,0.17469827522426545,55.49916274060756,0.9354266533466232,2.1198488559227415e-06,8.706091531546057e-08,8.166713275462065e-08,24.349030196174514,25.957184786835832
15.30027042784826,49.02527044560556,70.0,66.54938041828501,0.10001503080943812,0.10988556429242555,0.8317430275934413,60.96885134465258,38.051726011576974,15.03488176504338,0.735722751592967,0.23948709956447312,51.246571373503414,0.8140107118698597,1.7908224001461719e-06,2.0101409919805575e-05,1.8138859543728516e-05,0.08908939259935718,0.09872850031331469
6.92213607053203,33.109246729158095,0.8762527553167843,84.86796428144739,-0.16037089853346,0.057474695584400715,0.7968427480748891,68.53321351500742,35.95762730194017,15.031500687494134,0.7306323522539876,0.0,53.43951664992448,0.8991992667580373,1.8339978418062759e-06,1.6045305100605378e-06,1.4195541729874866e-06,1.143012133647169,1.2919534010784404
13.878896505223805,46.32529700277041,37.28673102729139,99.32386503687184,-0.234262017680136,0.12210391318612744,0.8270114841380379,101.94412518911761,44.86696289959643,16.791380116447243,0.727968560630967,0.0,58.93197416366871,1.2828288184478855,2.7810896855015067e-06,2.0257800639529288e-07,1.8772968764549848e-07,13.728487781021663,14.814330756002798
17.9383692898751,54.037101169848604,70.0,81.31895270233854,-0.08222838273877156,0.040552652718680304,0.8047180328620788,70.4034992418614,39.01761736482756,14.029765822679582,0.7365776125481072,0.7892231518387095,50.901784786546976,1.185108006678985,1.8024020863631339e-06,1.0658062587051079e-07,9.830302483524807e-08,16.91116065083861,18.33516404387238
18.015,55.63716364284616,36.616837859273424,60.0,-0.130671808031971,0.034555686101036376,0.863784490680935,125.80237339473668,53.52914122544991,18.122975682001588,0.7317733034991897,0.0,59.41872157189118,1.1770837955717368,3.3790221580789175e-06,4.732879566754891e-06,4.373274707922494e-06,0.7139463640305032,0.7726526193192441
18.015,58.53244549308378,48.56039100584149,140.0,0.04838336900045816,0.04923462082250377,0.8464910755549687,120.05356864568282,51.50836527366986,17.955305334552115,0.7418857580785323,0.7062481915081362,52.22245153443353,0.6908864268341827,2.519316947178709e-06,3.2078913279847887e-06,2.8961984300763007e-06,0.7853498418730273,0.8698702827182796
18.015,58.249368647040995,39.89733734898961,60.0,-0.08962556033950322,0.05210817449480935,0.8722396902667232,127.44288576008222,53.81706046937404,18.902298567543877,0.7325832006382741,0.0,74.23574832287368,0.8252181574286401,5.559605943623987e-06,8.159391836789389e-05,7.538626819651542e-05,0.06813750405461123,0.07374825782768975
13.231254965423762,45.09549846274459,0.0,109.33277493374686,-0.08758910854761465,0.05279569857934963,0.8894657109907832,113.29802438316138,48.17509809763693,16.87013188674533,0.7309067337191355,0.0,65.62480820689008,0.8517129716728051,3.7741999851978106e-06,7.902020704502635e-07,7.188418499433128e-07,4.776246641630844,5.250389895211916
1.9561979656066522,23.675359291806686,0.0,66.20769496178201,0.05344121761329902,-0.01616455614494262,0.8149581150387082,32.652657401511306,28.449518333087504,12.518798219020217,0.7325741799030399,0.18646086485344435,58.757769843491396,0.873320016484694,1.7598047791116958e-06,2.2658611463804857e-05,1.786834208906423e-05,0.07766604683269447,0.09848730063147437
18.015,57.08073614741974,20.125563739846143,60.0,-0.18035986895775302,0.09370403241172538,0.8287222866071451,133.58923394989824,58.20114497534317,19.243783276356304,0.7385162319707302,0.8782471269527137,48.64424002426032,1.2296729925884462,2.4646432247829597e-06,1.885517134882742e-06,1.7461579241738183e-06,1.3071444322547792,1.4114663918208243
18.015,57.26660840379103,54.10310245424693,93.53693349789967,-0.11809845516714837,0.09900964235913069,0.8698887399407744,107.13057762484992,48.67293451447305,17.538212491171603,0.7322134466070641,0.0,65.72966746399901,0.9540822852469004,3.823342291061751e-06,3.774910773936764e-05,3.477507572693257e-05,0.1012829844207014,0.10994490194885909
18.015,55.89465228366837,44.2258749325128,60.0,0.020567857363190903,0.012363118229707808,0.8453202254350044,118.75559551183737,52.346074349690376,16.753397156641363,0.7282301197597743,0.0,51.52294866841997,1.1804919516981356,2.4757455890934027e-06,1.9544211130942707e-06,1.7791135239201104e-06,1.2667411196626723,1.3915613342302793
2.1981290383101437,24.134839399835833,0.0,140.0,-0.061399113805247554,0.01144241134178817,0.7936415396579594,35.29969991804105,28.23149147441969,12.575347503330184,0.7316651618749581,0.2002215704069584,51.22105783695652,1.1323807301455016,1.3209642760055347e-06,7.020684734873238e-07,5.679426482209083e-07,1.8815319671655721,2.3258761780674186
15.690924427926259,49.76825862467253,0.0,60.0,-0.1355522297079089,0.06241020966725923,0.7823860548699991,125.31535374488136,53.51691257805755,17.946220157612316,0.7303808613568308,0.0,69.52019573347732,1.0632014017322748,4.756757952370784e-06,6.2865107350700085e-06,5.799878530466723e-06,0.7566610720689101,0.8201478578186711
18.015,68.03617662946426,64.67716879862456,60.0,-0.09130758998518912,0.02702649174806586,0.8472322124537688,101.52782044142798,49.60739633618263,15.68704025327514,0.7328417122048537,0.0,56.38320001832057,0.9811831434715229,2.815004786981825e-06,7.083529079511541e-07,6.370786852953254e-07,3.974014584233117,4.4186139827875355
13.43811128569397,45.487805487393715,44.554355090775914,123.4173662050041,-0.259395525456842,0.0407736542946512,0.8456600256855352,93.15280342363202,42.974923158465316,15.7265005529891,0.7275249733937246,0.0,61.08694408004328,0.9715537824332146,2.881722656942205e-06,1.6298696009151164e-05,1.5132459477393968e-05,0.1768069454957756,0.19043319833416003
18.015,54.602438975678574,45.14483808529364,102.82568616676141,-0.21700198276837807,0.024565797764586072,0.8211467660634053,115.65862956365052,48.92991747471046,17.848347680047926,0.7306034999767392,0.0,62.192908658893806,1.001492965677482,3.4080467104872964e-06,1.6868025804561515e-06,1.5746966109252917e-06,2.020418245723622,2.164256077546727
18.015,60.87903431238321,52.357461386887486,140.0,-0.08645188151475564,0.039484706709169946,0.8894748695155067,118.04577859958486,51.004568408832725,18.374578092167674,0.7400092839859984,0.5170146991637998,72.53972111248012,1.2625608616559898,4.985399758229488e-06,6.96348925151712e-06,6.342340602124771e-06,0.715934149987139,0.7860504616480721
18.015,58.18963346861225,20.02209501945975,140.0,-0.12155097726703769,0.043299346908826,0.8866405580804744,135.6580732860662,58.89281979811245,19.78620503758472,0.7387643166687877,1.2394228151026938,63.479903216653476,0.78975563237712,4.294960223466588e-06,2.7591813240376114e-06,2.53462493646983e-06,1.556606731877126,1.6945150983358168
17.966766901905725,54.09138244942336,39.12065027622224,107.3869650822433,-0.036589991945460656,0.0561764842825006,0.7633582409227578,121.98944606419602,52.65239170345731,17.19686651651036,0.7320022503570457,0.03512782091217209,68.43361213141065,0.8829657692960599,4.523681456977706e-06,5.915985646646359e-07,5.434882524373576e-07,7.6465389322607304,8.323420859035227
18.015,58.83426491089748,56.29962003026814,60.0,-0.06817572594168875,0.14325932833053115,0.8065068002413962,106.50757025048793,47.70222048176255,17.2028126461841,0.7282515507621058,0.0,67.2191985387129,1.07897310471763,3.933059264568757e-06,1.4944818630018658e-06,1.363532538804029e-06,2.631720974297195,2.8844630785404592
18.015,59.40534319360395,61.248829169533636,60.0,-0.1377112317544075,-0.004537765918807573,0.8393795591797232,97.08389234525981,45.97322083061034,16.570651027590625,0.7305223456326467,0.0,67.40772081076294,0.8523318300782948,3.820512976458047e-06,9.963175820320256e-07,9.146340396295016e-07,3.834633700497359,4.177094674943056
16.473615126388047,51.254621022409225,51.93284032026493,68.76121571266575,-0.029432491404922018,0.057487909695028226,0.8683629507392406,98.89496455038064,45.8625604822583,15.963206927968818,0.732818691326991,0.0,64.80685758552877,1.1295999078496586,3.4881159286253397e-06,8.128731370762666e-06,7.435147903290936e-06,0.4291095091629375,0.4691387412860253
18.015,56.825841521605064,14.723361383503157,71.14844519622164,-0.05203528777196459,0.018449885762558075,0.8518105461716298,133.59242379185815,59.00482794595899,19.999007303194755,0.7388348599804506,1.166880589934949,55.893376094992256,0.9002813238261648,3.2926094606497023e-06,2.372420742890511e-06,2.171492735986078e-06,1.3878691081743162,1.5162884987292042
13.765406715324056,46.109912510032935,16.851806522013455,68.48870769936902,-0.29711340263820735,0.059484688610108215,0.8227911463713735,111.82388589829627,47.17047275728606,16.831448801116586,0.7282701717288496,0.0,59.17543255823363,0.9799541601633781,2.9578546682693564e-06,1.382038937857992e-06,1.2884272906211614e-06,2.140210805387079,2.295709420159325
9.370873060622943,37.76133140908429,9.389007970140437,60.0,-0.09949867931485401,0.06041880409723626,0.7561468088527051,90.72969038943312,41.02273428734608,15.667105831692272,0.7272623581988642,0.0,58.47841798953938,0.9824025303298785,2.509517601978121e-06,4.160653107535867e-05,3.740694613891769e-05,0.06031547300669761,0.06708694135732327
18.015,59.84583820931539,70.0,60.0,-0.10935287626820167,0.012884031997231043,0.8353568283280055,76.53357664334503,42.84014781088663,16.716166122299445,0.735115611024612,0.23359271876909465,67.12307713463835,0.5765802829394676,3.535391027805081e-06,4.939457147798731e-06,4.517455236153515e-06,0.7157448525250649,0.7826067648686579
14.636151276293942,47.76318197279254,70.0,107.64700547847582,-0.0866897005618828,-0.0003466038018704214,0.8714236216850391,55.683456827835926,35.91712436921001,15.668831296674297,0.7348296223378183,0.0,56.54870325351115,1.3564528124754043,2.042214156536872e-06,3.827676869870369e-07,3.499317152259672e-07,5.335388085165181,5.836036196999519
6.027085859556625,31.40864188298157,15.445310593951227,140.0,-0.21423439222619062,0.09150734600961699,0.8415925798457191,58.83859737990866,34.33707398577159,14.125966223737484,0.7343633484615995,0.0,47.667998608980064,0.5059356486123603,1.4201546285140926e-06,4.853371692818698e-06,4.293520487783261e-06,0.29261196512425114,0.33076693882211256
18.015,55.71189817567644,6.308370387807468,60.0,-0.16359723878778076,-0.00435557369678777,0.806207289754966,133.5024326762956,58.43533582984552,19.410297816070862,0.7376247480480238,1.1272869846745464,61.67323451008795,1.2381169293766707,3.989587518450436e-06,2.6844314173376553e-05,2.4889531617936675e-05,0.14861946156207625,0.16029178771589794
18.015,67.33766977502295,70.0,60.0,-0.14332217522079393,-0.052945812381632165,0.8426385968813135,85.42579074252112,44.61175117122581,15.964710615207597,0.7351196571998706,0.2670481638961714,65.62519660333699,1.230368810858094,3.4849508914172894e-06,6.189268476136211e-06,5.609350100016258e-06,0.5630634548903666,0.6212753401516494
9.216148345482408,37.4666624891465,70.0,140.0,-0.19906288608366252,-0.01579094182809519,0.8006464071586034,32.602592157192845,30.78796289599777,13.860116452637925,0.7334548568957425,0.2345855669341547,64.40428267627881,0.8650056671638289,2.3150521039344727e-06,6.47266540013466e-06,5.866393808158825e-06,0.35766596306466103,0.3946295082874865
18.015,56.77590064111446,70.0,123.58472687625687,-0.2388014193115171,0.021151785485498176,0.8680582938864688,70.51395870240373,41.7449715704495,15.359886383974253,0.735436775858411,0.05116476576319383,63.5720888228487,0.6069085797281297,3.0595544058689126e-06,6.45624373135506e-06,6.018606478029243e-06,0.47389078435964843,0.5083493026230792
12.587534709031653,43.872236749535226,11.878849983245225,78.53135096795157,-0.023644619766184052,0.08891360828560901,0.8436852914723962,109.26063471828385,45.807952156281175,16.443339620081517,0.7310751969225283,0.0,58.193949695595876,0.7215949511951851,2.7824610530425224e-06,3.4671803573824665e-06,3.124764641128666e-06,0.8025140795222807,0.8904546014183956
14.988293082997432,48.432898478298064,35.879403926125235,137.5102090393756,-0.13903589978795056,0.06879012887763204,0.8301588535621947,110.62336428705639,47.94209303701007,17.17229098009052,0.7340335127570403,0.0,68.96201819392955,1.2153902248308275,4.180946475844922e-06,1.1767294548770343e-05,1.0842039546459922e-05,0.3553022709269925,0.38562361425900354
18.015,62.099327085975936,70.0,140.0,-0.04680940330055759,0.07004406658113232,0.8348559969936868,79.1129076666156,42.10757140150779,17.187453764541686,0.7372547806271563,0.23288540210579764,70.21142252323541,1.1629491732406247,3.824461132166678e-06,1.194621963147927e-07,1.0804362575291879e-07,32.013986433740996,35.39737865621712
9.469681313146198,37.94905998480601,0.0,140.0,-0.04789869177282789,0.042595662416417705,0.8488322931037315,92.02884426792541,41.20530341734055,15.712984753017203,0.7308801453882475,0.0,61.97700576624658,1.1855665054725217,2.844199347241311e-06,2.857212747619298e-07,2.5382624656010396e-07,9.954454212802913,11.20530042021414
18.015,59.28363140484818,66.31765922683175,140.0,-0.14853239228816845,0.0991615458851444,0.8484304465021975,83.41310036891517,42.20824068322638,16.993431502331493,0.7375498714836782,0.2092658542484844,84.56487136133259,0.7430919608962296,5.918012051412228e-06,1.0576535551738076e-06,9.72339638620678e-07,5.59541640309591,6.086363052942367
9.583758772378827,38.16570574240522,0.5319100644910151,140.0,-0.05226649556019998,-0.014802752576809002,0.8437108156815935,92.5045942663393,41.633974245523405,15.708566710713075,0.730771479987585,0.0,59.60989176855802,0.9093156801991165,2.6529469445875292e-06,5.3309652446984197e-05,4.766761030736244e-05,0.04976485163218524,0.05565512782120256
17.472786036188698,53.152859124219226,57.282592532813815,60.0,-0.18296465110782567,0.02964602714080393,0.859621597282759,93.19564889109142,43.819944564533806,15.303445985149983,0.7326645373322243,0.0,46.671319158840454,0.8059799287464581,1.7327265782983716e-06,6.813601340604978e-05,6.346477112220636e-05,0.02543040738195762,0.027302179581832443
10.679141773240703,40.24665196185057,7.380153951022319,140.0,-0.12420310139578522,0.005803267537271773,0.9005924525693934,96.12194735095255,43.26685335708704,16.19241424043379,0.7336509408485421,0.0,67.45010744792053,1.1571655285062215,3.592656045307097e-06,1.4183625629285563e-05,1.2819058444934434e-05,0.25329602875933077,0.2802589644738508
18.015,54.64153219638888,70.0,60.0,-0.011267673692950272,0.05054593302525146,0.8190580243919136,70.52031926375732,41.99692976009969,15.579388430337358,0.736308082576864,0.4057030331029819,47.087063199617624,1.0653922412672447,1.6790556597672729e-06,0.00017594169165599288,0.00016188698412329238,0.009543250630158876,0.01037177676056101
18.015,59.148013029145595,56.187715565233006,60.0,-0.29981845059794965,0.09329915997339754,0.7954093727566931,105.7204794631218,47.05702787829326,17.106640207450756,0.7276440299242078,0.0,53.49694136019888,0.821040711002333,2.407936672523209e-06,1.8068069937094609e-06,1.6882801189905217e-06,1.3327027628886916,1.4262660831207288
18.015,78.04259824262944,70.0,60.0,-0.1704059755329278,0.03287609767306671,0.7973995702510567,97.36705436400543,49.51184943164531,14.48453106850811,0.7311271038614683,0.0,65.64987295233955,1.273363903382946,3.86978693361295e-06,1.5902574197458265e-05,1.4240338118746595e-05,0.24334342890419994,0.2717482479238745
17.104861439942926,52.45435788721707,0.0,100.2709761973402,-0.1697237404268375,0.05890859633277598,0.8307555043490453,130.11658976612938,54.976954826131355,18.478782428577272,0.7375502049464572,0.48214042882435987,58.32995717363619,0.8009605462128049,3.352317045056298e-06,2.4965242668718064e-06,2.3180460041721803e-06,1.3427936950345836,1.4461822755124638
18.015,58.45179461471884,32.328627915527484,136.88762156037598,-0.2479629698609465,0.055448244153135005,0.8598118928214954,132.82956419213738,56.749997448461826,20.151965177873258,0.7395952317863896,0.8633152404384411,56.49625053765447,0.9206273254753945,3.235845481582807e-06,1.8012570438711456e-06,1.6756088753054405e-06,1.7964373783258254,1.9311460623488026
2.6671736601141784,25.026051944136494,0.0,60.0,-0.13267694421170104,0.05229889726909657,0.7766961582143511,35.85107116473045,29.441469110942187,12.610129073738742,0.7314737715476919,0.26605908754439467,72.77776251323945,0.989259896262532,2.903734638270489e-06,1.0030776209369485e-05,8.347919215456265e-06,0.28948254628173103,0.3478393313742414
10.286814875917175,39.502030248430806,0.0,60.0,-0.1392056864983611,0.08305943603939356,0.8284071059072377,93.86261462956995,42.33263129312115,16.183799269290493,0.7327464970975271,0.0,55.717817661338614,0.9064597998045212,2.347066597399491e-06,2.1582249941795924e-07,1.9487227647318013e-07,10.874985711541548,12.044127773724206
18.015,54.94487325342282,63.81224226009035,125.25291267897751,-0.146762340761746,0.04659654968759402,0.8846208397119585,84.41619430601523,42.079577919779126,16.134643685452826,0.7365963647085866,0.12683830085266334,35.126109167528355,1.3187857691289837,1.0416398806835483e-06,3.4277308305295455e-05,3.190772333294278e-05,0.03038861369761134,0.03264538399730069
6.8116779568087615,32.898900399466406,42.40145711175846,140.0,-0.08591212243754703,0.015499351722998154,0.7575438376757255,48.261375982618056,32.79808566706546,13.441561195516343,0.7349030577105445,0.3715125264882333,54.21635733332365,1.2078024727365249,1.7148031804473477e-06,3.727117500808034e-07,3.258399368187587e-07,4.600883068686675,5.262716403610062
18.015,55.79860018931122,6.857231770648973,95.89664104793478,-0.22195280308495152,0.02640068491924795,0.8480104081202762,133.65472119981362,58.26944489631965,19.218356992996824,0.739260670852529,1.1166111509468464,58.521719719409504,1.4607858575955228,3.553919082411455e-06,2.4408585748612887e-05,2.2758240575431936e-05,0.1456011880005551,0.15615965876764637
18.015,55.466677271896955,38.36621265017006,71.30038312323762,-0.1346226822685658,0.02760272505064074,0.8583906606379623,123.47902623769778,53.708052815942374,17.91225081520951,0.7319325300572971,0.0,65.24931385085557,1.1037246465860413,4.1468189510137606e-06,1.5989051922253884e-07,1.4785673519390105e-07,25.935364843253367,28.046195836635874
18.015,56.498614504535624,61.36762911478067,60.0,-0.08382698245811268,0.11066312273717671,0.7843072060418429,92.82568211531478,44.97592041523335,15.261183624468602,0.7308377854352018,0.0,56.59091061899342,1.248065008105769,2.5639602880311703e-06,5.423720134473303e-05,4.989998018589966e-05,0.047273093457285406,0.051381990102586726
18.015,55.76992899005807,31.093240078493608,78.14559459504909,-0.15794938504863407,0.07634737830207994,0.8420111866715108,128.23902652108848,54.67152387149614,18.892866021762302,0.734580386386277,0.0,57.902002601881634,1.0734278866347167,3.27326353248341e-06,3.2046288036422083e-06,2.9696932279971676e-06,1.021417372509164,1.1022227823481208
16.609767765917827,51.51303645701027,68.2703400330377,140.0,-0.07593424110932782,0.022704066979007335,0.7676271133255714,65.01916825082354,38.015347696024584,16.549982908396526,0.7334880179535754,0.12858497170599242,66.30210873972128,0.5424980403907087,3.0545638846686154e-06,1.8156212038011729e-06,1.6681599525356882e-06,1.6823794953890163,1.8310977193916702
12.909383162535539,44.483893131857045,0.0,60.0,-0.06955457358853925,0.030719245096393278,0.8065227415992259,112.03410891897214,46.72069135029069,16.866955509960466,0.7295855815684187,0.0,56.456309040499946,1.3206862063215872,2.648518162790067e-06,1.7911467003526038e-06,1.6242127714663582e-06,1.4786718264163856,1.6306472953041455
18.015,56.75071147697731,70.0,140.0,-0.10346723021277257,0.0765851095478006,0.8063347981020669,68.36091160077919,40.64064172653546,16.53332382294693,0.7375252620849064,0.28258515414535684,72.46887830093398,1.322516779646898,3.962317541572657e-06,3.139097228021204e-05,2.9161104505969763e-05,0.126224747236338,0.13587679920565096
12.989567541833393,44.63502762024704,70.0,87.87199654374356,-0.02492750061830172,0.020473896752574175,0.7796616677617517,52.33586564006461,33.54686738101832,13.873568460133349,0.7333100123475432,0.3133509988340017,58.180424862129215,0.5733609029381163,2.040677165831855e-06,9.659303723889734e-07,8.723229635110569e-07,2.112654518549592,2.339359676625077
16.450092747276923,51.21023895631366,28.032920615057293,60.0,-0.0271740725761766,0.021779373145765387,0.8022186398745289,122.30554793148873,52.640957268812606,17.636523556521993,0.7292543459373225,0.0,69.57936745175729,1.2302297882889202,4.682992210905339e-06,9.617626678798176e-07,8.791270576050394e-07,4.869176531075885,5.326866202552078
18.015,57.45055557235596,56.43696327844643,86.43710843589484,-0.17413806634662277,0.13381341721879897,0.8086077332809135,105.23559769747385,48.30326759122609,17.529258697509025,0.7350504456238295,0.06987208827319881,55.99267405884942,0.9992985045259917,2.701893432767253e-06,8.953058313950025e-07,8.279718448177958e-07,3.017844113175665,3.2632672833963743
18.015,60.308134927307144,26.673229955914817,60.0,-0.18605842691596813,0.0668652744817325,0.8543583470546067,136.18506072647946,60.36957648301428,19.97724723855565,0.7374814641704175,0.6782982058949053,45.13395785411133,1.1621411515099767,2.232439292444693e-06,1.3489942691578253e-05,1.245300697663294e-05,0.16548916059060806,0.17926909513771933
15.732878634515378,49.84807278898737,0.0,60.0,-0.053415731368277805,-0.009439032645392701,0.8491020154281996,125.5197548199127,53.77644377014975,17.97697484068763,0.7328189053610197,0.0,56.28009450899885,1.3096175865280009,3.029361880885718e-06,4.1360123762881845e-07,3.781528730948631e-07,7.324354003999338,8.01094503419461
7.070552164172767,33.39071412839322,61.34408098361136,60.0,0.06788368674930194,0.016987196085814168,0.7786908546646791,36.62984957037583,29.739400566881358,12.060474692130338,0.7323228967424591,0.20602062531710172,49.88609880084156,0.5568477844445849,1.3361837681121533e-06,3.7523886637921626e-07,3.2203596403109613e-07,3.5608885108447335,4.149175611898832
9.64595679324098,38.28318761956396,70.0,72.23267755137121,-0.12213490969252166,0.047309346202912696,0.8683864700187985,40.408339652207644,31.243997396550213,15.040629579255942,0.7346583556729682,0.14246312233853944,57.94954866575324,0.9288348741080161,1.8767514079276269e-06,4.165982804274976e-06,3.7404217650710913e-06,0.45049427616498433,0.5017486063879636
15.004965431721283,48.464373917429235,69.27810634757037,60.0,-0.021138917105533922,0.12506853483775987,0.7790864037954478,59.69516457032881,37.237461138077784,14.971493063075698,0.736032345626693,0.3764941965439336,43.73739274221751,1.2017564952832873,1.302247669901632e-06,6.455271129180287e-05,5.897629134817044e-05,0.02017340006084293,0.022080867415241942
12.710418366434423,44.10561236500956,24.887459710706576,60.0,-0.041038905191716366,0.04707517829884926,0.7995864317510248,105.0916313354296,44.44758142065347,16.251816144300548,0.7278611447075678,0.0,74.72052811324225,1.0179899255496623,4.655639541958381e-06,6.5840625970182594e-06,5.954840647024042e-06,0.7071074239280154,0.7818243707806114
0.7206000000000001,21.294925359100105,0.0,116.01105415744408,-0.2483712814524877,-0.003945240775572266,0.800060079623086,20.17898556792616,26.315634193494557,13.230892534926182,0.7308805447771215,0.07039340200189956,57.92339807973059,0.8378184654675275,1.5809078445087566e-06,6.344971929646328e-06,5.113107527494109e-06,0.24915915500305094,0.30918728698896464
17.18199451502116,52.60054880708566,27.911427698575274,140.0,-0.05730646313560621,-0.0007109875363421812,0.8580945209306134,125.05742893315342,53.004007496667384,18.550317383412015,0.7364747662945216,0.1834479465333121,65.37588632707538,0.5600909704927401,4.1293313440509395e-06,3.4025201202904236e-06,3.1276395464843042e-06,1.2136096769645197,1.3202708568807457
18.015,55.10547861188966,24.012017333654832,60.0,-0.01620254558731453,0.044187388745554834,0.813407688503117,129.4455053400838,56.09795907577979,18.623434892922656,0.7361110078141588,0.34866107828892273,83.3427864123624,0.42881101518056197,7.609714631739154e-06,4.525102887950097e-06,4.147109138164556e-06,1.6816666538131266,1.8349443861289583
1.409118372875195,22.635103449129517,46.22077270848542,140.0,-0.1342952117319254,0.1065606818942338,0.8018116893945395,17.610217171271827,25.983233148677396,13.228048441205626,0.7321505500347991,0.05430414647443247,67.53893860215808,1.1942865460928673,2.1632944844260775e-06,1.5609277141724533e-05,1.2935319387893309e-05,0.13859030528988825,0.16723935602632223
12.564339172712023,43.82783448606917,39.40059802504233,140.0,0.0684480756759571,0.0483474684477965,0.9064409510535102,95.00474787518762,41.57924504941969,15.934901381354432,0.7298091616210637,0.0,49.31317739624237,0.7977696331857321,1.819531125783121e-06,4.0772948066978674e-08,3.635882300563671e-08,44.62593979699812,50.04373011472453
18.015,56.30155429568962,0.0,75.63975859376728,-0.14043444622600373,0.09942661465154007,0.8057055597659901,133.80946052796403,58.75289258019686,19.922852436786403,0.7375390113166015,1.1703772553759129,64.47676203932306,0.8794615863826678,4.428073572049214e-06,5.41326069314596e-07,5.000333843561365e-07,8.180048630681785,8.855555870036524
3.226522568512127,26.088149213701225,22.3149714131103,81.39205843623041,-0.10132530659530756,0.0074226952142458875,0.7813422872832437,36.647000264990425,29.52603610034965,12.595524954912285,0.732036297108087,0.2895505316121712,56.3676040398737,1.2977014341263406,1.6687762228303468e-06,2.8723229056205456e-06,2.400691797337613e-06,0.5809848953837657,0.6951230577290403
18.015,64.57890204431816,61.865109310503826,81.20505554609854,-0.07943453074412213,-0.048392521280930745,0.8524302016302762,106.44943597467356,50.27105456194451,16.933107158792712,0.736681952518419,0.24339934191316964,43.13111645925297,0.5868297940541174,1.7426803593196263e-06,1.4229470527955725e-06,1.2856853495718094e-06,1.2246979646191996,1.3554485628229462
18.015,56.687351666657456,16.24318650591193,83.35347518937638,-0.06697100678643911,0.05668178566739626,0.8368812164327627,133.48278862467814,58.71728251698513,19.986727337940607,0.73910005226347,1.1437337483441976,61.500778021372696,0.8879822868190266,3.9974940141632325e-06,7.907386313591887e-06,7.2548616949903585e-06,0.505539233272567,0.5510089898644919
18.015,62.70733559743137,63.8447562076027,95.3518630221036,-0.13823367193852892,0.024922133179629356,0.8545601161211596,97.73484689846967,46.67247931379688,16.871620058407483,0.7361606396981811,0.15424756461391645,65.12722134844878,1.0459041224090786,3.590456747225872e-06,2.122917680281745e-06,1.9375005330168642e-06,1.6912840194299767,1.853138456501586
4.041567111640279,27.636114737192752,58.41741790858217,140.0,-0.22436298485030248,0.023368956536901502,0.7703968351836874,19.74462221259185,25.895227878943604,13.223588597092142,0.7300399554509255,0.14908374780908554,49.315862812130575,1.1276043941263052,1.1270118887732802e-06,4.241864297761952e-06,3.668969477037677e-06,0.2656878696868974,0.30717396146975545
4.036858150494488,27.627944069754406,0.0,140.0,0.013636772929011262,-0.0018628151974643644,0.8049530300419719,44.35107390905537,29.79620285615348,14.198689239523826,0.7351212055591968,0.26185823956951426,66.29141883519364,0.6620296904210552,2.390587430007278e-06,1.4404024354769274e-07,1.1954356229489312e-07,16.596663343017312,19.997625837099584
15.827067580100943,50.026926148521795,0.0,60.0,-0.19427126821880059,0.036028572803907366,0.8576308144996537,125.42940260202826,53.339045889609004,17.920341397768617,0.7328035824063264,0.0,70.95413573228335,0.770541669230247,4.97364158397473e-06,2.5745852208003857e-05,2.399773476782411e-05,0.1931822471360465,0.20725462765941274
14.271349815152993,47.071146076030175,13.125874578938525,60.0,-0.18555100552362885,0.027052385437726367,0.8212194517589388,119.23431506421966,50.19436619844554,16.848806284872207,0.7287675427621436,0.0,51.035900687880904,0.37237875564866074,2.3635256616281488e-06,3.717238380424647e-05,3.432569786259163e-05,0.06358283811107497,0.0688558662693333
18.015,56.456945921652355,56.69514163035508,119.66786051810665,-0.2648855749219644,0.1034848025722602,0.7806509522074492,100.35653228533852,46.19136211182366,16.597009708208606,0.7281684553258809,0.0,61.95555595944274,1.1243136457950356,3.1876389158952516e-06,5.724362118148634e-07,5.352332896178892e-07,5.568548687353473,5.955606606926399
12.590076179012039,43.876820887749126,39.3187787213754,64.97903758987917,-0.11763550240596368,0.03455832651429085,0.8193177898817738,94.64551526192545,41.29510922690157,15.32901344299128,0.7314454110772869,0.0,52.638976789736475,0.9509644824925139,2.0430416720809147e-06,2.8012461536566072e-06,2.552471449002846e-06,0.7293331467547148,0.8004170518260072
18.015,58.28320165661941,62.58814053832968,60.0,-0.15722410520693794,-0.012278523564363396,0.8386029107383816,92.45257466308446,45.64271092208426,15.221966675993507,0.7317830712612081,0.0,74.0119439107521,0.7516266333190281,4.684824144678954e-06,2.4956654210300336e-05,2.3163341336827288e-05,0.18771843794451384,0.20225165603507184
16.81120455002276,51.89615969043575,29.08361425902987,93.6895122067633,-0.17972970547218414,0.13729434224530981,0.8081485126603751,122.17833238203401,53.48439260712672,16.862408638075937,0.7329767065815942,0.0,62.99681174970078,0.4619371250314894,3.850485262879333e-06,4.416700834131111e-06,4.103345022563488e-06,0.87180123976788,0.9383771634377004
8.11696533095653,35.378887830518444,29.419833123453397,108.21931385175272,0.027768432761625342,0.030900346638083012,0.8328361524633586,74.33496648291974,37.47051218266868,14.91634115819431,0.7315228162318101,0.0,57.9767957773435,0.8327004054516821,2.255460198517464e-06,3.3287435859584678e-06,2.9012343569936518e-06,0.6775710235031618,0.7774139972803304
0.7206000000000001,19.694454304251938,0.0,137.8327602241856,-0.05252216025272369,0.05952501690715172,0.7804168782178661,17.39293479951579,24.79227127625447,12.563191678591167,0.7306866255913789,0.07027540068193935,71.83574970816062,1.4690588278114387,2.3675814282958135e-06,1.04258313199441e-07,8.035223160595077e-08,22.70880235484673,29.465036390109095
13.532167149957491,45.66673158083317,25.06626574062918,65.75580228389032,-0.1822893836825032,0.05915095271950104,0.8617894723525213,109.79637013667909,45.61250494224341,16.724581236811325,0.7281652170443448,0.0,56.32537391441431,1.1741321417740935,2.5773057914914216e-06,3.7800229933508704e-06,3.4794331357929513e-06,0.6818227815081944,0.7407257708098082
18.015,61.93539259464523,58.50136927923599,140.0,-0.2590665776577863,-0.021501023457140316,0.8764342321184097,108.2439526891074,47.70894557837017,18.30259667617366,0.7370480896441075,0.23214268492321288,67.65499337519114,1.0722972257262724,3.990568523922718e-06,6.028255053971536e-05,5.7750418156319976e-05,0.06619773861913242,0.06910025331974165
13.543196357687572,45.68784771564413,2.949768661492218,112.19043142323547,-0.265809239561396,0.06651140327928985,0.8117211553827736,113.12837551432189,48.62535396575446,16.8371731867344,0.7289658496132698,0.0,52.763245555775136,0.9032994493169118,2.4185221531817805e-06,5.89831182620675e-06,5.4765209670012624e-06,0.4100363331819896,0.44161652402219737
16.94843555641465,52.15730460765117,0.0,60.0,-0.2659610423260105,0.07904284614772493,0.7761203283887943,128.54645400766128,54.437842306432174,18.416849911569102,0.7343794306236255,0.2824995769557926,46.289495102402526,1.4414197432716902,2.096529128378206e-06,2.2886740931654994e-06,2.1436630153010475e-06,0.9160452921798338,0.9780124550424162
18.015,59.50718891963013,12.727751095995309,60.0,-0.11903527823163802,0.04690256684173109,0.822018709159976,137.72039367125424,61.50925932694539,20.30219797290338,0.735344884999553,0.9219113577868993,79.50587057673302,0.6406051683020717,7.457257898447677e-06,3.3787756869299155e-05,3.132152687010391e-05,0.2207088776947968,0.23808730428035285
18.015,55.68876121491968,70.0,60.0,-0.16368723283861344,0.10860312838634277,0.8443840849638704,69.89593900734906,41.81988045008895,15.496466670344907,0.7371335339556331,0.38706662785002915,70.36006246098279,0.7642645504196256,3.826580440789409e-06,9.620218737643659e-05,8.948607474383095e-05,0.03977643903060231,0.042761742000011115
18.015,64.69465868089038,57.11732470145873,60.0,-0.09176884601344115,-0.028410341353763677,0.9115316247948575,113.89302136452832,52.28149257995099,17.440943712896278,0.7286480671913353,0.0,71.89206227814113,1.4094627169492557,5.003091233488252e-06,8.307027949144618e-05,7.534389998744016e-05,0.060227210792079065,0.06640340139443629
12.305156592061513,43.3354790720674,43.07596316514894,84.23541664924277,-0.12975661785089107,0.025023227640468104,0.7743511459674252,90.04258145495103,41.618248069546176,15.314657200971544,0.7294177085176622,0.0,66.17578298842395,1.001499741783635,3.3168706099554214e-06,4.0004623485254045e-05,3.7437870047656514e-05,0.0829121816676525,0.08859666978204724
14.658530823220824,47.80592229157316,70.0,135.88501242987164,-0.1861532477216834,0.027355305922322604,0.8110021787048235,54.211485520792785,35.351268622623444,15.3923919422297,0.7356838777300798,0.1654580676203864,75.09107462612033,0.8005793816032352,3.749931206672441e-06,2.207254123857125e-07,2.039218873236974e-07,16.989123119722727,18.389056985923002
14.068413968719977,46.68567488925546,1.6436678668614775,101.176628087358,-0.2736903164312949,-0.02978885623287705,0.7887488801247724,118.48672264877989,50.334890871895304,17.532318568433624,0.7274366904762699,0.0,54.42819781198042,1.114644177395744,2.655268026452563e-06,1.401664997796798e-05,1.3057602355495954e-05,0.18943670781722,0.203350351325024
18.015,60.21916486779738,70.0,74.12671312487177,-0.2434012225934346,-0.01447379588129285,0.84495890410648,77.12662702163877,42.136654175700706,12.972475908955158,0.7399768300047013,1.0286967362554684,47.0007101363148,1.0416433580696005,1.6797323984857605e-06,5.195040441989357e-07,4.816484899046365e-07,3.233338445085394,3.4874653065316106
11.631797487254865,42.05619679761468,43.26715393882023,121.62341642235097,-0.0416000373113711,0.07585791203434449,0.798589938498404,83.35802628768887,40.35864792079521,15.873491653947085,0.7286870451227562,0.0,63.312192709758826,0.8916743081468038,2.9237702013364606e-06,2.775969202984765e-07,2.494775419639193e-07,10.532430252442202,11.719572745186461
18.015,61.258421478359885,38.10897893826365,60.0,-0.1983711049524639,0.09252862294024088,0.8352276635534246,132.17145580511192,56.76835685561592,18.866105974024308,0.7334096174013695,0.0,56.15958700584671,1.0117061512177643,3.1942219985234484e-06,1.1356054431730105e-05,1.0464799058751787e-05,0.2812792081727285,0.3052349099672485
10.979069679076849,40.81702488206576,0.0,60.0,-0.050199117080314465,-0.00426232903783646,0.7904551038465532,99.37371001206695,43.539874684655224,16.24476860684739,0.7314664365460967,0.0,63.91586189375679,1.1998240050740172,3.211440782481412e-06,2.5456896259332102e-05,2.289559521704311e-05,0.1261520944959717,0.14026456844812085
18.015,60.79557676691933,56.75643586480095,60.0,-0.0962470189893038,0.06972439757901508,0.8862374532964378,108.31990087446476,48.16896211828685,16.825482911239646,0.7291852075094016,0.0,57.06992194478443,0.8216620512707106,2.807290952096162e-06,8.647984127542339e-05,7.895928691989846e-05,0.03246179584390568,0.03555365127529665
18.015,54.542087975078715,17.26247091648281,80.14593341370716,-0.0348508550204807,0.008547002627177539,0.8332361855726007,130.54132974771434,55.77933008414249,19.079391348070185,0.7384493329632849,0.7145131737692608,60.43996419990708,1.24549187374524,3.6477385068958144e-06,6.9364859842326515e-06,6.374240379823108e-06,0.5258770096540958,0.572262464158442
18.015,54.62604134661483,23.91387300286023,60.0,-0.16246295541066838,0.04607679009919534,0.7581435574388278,128.75532045250037,54.86278557516432,18.533813722473596,0.7322877413094898,0.1413836524110151,36.91549344351809,0.680654294210123,1.4900542941899337e-06,5.3706969118402215e-06,4.9883735110832774e-06,0.27744151618479246,0.2987054379306799
12.931907957426615,44.52606194156239,50.2330045837523,133.08041272092422,-0.2213854187735713,0.04267706969280349,0.8321191628053655,78.71999634762565,38.587429989713115,15.644995153154092,0.7305142681339901,0.0,47.47497935934953,0.9959520513789589,1.5680486671155127e-06,7.880557141923326e-06,7.2672484597713965e-06,0.19897687928353952,0.2157692386321464
11.197157635039614,41.23012641369956,70.0,140.0,0.057735765363935196,0.09904847405280828,0.8130931346716959,39.39662091121394,32.61873076777157,13.87292325664461,0.7358245975329584,0.22533513549929873,49.61503233397596,1.1404746426715229,1.4356940472476445e-06,8.704087104308634e-07,7.717059692443446e-07,1.6494481615848693,1.8604158895563265
18.015,55.8496697878618,60.05118529038887,140.0,-0.13907390789054475,0.03366075185376972,0.8326913234081235,93.3541943112286,44.521407869697946,16.887347257556797,0.7348969945558713,0.049210616150114316,42.39146687700379,1.1890059135835511,1.4764722454965671e-06,2.386423189858364e-06,2.2063556027463862e-06,0.618696739023977,0.6691905165507824
3.9305292888705177,27.425402242341637,31.225911890372203,140.0,-0.16344034417504005,-0.054264134471732825,0.8058951868531782,37.462157106813784,28.8424496176807,13.430941589483432,0.733997394219287,0.34908043697658053,60.84352772294672,0.5445705535851791,1.92673219339455e-06,8.458143602093418e-06,7.2636263944199115e-06,0.22779610799202762,0.26525761221346833
18.015,54.257090139488675,28.588495404762067,60.0,0.029410231741070172,-0.02254781612888983,0.8532715829324289,126.91895791308191,55.22463589154614,18.649731311010584,0.7334978058332168,0.0,63.15071128333748,1.6084089771140673,3.95696575251384e-06,3.5914980603525904e-07,3.278645800934973e-07,11.017591228005202,12.068902811598099
18.015,59.10471835143436,41.13354547936707,140.0,-0.12786466626491216,0.0423961000726984,0.8888568825561264,127.53064226394834,54.943848240154736,18.770242673125423,0.7399269419966036,0.6297263623350529,59.37792121070542,1.025842524921654,3.4683902919921286e-06,1.556571543107028e-05,1.4301102343352457e-05,0.22282241425723187,0.2425260800685292
18.015,63.684824809192264,0.0,60.0,0.013164235823675971,-0.020382475452870905,0.8507132206375067,141.2810919270905,65.50531674558202,20.551109510526103,0.7330511671139717,0.7390804769753924,58.11109865687266,1.1310820426940358,3.948989417541505e-06,1.2445804646509206e-05,1.1162183953283286e-05,0.31729482582302265,0.35378286490072886
6.9057159240593355,33.07797900620584,12.302785665701297,60.0,-0.11860141758704142,-0.03622322769807828,0.7814604722097419,67.67353497469378,36.04062496040739,15.062106608234417,0.7293779333742854,0.0,71.87135082572847,1.06264577389707,3.4531594415710946e-06,1.7512284512967118e-07,1.5396918556434169e-07,19.718497829418965,22.42760087945042
3.8963699607409237,27.361221412281093,0.0,140.0,-0.12692659703409795,-0.03222627563876493,0.9013133130972834,42.33878000395404,29.466625755796017,14.14918655160098,0.7365964334680677,0.2989506179030044,44.43089081073901,0.7391746855918082,1.0699326201495234e-06,4.287719884156456e-06,3.6370784512167237e-06,0.24953416945519905,0.2941736436264099
7.407484747135114,34.031220633602075,4.029875040756298,140.0,-0.09464299796643785,0.03769234314437215,0.8599932809991688,72.59650222945568,36.09966387266158,15.078922310787908,0.7312751632775231,0.0,69.99628600936784,0.5039653104237868,3.271807109117632e-06,1.290702183842747e-05,1.1380874630867124e-05,0.25349047596531016,0.28748292334614256
12.84459846394899,44.36141637115227,0.0,60.0,-0.16613338166503056,0.004608958616087099,0.7857079093753935,110.3390996601033,46.40617144938254,16.849398105539354,0.7284504776968534,0.0,47.127049228459015,1.1824426164636608,1.8544420882256976e-06,1.7433287161445801e-06,1.5978067889299573e-06,1.0637363286981516,1.1606172292380905
18.015,59.49177079981763,52.50673995442037,60.0,-0.08219774080476652,0.03571786202040981,0.8844439106411396,114.40035297394793,50.4902956209615,17.185567305254107,0.7280765890890706,0.0,47.96544999870388,0.6815787093695714,2.1037155646250785e-06,2.619384983875552e-05,2.4095906690378277e-05,0.08031333987081551,0.08730593090589582
10.33486308874256,39.592774578656,0.0,123.98795945130695,-0.2968562234226871,-0.07194535349719067,0.835803205264956,92.02966473203593,42.5810101195207,16.053366859167944,0.7328522662633812,0.0,54.55328519767985,1.236211641807471,2.2534239335572793e-06,9.008827976476271e-07,8.297051458716155e-07,2.501350829920817,2.71593341896178
10.286494187368335,39.500775904177424,5.8935349418838925,93.82974470752684,-0.1881510281685725,0.03696476522786826,0.815814056791927,92.50289768054469,42.14934571868756,16.145019896837344,0.731978108294092,0.0,61.42651750456859,1.3470155435846478,2.8506545245414e-06,0.00020381740229762614,0.00018987454028321837,0.013986315655121082,0.015013358401233473
16.374700546076664,51.06676208014536,40.89052547766343,113.49637781404984,-0.015010496441368815,0.008727374237380719,0.84424362945372,113.93466286727619,49.372994746477865,17.203625429771932,0.7311010937640678,0.0,54.873200447401096,1.0123586730780452,2.650787139186123e-06,1.6764338795035152e-05,1.534812102670495e-05,0.15812058987803132,0.1727108572165862
18.015,61.17874448879497,64.57078833171028,140.0,-0.0772368591074205,-0.016255425850871703,0.8911832457514494,93.41082764477402,43.050587370182214,17.20632780312521,0.7376584057883915,0.24722415336794537,55.131089793811555,1.0318478414761525,2.3327157737290015e-06,0.00011337523599368335,0.0001033947051546665,0.02057517899110673,0.02256126916982382
17.323119087392588,52.86829102575492,70.0,83.66091575881963,0.0365490805596138,0.032340226193894955,0.8455273004057416,69.22292624981091,38.94957720798814,15.017737001851192,0.7388441227102096,0.8319134015480361,43.46037938989852,0.9090465232809881,1.35603052747119e-06,5.74111871319151e-06,5.237165720778415e-06,0.23619621805684057,0.25892450225341335
12.925521618434944,44.51393523179782,42.4206639659142,140.0,-0.21589417821690787,0.01000682335824216,0.8020848721737635,89.4839826381627,40.63303424948346,15.75969304195212,0.7279611219739245,0.0,57.87316630215485,0.7462306059450541,2.4393831403703204e-06,7.66861870031395e-07,7.06738611817875e-07,3.1809941733971634,3.451605868958726
8.32374345197164,35.77150830373196,42.69843283300213,140.0,-0.08606624210816301,0.07139797444565109,0.8565020903181289,63.891305033655826,34.38554365893448,14.170319785318146,0.7369852579676114,0.1627380626283787,61.14985459548248,1.3125023330431083,2.3039009811177606e-06,5.060492461767862e-07,4.481724460836728e-07,4.552720903200204,5.14065735466394
18.015,54.48936977423578,13.04179404071716,60.0,-0.2138271400699121,0.005886195833861188,0.802636378808895,131.25743071774014,56.54936934074857,18.94718028074956,0.7374552658122113,0.7736146848649323,53.75970475232748,1.5127585864319875,2.897290747263659e-06,6.283907916423768e-06,5.867258671587164e-06,0.4610651183622906,0.4938065473905392
16.84321437617855,51.956898168596574,39.7286610962525,67.93780601407138,-0.10329911943325806,-0.043542634714412776,0.8547304619192495,115.93939048846065,50.7434770717904,16.729979657361675,0.7276089178179332,0.0,52.118330992926964,0.7242933546560002,2.47092307466836e-06,1.2446849644539196e-05,1.1480631499662386e-05,0.19851794994184954,0.21522536236277795
18.015,65.06612015085351,70.0,83.40526097947338,-0.1332917531178237,0.054702572078995475,0.7885604602958969,82.62017497639584,43.59141027221678,14.614636802355564,0.7418267458586153,1.070408167669772,54.0090532340844,0.7213866413900563,2.2764554391337215e-06,7.851251400579006e-06,7.1323598513976225e-06,0.28994810164476964,0.3191728245017865
18.015,56.46130157944284,2.8871737100238093,119.67785992167836,0.002501842060154205,-0.0027728084240700077,0.8304128619284875,133.3054329239065,59.423078551960984,20.045181363300706,0.7372532500113429,1.2304307041485472,45.46692389787893,1.4668806904192082,2.2146407472260566e-06,1.1369928465045475e-05,1.037483701068306e-05,0.1947805348146664,0.21346270258950784
10.722680304907604,40.32921335226711,20.886333499887492,140.0,-0.06525156854139445,0.02913336970819319,0.8126020124835122,94.0117800746816,42.16199980556974,15.92401129554472,0.7302419200819393,0.0,59.94919500174258,1.1303355477821293,2.712896740129782e-06,3.5841875534898916e-06,3.216406679038036e-06,0.7569070255512322,0.8434557600599051
17.174092935723287,52.58530047800624,49.67886792308967,140.0,0.006874470790261364,-0.006668006904016924,0.7780534715414132,107.35182314726718,45.870492232022805,17.46257943819578,0.7312667904710483,0.0,61.29166764969182,0.44443744811562813,3.1159592204373292e-06,1.688227129966423e-05,1.5429892760911073e-05,0.18456990562041864,0.20194302505660086
18.015,54.6402417756239,3.749848952563397,60.0,-0.034241931314285254,-0.020514286991150155,0.790589034758188,132.14908012606196,58.576160422549705,19.077810722269593,0.7373464332522796,1.1373125189522435,60.42496128905861,1.4849632955669538,3.821219381708307e-06,3.375456183138316e-05,3.100586824664414e-05,0.11320601348039261,0.12324181188255837
18.015,59.39243530759032,41.42962186154457,81.45224345114349,-0.13153306316611052,-0.010025424138761185,0.8586912014116247,128.1308721492434,55.32036198131214,17.688497328958388,0.732266887514336,0.0,68.29572368839138,1.0895204970929808,4.7247016116134575e-06,0.0003258483692521773,0.0003167050412368427,0.014499693898903524,0.014918302510000675
12.6083661205882,43.911954293038946,0.0,77.14147000164738,-0.09921241573112216,0.03623809697283451,0.8263992752390213,110.14882916316256,45.548494566881345,16.397660400843105,0.7307073689923582,0.0,67.45556857303086,0.7636899367823706,3.7938740442871125e-06,6.879065373149979e-07,6.250269670531975e-07,5.515101018076046,6.069936569575576
18.015,61.272039910013405,67.41166984572577,102.25873725240056,-0.1380411753905049,0.07681401267238433,0.8784211390990009,86.96406867131593,44.11163673776323,17.04978085575719,0.7359528855319647,0.07172720592856133,56.978530570515275,0.6388674765211656,2.56859096804598e-06,0.00016565155977310298,0.00015203374288334464,0.015505987215358806,0.01689487425180907
16.8868069484187,52.039778434401065,39.07279836066042,60.0,0.006298744970987993,0.050949955910248354,0.7626108007794825,117.0464514149607,50.79032145857705,16.75026136629952,0.724852219206297,0.0,60.71534575666231,1.156285316366394,3.3562532745988642e-06,1.5407605370993978e-07,1.4052997025995759e-07,21.783094736559605,23.88282918149304
18.015,61.26371701180718,67.56778713843201,140.0,-0.06531025801930129,0.1296925726650048,0.7654448224061198,83.76604517078276,42.617735757200855,17.073690020835866,0.7346643581999933,0.21156012824871567,58.01029902598806,0.860572778197255,2.567507480356454e-06,1.08680692825762e-05,9.887117310271564e-06,0.23624320140033594,0.25968210953551774
18.015,60.6082889041256,58.285937590161,83.17108293167773,-0.039482792583248105,-0.023336982856938124,0.781782826526782,106.95899225212136,49.35309035067665,17.68238499370067,0.7336937766525415,0.16015308115918886,74.88506520542306,1.1361472506265806,5.192472977527226e-06,3.018099582647902e-06,2.736556271849883e-06,1.7204445497360485,1.8974479096010584
18.015,59.479840785467054,70.0,60.82475820208731,-0.05149108503909622,-0.008678731924195262,0.8271001185405797,77.3874425274653,42.79334486774244,16.746830676344118,0.7348837451277178,0.2724951107672898,82.25698782736605,0.4741498271142338,5.625940211844718e-06,1.613155603129637e-05,1.4708704139649888e-05,0.34875372226522927,0.3824905415480492
13.049251661883421,44.7489447551989,57.042067868266656,115.02459314018284,-0.06585135664507313,0.00617058122825947,0.7865913335235977,72.83816150310523,37.84438512978135,15.394389549324616,0.7319935516360504,0.0,70.7464065556747,0.9683146889932001,3.5008362434532883e-06,0.00011359646598526082,0.0001046281518959516,0.030818179184443316,0.033459792417386156
0.9987863486005674,21.855985035769006,9.521009138285255,126.8118300694073,-0.18374570989360361,-0.009703642641809881,0.7514416728842273,23.596639459172476,26.421990407305376,13.228144597448113,0.7283805048191041,0.09416616527948786,41.59521724894336,0.7816281492965373,8.578694886290724e-07,3.1400527937018786e-05,2.521015834038251e-05,0.027320225008628303,0.0340287227492303
16.37873679768305,51.07446990602652,44.89004680833411,60.0,-0.02603974529453708,0.10189991579506581,0.8336211795444141,109.0599871922864,47.69403662618593,16.831265071241525,0.7268043105202431,0.0,61.75237816073212,1.2268229019116763,3.2654867029614567e-06,0.00010781078681979466,0.00010272471851262977,0.03028905362150548,0.03178871405288857
18.015,60.910090016368805,53.89055795720199,125.99301969183685,-0.033171030817679775,0.07701435260463846,0.8115034928143985,116.5567612262725,50.44777461082119,18.31372357306099,0.7393291003980766,0.6262065079145775,47.07870375126346,1.0495476666063308,2.0168467129339203e-06,5.716318365673866e-05,5.187696894814912e-05,0.03528226708024099,0.0388774971596693
7.947728914674978,35.05735576334276,36.22319229074793,60.0,-0.01004411249225444,0.13196214542046572,0.8046838118801241,67.78899250293348,35.22808674656161,15.141123407336124,0.7324370630315977,0.0,53.6673231384039,0.6055871029523471,1.8201100707750795e-06,1.3494787989279667e-05,1.182580567168897e-05,0.13487504006887582,0.15391002704639659
0.7206000000000001,19.0959,4.214714720481794,133.743056891317,-0.11480649840859772,0.025909475311445503,0.8211647173735673,16.864889922274763,24.73305071140312,12.573247144426622,0.7321909846436512,0.054151735849543754,58.443035804996164,1.198677262549292,1.5078043199202146e-06,3.4606689457926983e-07,2.706833161888655e-07,4.356973589609965,5.570362965658974
2.958462372778131,25.578622580949755,45.07102476958911,135.7769617045925,-0.11411787646221094,0.029015587606466543,0.8492964869709674,23.035954031417123,26.01136072567494,13.228567423134384,0.7342472557435533,0.04780551787790707,59.82062164740963,0.6888888641683723,1.6738947189928898e-06,4.771697843770492e-06,3.96959614929132e-06,0.3507964615106925,0.4216788449101366
14.993736883595213,48.44250600402534,70.0,140.0,-0.21543924575170909,-0.05094327181750095,0.8400537711931892,53.57463869342724,34.05246836072319,15.175150961893678,0.7359582614166739,0.13097270830294214,63.35209060281161,0.9780992824975471,2.4683770584747873e-06,2.6440161024255406e-05,2.4605434510870195e-05,0.09335711141132509,0.1003183689921959
0.9132781939717669,21.693366699696163,29.280411358513696,111.18377184655314,-0.3070031120213323,0.01872862285071262,0.7780398036169831,19.09486032886613,25.230047977839938,12.600341953024659,0.731642154381398,0.013493254545796444,60.52236470923113,1.570636868561431,1.6504730066342469e-06,1.9687441511639118e-07,1.6201208201989944e-07,8.383379859990926,10.18734520325172
18.015,55.952676877279,70.0,133.94452855845947,-0.20249541678587435,0.03705680766771401,0.8518608837628996,67.8917947643513,38.91655623820337,16.450444641038146,0.7349300542393825,0.008989239554488144,60.43957083142834,0.9416447769625211,2.552125412626023e-06,4.754630134795803e-06,4.4225745487577584e-06,0.5367663393938483,0.5770678107264197
12.23229261264726,43.19664738160954,70.0,137.62534048264436,-0.2333780397313049,0.05221195449467854,0.7873959711862092,42.718979427418596,32.43870204099791,13.848283440267926,0.7348318904128521,0.2332893560181045,58.826408099265436,0.8822289150278333,2.0112462412783425e-06,3.8732709801441546e-07,3.567926624833167e-07,5.192629825252991,5.637016824504866
18.015,61.67033444363187,53.941527682586624,140.0,-0.0695503295683479,0.03370047693261664,0.8067830875172654,116.68457912662271,49.96944099841926,18.382098616951275,0.7370958078412072,0.4240852128175054,45.75723567998528,0.9208317038200312,1.9025400516830026e-06,0.00020498842577006146,0.00018812364837356068,0.009281207192727603,0.010113242370810781
16.392434936466014,51.100257110060056,66.72178538240274,67.56498754543625,-0.11936003579646401,-0.022662788010944096,0.8504986514002769,71.83592522319793,39.83176534286443,14.913287658714856,0.736941814802949,0.4597966738251394,54.8895218162054,0.8576987669433046,2.144103972633151e-06,2.6173116341734646e-07,2.4133641478108183e-07,8.192008718557695,8.884295287878892
16.28885804200561,50.90371306936884,39.861728449301495,87.35356804493675,-0.26549356394047036,0.01367305515121918,0.7842585029775777,111.38010048666307,48.106449904809395,16.776486507809246,0.7274122693082217,0.0,68.58007016442363,0.9834701576868792,4.1498359150353674e-06,1.7713817009362468e-05,1.6574651317404687e-05,0.23427112930217195,0.25037244136036296
18.015,60.68434546046078,50.640731149888744,140.0,-0.14940189203379628,0.10257781683978984,0.8760336791931168,119.53804932304116,51.223855190279885,18.34928524551599,0.7407308354074043,0.5672110709086443,51.05922526363582,0.9235084105489941,2.3895872269992664e-06,1.7396582690830236e-05,1.599419833295583e-05,0.1373595762723458,0.14940337597762274
18.015,54.33057705994017,70.0,60.0,-0.05524634683078504,0.06366114042603169,0.8027425977960724,69.52754001982538,41.40416102020681,15.55621177701441,0.7359039002146361,0.4137565927801704,61.95194222314284,0.8511931194020864,2.864090883534179e-06,1.945130090188549e-06,1.7901254695704604e-06,1.4724418166070072,1.5999386256547794
18.015,60.629226959216936,50.610392637928086,60.0,-0.10738089358622901,0.009029782099789491,0.8065179365472238,118.66098987467966,51.64947625120524,17.43898249280053,0.7269759393902697,0.0,64.11414480623958,1.5699393044626135,3.825601074721983e-06,0.00018403026077990078,0.00017045606111897008,0.020787891396281732,0.022443326741264414
16.63666060866963,51.56464744760344,22.154231245136074,71.48951698715342,-0.1573247955709936,-0.002300036769355922,0.8583192850210928,124.61697378035038,53.76200586163131,17.93233300088198,0.7327767147911144,0.0,70.98094661875024,1.2029600698143534,5.003491939227706e-06,0.00011856478753183103,0.0001103618537027883,0.04220048838601782,0.045337150214080656
18.015,57.387620941240904,7.38385678764012,60.0,-0.046997263643642664,0.009132806498695002,0.938704797595567,134.62246305475924,59.87988089834627,20.257075293125325,0.7371452482998536,1.1509280518258935,58.82868252336684,1.071129136018259,3.705526718052688e-06,1.78314130148581e-05,1.632022998166326e-05,0.2078089220952396,0.22705113360633186
18.015,54.65909676467086,50.38007574386789,91.91480436046247,-0.1518407370393761,0.07705889018140016,0.840030998001434,109.24753226303707,48.882223756669404,17.88125853088537,0.7312616339146231,0.0,65.44897227960277,1.1644365734248066,3.797858108113945e-06,8.607595924814567e-06,7.989057239398625e-06,0.44122170014570733,0.4753825131436696
14.794440326516762,48.06497990308754,2.314521898124255,89.19689432110809,-0.03211568713149204,0.09435767521498944,0.8562990907043118,122.22645642780103,52.51018508845212,17.989019077016113,0.7316287252312642,0.0,67.25963002270646,1.3697783344312395,4.327025908652023e-06,3.069728567241273e-06,2.7924537788441185e-06,1.4095793207347538,1.5495425354696866
14.435040847867082,47.381997901548004,29.850258395362538,60.0,0.0529740612402088,0.07117854421105191,0.8161753296843551,113.33844787319832,48.476357890880074,16.759014291046082,0.7266095288820833,0.0,68.51086614524537,0.7085390884914756,4.181045299829189e-06,2.7771618040742308e-05,2.5080262965809396e-05,0.15055101556183703,0.16670659735621546
15.886812663874265,50.13973765507035,70.0,60.0,-0.214437700183161,-0.0009264272672872101,0.8070959167764432,59.73014602877955,36.929338913002766,14.846470924456865,0.7361084173883822,0.38656870786273284,51.51142845699762,1.3768624954258772,1.741462121348658e-06,4.185131809185643e-06,3.890361553710819e-06,0.4161068756607495,0.44763503270989435
18.015,54.326698774456915,32.16944714418711,60.0,-0.15873568939327637,-0.04078688596364147,0.8381655047923439,126.21661683483015,53.153333642712894,17.105252913372897,0.7314970611585256,0.0,54.89083424348449,0.9689473546675587,2.8571546871168384e-06,1.3453159163251935e-06,1.2497385453248306e-06,2.123779740093552,2.286201940241997
17.005040921817788,52.26454637214939,13.243109286651801,103.28243415885044,0.06892911892965307,0.08825263061567738,0.910319797352835,128.05400220295547,54.58123500396695,18.625375716898922,0.738057596560779,0.37526584915066497,64.65149513644148,1.0333794354528436,4.132638827833313e-06,2.0352650920413156e-07,1.8461650521687574e-07,20.305162428194492,22.384991108885696
18.015,56.013642610870306,7.238951111813726,60.0,-0.16517150510441106,0.03904688157543696,0.7805735297320515,133.62826293745624,58.68005063240166,19.255520445161597,0.7364798141831276,1.1305546882888986,58.68388616931012,0.9717925134925612,3.6163862053915897e-06,8.895686291888104e-06,8.2421528910545e-06,0.4065325694645212,0.4387671829427699
18.015,58.88109948847532,38.88544994295146,60.0,-0.059386412294780026,0.00486468268796015,0.7960963047032813,128.57958288913542,54.72058675205399,19.265052762714287,0.730879306454955,0.0,54.65796261384297,1.0500893839978378,2.9134189397610253e-06,1.5229702053768806e-06,1.3889121744041722e-06,1.912984856483163,2.097626468722437
18.015,63.02524021895426,69.98105133946731,78.30410313162953,-0.15060433718818517,0.029710224014465984,0.791233398580017,80.8231538228124,44.43601665534203,15.345122896024897,0.7434738037772151,1.3788286603674969,72.69930292749999,1.0225867673942999,4.370983551839823e-06,2.7345180091586394e-06,2.4976430138888472e-06,1.5984475279373618,1.7500433518856533
18.015,58.67373998977521,49.892424105366665,60.0,-0.19632468792604504,0.1289656297744068,0.8320524321023586,115.93247923540606,51.178232254117866,17.149468885382735,0.7279382250921791,0.0,80.38166102817219,1.085934260486828,6.35247537724543e-06,1.0835124665803997e-05,1.0022080759801377e-05,0.5862853980161435,0.6338479532838376
18.015,66.28066510562928,70.0,60.0,-0.1314450980621816,-0.02530245524201144,0.7561729127723232,83.58073490972178,44.623024849747566,16.557573058608185,0.7314685000416175,0.2271788790632556,57.7859730332009,0.7261936418058186,2.6712894097947233e-06,5.384027237949219e-06,4.883807501227049e-06,0.4961507978574454,0.5469686119126452
15.96023387515632,50.27964702547856,18.980080956492422,60.0,-0.12278785355742582,0.05232525372436804,0.8237208434461144,123.61688162681354,53.101965516319844,17.949430692012516,0.730636816038649,0.0,68.77352572895236,0.8821344017313598,4.612989688045124e-06,4.1276908221377354e-06,3.8057625317263636e-06,1.1175715156049533,1.212106548842549
18.015,61.21495216157624,26.30473805867623,60.0,-0.11239519930970204,0.03758252514648931,0.7941591325310231,137.1677856902755,61.17354415984281,20.031028024076626,0.735089532804423,0.7727721771648597,55.94439412512966,0.5790327490907147,3.435124706753403e-06,6.113474635971762e-05,5.588047577334453e-05,0.05618939983068035,0.0614727176033098
11.15243029248184,41.146294296333586,0.0,89.38424871369907,-0.09290275243507756,-0.01802615227980822,0.8242437210719323,100.65583417716886,43.77915746450976,16.21377447726542,0.7327282629690037,0.0,72.08884445463994,0.9085930086552644,4.22749176327273e-06,7.398554794788126e-05,6.694995142000011e-05,0.0571394262870198,0.06314406020629078
17.56124739210585,53.32066590983152,64.44430852243187,140.0,-0.19484593251425528,0.0634826232039328,0.8667540858728637,77.99964290540578,41.42463585348703,15.92279882543407,0.736144352570724,0.06996201606660618,52.90698175480124,1.2013871143077743,2.063143229329689e-06,6.333383018611951e-07,5.900707945997021e-07,3.25756901685358,3.4964333910633623
18.015,62.75337645908739,70.0,140.0,-0.19615190662798415,-0.035878153568782795,0.8789120293479947,79.03407776634735,41.800989939559756,17.062342884552045,0.737464324523054,0.22381288366040625,53.823249942966896,0.9957373688498498,2.159647142642767e-06,0.00011116027550570335,0.00010230243695765407,0.01942822769031335,0.021110417374873555
8.68021477637075,36.448667534391554,58.73481974036099,109.50264083217436,-0.059414720830825926,0.046393301056692225,0.8302143826900947,44.87099337459277,31.67873152803702,13.223069240368376,0.7360477792286358,0.2069656445317247,37.67433107960342,0.8598509857674427,8.800105582840747e-07,2.854586364592596e-06,2.5317829275017722e-06,0.3082795354169181,0.34758531180728913
18.015,60.84474461819328,33.74810059180207,62.27132867512639,-0.1361313591837023,-0.023138522538656184,0.8742109176064591,134.64705404778,57.723461636860414,18.891364191840477,0.7364054937170383,0.2693390729196942,41.856635422214914,0.7480476131652509,1.8952634236918189e-06,5.240950255601826e-06,4.800920356650246e-06,0.3616259134812534,0.39477085285668106
9.49732311290929,38.00166564639208,0.0,140.0,-0.028138936176890852,0.0413445115498251,0.8282693784875803,92.78939744754271,41.71463823649583,15.730203121659882,0.7303642108752699,0.0,48.866764408837476,0.45394148192919725,1.8076592210217127e-06,3.490291985354045e-07,3.093524698635374e-07,5.179106013499753,5.843364437397618
14.164937695825081,46.86877323265487,35.32760929246597,61.748619472125675,-0.05030694253500985,0.035321188503231814,0.9102718547419638,106.01435138723559,46.06965787109544,16.825760056137064,0.7269042222436295,0.0,55.81429642099108,0.6829049999458121,2.5709311610279145e-06,4.448971417550512e-06,4.04834854340647e-06,0.5778709098660387,0.6350567727710057
13.218791275799248,45.071336712379406,28.102308978239044,83.79745151255902,-0.1401511832522948,0.09649648934364852,0.8314758453626333,105.24038250833425,43.715564865904255,16.79655406709521,0.7292510611938633,0.0,53.242891945798874,0.9687185947567559,2.2113534400105597e-06,4.946933188532586e-07,4.5258960930120096e-07,4.470150203638622,4.886001345512312
18.015,62.20772588662417,30.20149391066677,113.17705537860533,-0.10267590004565313,0.02969677147709634,0.8828973469753402,138.73906507475053,61.40132315410522,19.67406026319992,0.7379806136111001,1.1414722474251375,56.149101401490796,1.3353533060053633,3.4415504373520276e-06,2.434510819898531e-06,2.2154733510072775e-06,1.4136517320943636,1.553415407044868
9.886560883176811,38.741247431374944,0.0,91.63103912292732,-0.07793252945172435,0.06573228649146813,0.8369789101873807,93.25204758311806,41.954670558811735,15.914159536069665,0.7317695907209695,0.0,57.96458693833083,0.8468641040737468,2.5238532546027153e-06,3.7234424628642134e-05,3.3427225945164485e-05,0.06778279185926434,0.07550292263985522
9.864370346968553,38.69870368964402,23.99784750448395,60.0,-0.0851199491458981,0.0640878632726089,0.808649143910748,88.37630968635527,40.45400062279754,14.902321998319897,0.7306449027732935,0.0,75.42351759001114,0.9034178878081748,4.332497620855383e-06,1.0962090367261124e-07,9.808408538097108e-08,39.522549766553844,44.171259833105545
14.103414035330701,46.75171591054434,43.55737637268299,140.0,-0.21864878844210706,0.02962980612043049,0.794691957722877,97.58080826448744,44.0530704138625,16.19727413394554,0.7291903692641907,0.0,62.03892949578075,1.274006281056193,3.0451089303081098e-06,1.148432644341538e-05,1.0630695741840447e-05,0.26515346331469397,0.28644493307461766
11.219106673039908,41.27218811189086,52.9876072165185,60.0,-0.17595889213806717,-0.036051135251308784,0.7728177805104538,68.87164599151318,37.291911666472274,15.619901438876502,0.7338535404528896,0.195106882776891,58.121712939491374,0.8995700317931085,2.2545741913367363e-06,1.6141973657564865e-05,1.4761426145765753e-05,0.13967153206696878,0.1527341714190299
18.015,56.87799427372326,41.06802267752494,60.0,0.04059506951242507,0.03903612736044058,0.8425960057864602,123.51701288890109,53.1548635577719,18.215355236565937,0.7307025358848894,0.0,62.26055315945548,1.179127615943639,3.705302203738696e-06,4.6518321403746856e-05,4.2470152303230864e-05,0.07965253456975017,0.08724485321557983
18.015,55.046897495274976,45.029161679967615,85.23241439525366,0.04284833670785808,0.047519612228914744,0.7753034420251478,117.17031634063324,50.891906279383235,17.960895731598754,0.7300523889704778,0.0,80.11036674159635,0.33859335238632593,6.292177964917299e-06,0.00014238860089564983,0.0001301778856386323,0.044190180431146676,0.048335229398210465
6.026928385766561,31.40857041796707,0.0,86.478467121928,-0.17653652264435124,-0.0007459946396021362,0.9056785389645221,62.33409830656101,34.4500621707176,15.01764720504216,0.7332999217694007,0.0,75.70757776657817,0.9549449880094963,3.7205842175645375e-06,1.1552530585516034e-07,1.0160356267434458e-07,32.205794133358225,36.61863934328362
18.015,57.169849346206774,26.8843413544568,65.48765294780966,-0.21376012291895752,-0.04884344610462481,0.8196598239450473,131.7152654527112,55.53410799891082,19.211856433640687,0.7355696707508277,0.3093432150731546,46.08913534588451,1.1238833624781328,2.133434959940194e-06,8.225745756157509e-07,7.64157500564134e-07,2.5936067357092556,2.79187858309995
16.378093070468072,51.07388711342259,0.0,61.25186820745484,-0.26114599791552884,-0.0014393485736915903,0.8210294511926839,126.43989076030735,53.7505435643439,17.889393527237246,0.7334229278173251,0.0,61.94715398274023,1.0784246670008417,3.709687076394878e-06,2.0917067354329696e-06,1.956171741903611e-06,1.7735216001142708,1.8964015259646207
7.892972015367784,34.95401393563381,0.0,109.93362198898487,-0.19301230258655092,0.0454198684029117,0.8402113099614645,77.16799201789395,37.23291032093534,14.804206658373607,0.7309636894078246,0.0,60.19849614167851,0.9674684495539705,2.420583021548655e-06,9.909645070252602e-07,8.877646912447639e-07,2.4426536010002153,2.726604296634817
16.64549231789872,51.581208894966665,52.66575200636226,60.0,-0.08236592943686583,0.07253236574729953,0.8110185899390028,98.19043147753725,44.66225996930327,15.352064826467535,0.7298664341833662,0.0,49.1264670839856,1.0644056156478205,1.931668104766345e-06,1.2814773452750687e-06,1.17852073688801e-06,1.5073759297334384,1.639061617080314
18.015,58.99870941639784,39.648422512288604,83.62580678980206,-0.10743021942053985,-0.005446058466791821,0.7814488692045044,128.38378017097367,55.79624133029116,17.691300285575664,0.730853794249579,0.0,69.13143945515503,1.297140094513681,4.890327012896279e-06,3.4017116036754705e-06,3.1154989561002193e-06,1.4376077641656613,1.5696769865131572
18.015,57.451012142097966,46.41102703606706,60.0,-0.10274673939834561,0.09500296506829789,0.8143855105489738,119.25163347520919,52.17845331042601,16.00301176273786,0.7277167917434317,0.0,62.72369506374676,1.3472445480320592,3.690874848807866e-06,9.531397401595363e-06,8.757211035407024e-06,0.3872333398028382,0.4214669298118975
10.961910506580102,40.78338027266468,56.83724505549846,140.0,-0.0789031366987305,0.01569392149593713,0.7967070708751987,61.80274940459359,35.20433723218216,14.705360753338596,0.7351615848069952,0.16553711115505215,60.22098091364599,1.2299237133000838,2.284902489291965e-06,2.3362778934586927e-05,2.1058200976041352e-05,0.09780097203716336,0.10850416385956133
10.202648155143143,39.341063151103874,48.70041548617076,115.95813832740004,-0.07316021992472038,0.00018780745509231278,0.7849350222964101,69.3481178976288,36.72253187399464,15.694717242442831,0.7337918223580194,0.1221772957915154,66.42001858317472,1.0503369952555062,2.949443060563772e-06,8.241854329121704e-08,7.378261869454462e-08,35.78615858499504,39.97476794330491
17.648560796824164,53.48678037409517,37.0803710076338,140.0,-0.05768925061238563,0.03017274189685923,0.8218034963659799,121.60203997443315,51.72986082966983,18.042516230959727,0.7372286827328689,0.2914720019554076,54.338117986784106,1.1093155629856475,2.719985724728196e-06,1.5406838664328875e-06,1.4168991630511857e-06,1.7654405189727345,1.9196748757130404
15.803108219969278,49.98053355575494,67.42790471336014,140.0,-0.13696353968407377,0.07454270413214614,0.8356320134834516,61.67723860391446,36.4463674393979,15.410060832368455,0.7364466761602568,0.11931540702249818,68.86867934910396,0.49471499453345125,3.1859728770778816e-06,1.2722980752537418e-05,1.1736874352475397e-05,0.2504108855499514,0.2714498580625885
18.015,62.144579331070126,57.15771131097662,60.0,-0.29908595006895644,0.11265759283547404,0.8488150492488542,108.01400079655053,47.881063704822,16.181434099515865,0.7296965432510429,0.0,64.17493463725265,1.264718176209165,3.5611248776242603e-06,5.269795991590373e-07,4.902962201715869e-07,6.757614304817799,7.26321095516092
7.49832509451724,34.20372093940985,17.665923283302387,95.29055663696639,-0.04482127392249807,0.06949800588510019,0.7931567266087728,71.83168927364456,36.19480937780342,14.881569831684862,0.7302344877365227,0.0,52.77161148990206,0.42322451163304364,1.8154105091286522e-06,3.5393622449246016e-07,3.095796300438801e-07,5.129202335058884,5.864114860759199
18.015,60.489458147715226,64.63712449482905,126.56595586257833,-0.3170296575770751,0.12591444873754534,0.9061568760114339,88.57091402845352,44.80996442310027,17.080251674492878,0.7377806642200655,0.24796186844839374,61.54576756729894,1.2198231976361613,3.0462938887171373e-06,6.405180516597233e-05,6.043458356840105e-05,0.04755984442317463,0.05040646776806664
0.7206000000000001,19.0959,0.0,140.0,0.013151886152204847,-0.014318811829269501,0.8495436305800718,18.08331663636148,24.860762475313965,12.546415925345421,0.7327013627581834,0.0707211227244886,73.8094887825853,1.2238432538022166,2.5289101571495436e-06,2.3978178093059282e-06,1.8301653024401907e-06,1.054671521470416,1.3817933023742197
18.015,55.88803029165732,36.972821181743775,96.64893084522069,-0.1666066797412633,0.05141891761616715,0.7935577981432975,125.37381533997805,53.542277754953254,17.679692730020676,0.7339453015632693,0.092776279194613,74.59966165009706,0.9397115123421536,5.5898626279071355e-06,1.3284773016985082e-05,1.2317845350149082e-05,0.4207721592804247,0.453801981516149
9.555837722342208,38.112176642922385,44.69799653007058,140.0,-0.0754308961006934,-0.009165162059735483,0.8216097563887541,68.22545145008395,35.762295792243,15.288513676837638,0.7325946216021348,0.0,58.149688443881026,0.9852376611526198,2.1621952691090313e-06,1.9072149232758693e-06,1.7017383631242823e-06,1.1336925077092008,1.27058031714075
18.015,64.20753364701395,55.0831881616307,80.84121978480229,-0.09739265178889295,0.09945144809912712,0.8601086024153616,118.20641765323123,52.904669982886574,17.716331873359195,0.7315459933277767,0.0,68.0122234977694,0.7542747294006767,4.487878263975096e-06,7.040550394704759e-05,6.450531681066721e-05,0.06374328727695007,0.06957377292088485
18.015,64.30754209962977,70.0,122.01206165976738,-0.15484615534639476,0.01418860208053541,0.8478001128900404,82.57230032150264,43.36389690872847,17.71942110597274,0.7367702751986467,0.49750029636084453,60.48643698207916,0.9373575836746011,2.8485610941460207e-06,5.601323004718122e-05,5.142240011662623e-05,0.05085514782394467,0.05539533525633715
14.920177273373143,48.30365941467509,27.349906650678097,60.0,-0.14771634424764662,0.0017466252728384171,0.7633509469017956,115.77299587357768,49.859389502830695,16.848288422463803,0.7245481928187263,0.0,55.530343095188805,1.1337635899660534,2.738097264208862e-06,2.736856990829082e-06,2.5201557134636377e-06,1.000453174347047,1.0864793987057615
18.015,58.06698091634453,28.758733464118976,140.0,-0.04051046403697238,-0.011698706345334627,0.7929817239238316,132.9959238950335,57.84158753642935,20.368769354956655,0.7369423322094081,1.082166592849534,41.45129354366633,1.1053668078820278,1.8514970600036222e-06,0.00021774971781988458,0.0001995539782659937,0.008502867781142752,0.009278176642189943
14.00147138075822,46.558706652204144,0.0,60.0,-0.1420612547117471,0.019922282862473144,0.878865217667127,118.89861163939925,50.726437647051455,16.859998326126888,0.7303861236432403,0.0,65.28564896471923,0.987472450159861,3.924910828730302e-06,2.9208660117136277e-06,2.6805917759654335e-06,1.3437490158706789,1.4641956540796737
18.015,62.670673717590475,12.410368724507979,71.42914111075737,-0.1795755275841285,0.04154831179498394,0.8456945313118616,141.96250518727993,63.44040236905897,20.14744858910718,0.734453840965255,0.6909007636541565,67.15296043575415,0.7933020488825566,5.230635706065258e-06,2.420043668476823e-05,2.226818628900704e-05,0.21613807115131206,0.2348927585830115
18.015,60.33856371627106,58.717979036194606,60.0,-0.17947026590634135,0.02274128671606564,0.7403716963386091,104.09116884180759,47.40159834692929,16.532954978136086,0.7251140217709685,0.0,64.11621796923934,1.077178643115281,3.52347558482691e-06,5.688332915804742e-05,5.351920640807128e-05,0.06194214784857464,0.06583572181473027
18.006034015793563,54.16615667847787,15.722848529084896,140.0,-0.19614396344726534,0.11899040673002775,0.8676918999024652,130.86289054261601,56.27233777916844,19.304924754137573,0.74034749607588,0.8099437817781674,55.263728479174155,1.026938489475528,3.064149870815593e-06,8.726510644216731e-06,8.141964616221288e-06,0.3511311675126735,0.3763403570571736
18.015,77.23742845729144,70.0,60.0,-0.15985330762198402,0.03274204962407031,0.8822601937257604,96.34008691963885,48.82713840001173,14.483541021500598,0.7334644325034593,0.0,55.30895901941122,1.2013833193347343,2.6577743700620843e-06,4.730836909462868e-05,4.277954714840734e-05,0.056179792728552204,0.06212722076841881
18.015,57.37113768522434,30.92366243478141,122.49136640575982,-0.12355076484174207,0.06904675160272218,0.8317094416419238,132.0249572531787,56.080867886828315,19.982530074530224,0.7417920462959424,1.1893956095912914,68.79114056376451,1.0511323754910802,4.868776197926501e-06,6.071097270836292e-06,5.591286433373776e-06,0.8019598403264965,0.8707792483792836
15.396992259811995,49.2089233994249,70.0,140.0,-0.04508369598661509,0.008269082860701955,0.7869301383865512,55.967122467146005,35.195628007260815,15.276832098472742,0.7337510098459197,0.09367909505893057,74.27546774127882,1.2537489663340136,3.6317910756452426e-06,2.484022164305089e-06,2.268349263023137e-06,1.4620606562346212,1.6010722576315173
18.015,66.88604109602551,70.0,60.0,0.003017576548678541,0.11977673798288581,0.8345469494920076,84.81592425565987,44.85704977541013,16.027032664287194,0.7354989409284025,0.17737264990838283,69.37680004233599,1.0599958149048936,3.968707065155479e-06,3.5164532824129877e-06,3.1371611214871093e-06,1.128610775238895,1.2650631929526757
18.015,58.195163197038525,70.0,60.0,0.03106894276665141,0.042648246646090085,0.8062338435386038,73.13857834825983,42.359097397019575,15.601835350841881,0.7345730208049803,0.2718505193768586,62.868361465454505,0.638233500067471,3.0302271116541237e-06,5.848823344575431e-05,5.3011548795152535e-05,0.05180917482256577,0.05716164082214502
15.850272130574847,50.0706410497062,30.593001836907103,60.0,-0.1211738322142833,0.002967821081401048,0.7877220636008888,118.13847187087295,51.15713335162399,16.854105889562625,0.7262833915126281,0.0,46.944095512719564,0.62292252487749,2.0524864574824197e-06,9.251212058372407e-05,8.751136755085668e-05,0.02218613566019067,0.023453941069880208
18.015,57.150563010446774,0.0,124.68104334286016,-0.2163945957458629,0.08367267890150923,0.8297370482547706,135.51095281179994,59.370920995271256,20.106099201825504,0.7374960561445925,1.0950960059950539,59.85713213348972,1.2344943930351429,3.8042479365831646e-06,1.186188790443199e-06,1.1022835520411222e-06,3.207118434462505,3.451242585937853
18.015,56.30032577579954,34.419115368406096,60.0,-0.05910773482745956,0.01653293566572493,0.8309135136983815,127.95228502742218,55.14087921388473,18.160697904634436,0.7322015027188139,0.0,45.18598995793919,1.1867563164045167,2.0423086525768197e-06,0.00016734290833518548,0.00015490110614038656,0.01220433344259862,0.01318459695649868
18.015,55.89557812608594,26.022349161710206,109.9281068838231,-0.16186171974465918,-0.014183734154518053,0.7977995025090908,131.27765366504332,55.40086791084661,19.340107470534885,0.7381397652267748,0.7995821874853792,63.32757658411875,1.122593410788622,4.0076660318915885e-06,1.5753641889222354e-06,1.4597652606126392e-06,2.543961618572389,2.745418143605937
17.7828823517536,53.74183515903109,60.01492582028747,117.35187263964616,-0.09439954457011682,0.026034961808015795,0.8060483045992703,90.9511587862209,44.17937767128533,16.590855922988073,0.732048286679334,0.0,66.40904856916372,0.8495878516628759,3.552607853062995e-06,2.690882424514574e-07,2.483892732117068e-07,13.202389746567517,14.302581617665274
18.015,61.49758555955745,67.71100012906462,60.0,-0.06713630796607961,0.023608605446421224,0.8221051547079007,84.67821492731419,43.17002948203901,16.59817091317595,0.7335914731319518,0.0,67.06552284021707,1.0733352991853669,3.541533398076604e-06,2.753130591976633e-06,2.49934772959502e-06,1.2863659313501474,1.4169830616768375
18.015,56.61613684587223,11.448575996884575,101.83952859875235,0.0062424016124932175,-0.01517716322477074,0.8287645508043836,133.7647357007513,58.90597904059889,20.048245413526086,0.7379416007807049,1.2861982462183008,43.874302324225894,1.2365861065328012,2.0697819810877787e-06,5.324991792121531e-06,4.851761666130346e-06,0.38869205097181125,0.4266042158535354
7.110859918948399,33.467859219039276,0.0,140.0,-0.25462605752906425,0.015336346570067206,0.8146980424232364,68.98317349007219,35.76026421266192,14.96071980910131,0.731455697885311,0.0,76.95483439579772,1.239118712790228,4.005552941178345e-06,8.933242166175766e-07,8.029610104824318e-07,4.483873678410627,4.9884775087295266
18.015,61.40853459290127,33.02927758677879,140.0,-0.07535098128798587,0.06729619727317196,0.8408759108975203,135.77595977036637,57.91384914309267,20.33264607159788,0.7363540230321255,0.8866871726307656,55.9707265323992,1.1492437587274846,3.2313412898511585e-06,2.6064925585768695e-06,2.368315613035459e-06,1.2397278017227307,1.3644048420174724
6.846856523005857,32.96614729355237,5.703297349378378,123.7608276869802,-0.10624382983635804,0.03573284829122108,0.8401481493576387,67.83320176877703,36.07379494560694,15.070677128483595,0.7317019696982415,0.0,43.62790972108608,1.1072309084478589,1.2585704531394174e-06,5.670083091656254e-07,4.97453286392951e-07,2.2196684471722334,2.5300274167758547
18.015,59.38126153866164,37.936341375320524,101.14339146222916,-0.10033984578941806,0.0858165510192291,0.8625997997400606,131.27382799538097,56.64536873857176,19.89610768408898,0.7400214850653456,0.6359761791859948,43.492126029038246,0.7886907740372924,1.9804471371372912e-06,4.560623292542804e-06,4.174849378861049e-06,0.4342492264983983,0.4743757097358041
18.015,57.13874392143565,41.813961404552316,60.0,0.009666025900919209,0.022829754008425265,0.8493405287066249,122.95043902022826,53.082570983160615,18.198341380038272,0.7304908795411791,0.0,50.90442025227123,0.8921563499850337,2.4631233885641035e-06,3.203930844128802e-05,2.914948894165653e-05,0.07687816961086326,0.08449971090382098
11.820496402240337,42.4152936450446,0.0,116.37240267734101,-0.24112582990274245,0.033331881825614876,0.8215406757203687,105.16752068448744,43.94056514458533,16.480257026563216,0.7318832362221834,0.0,51.92968488544503,0.9849900876103793,2.116013585905734e-06,1.1817592992577935e-06,1.0878759532160714e-06,1.7905622466729905,1.94508719459254
17.39962896570496,53.014093078051594,22.02628245347569,111.14125966994125,-0.020122975107448343,-0.04418830955697898,0.8052582849766267,128.2287946738881,54.15830368648331,18.569218533617057,0.7359705140657814,0.3589135788506607,73.05633250298412,0.7703194908260407,5.395630206016978e-06,3.3715759094998966e-06,3.0901190346468398e-06,1.600328852396299,1.7460913788499504
18.015,56.96776064057464,58.991739752362776,122.41432656632816,-0.26247670278211693,-0.012691305180644303,0.835843833496002,96.01572953447817,45.455302667877994,16.594369544678898,0.7307236139923798,0.0,63.693835094508565,1.00598576320289,3.3326785827031533e-06,1.299409225319738e-05,1.2134843803585975e-05,0.25647644466146535,0.27463712237633514
9.634373602982796,38.261950878982084,0.0,140.0,-0.09545575386522409,0.083671325723208,0.8497083507687022,92.48552082903201,41.48119276872375,15.900825086440303,0.7316408332202454,0.0,58.38914167417248,0.7392846537309512,2.5365974999017076e-06,1.3356907140040092e-06,1.195013134075606e-06,1.8990904655597491,2.1226524023636566
12.713291391725974,44.1108076692467,39.558334006773336,140.0,-0.2400479110857022,0.02658376952283799,0.8691088583999185,91.19718841498353,40.55219323148592,15.74250714742988,0.730292634694928,0.0,59.478193187888806,1.3790269074474653,2.5606869628763507e-06,1.481422202898823e-06,1.368003329096238e-06,1.7285328638018518,1.8718426398626171
4.018271653428748,27.591652854054086,70.0,140.0,-0.0642099286058315,-0.02999642626290043,0.7687042047956952,15.962355587789956,25.551689653662173,13.22378933188558,0.7294529791752302,0.10073603166987775,62.9405092180636,0.6394793501253753,1.8323553698714241e-06,1.5762562958814394e-05,1.3300091097177637e-05,0.11624729903754481,0.13777013679705258
9.990418800693313,38.93820060960744,17.521624961519276,80.76035989082831,-0.16347791633122638,0.09090660951086779,0.8235377700923168,90.49092355804386,41.241436340334786,15.844972901195867,0.7309251049984741,0.0,51.693405995802756,0.5569458804387386,1.982590863999539e-06,2.3014042804590922e-06,2.0825316114844694e-06,0.8614700514957089,0.9520099733738541
0.7910335593366519,21.461287344303845,5.267280647856484,140.0,-0.29821427558621744,-0.015622429489626645,0.8380162229699524,19.54729928523902,26.233150610961857,13.231878087160876,0.7323887562097919,0.05686299009638105,69.18078951228547,1.3730630004048932,2.301917156327769e-06,1.2340230975900802e-05,1.012181580561818e-05,0.18653760702074182,0.22742136396614476
7.308813491810939,33.84361048486526,27.043793467076785,83.26965398204821,-0.06911058620662403,-0.031132515151366,0.8274120489347255,65.665857801522,34.31305305525486,15.09762603775357,0.7311492761443441,0.0,63.888952960470924,0.822946123898036,2.53655175902275e-06,2.2558497832204803e-07,1.976616844676036e-07,11.244329200863437,12.83279440754987
18.015,61.7647099107011,27.3010631428395,69.54774277360055,-0.10888806609921506,0.08246615216225672,0.8538901898081983,137.52265286589457,61.37390704406551,20.036639951352367,0.738633872291674,1.1932825832609537,72.76205440547142,1.2868630958273055,6.040234670836702e-06,4.51655045375338e-06,4.116803598404224e-06,1.3373557392272897,1.4672146791695497
18.015,62.03612084999298,57.36749377073102,79.45953381335664,0.019776436716942694,0.07202512647151647,0.7890047273665668,110.77121948513043,50.91220039220722,17.7987105650851,0.7333410783190341,0.03625140012426887,58.77343871564362,1.102884283853439,3.1434128322385103e-06,2.0937321220314948e-05,1.8826543023576336e-05,0.15013443215403016,0.16696707559651489
5.829975525688859,31.034165489770963,19.945988414032904,109.16053840041383,-0.12447848413282939,-0.008095217686186484,0.7885064583804191,57.00087246809781,32.76376703324762,14.149552586255668,0.7318922472991458,0.0,50.8998499855172,0.6867807122499483,1.5253837200024412e-06,7.064850128546078e-07,6.149201993448872e-07,2.1591168846441757,2.480620610003587
18.015,54.295342776260256,67.22835294683624,140.0,-0.014208440059568048,-0.01988351998629095,0.8427761919452952,74.36053263733363,41.12048006140288,16.6024814096116,0.7367155256002279,0.16284781629052228,53.74399310335499,1.2260821515037925,2.11219085272199e-06,3.6838885372095583e-06,3.378019558181836e-06,0.5733590556249335,0.625274903339767
3.3001696058592063,26.22816072294009,1.4934856399878598,140.0,-0.1276327550288616,0.039740924460055366,0.8119313143811783,40.538793047850234,29.457217982321147,13.897224417695934,0.7343818378010498,0.3498516744515771,58.23765158094342,0.8610395900034402,1.7890628206235964e-06,1.6431794306810982e-07,1.3787570057056484e-07,10.887811685191492,12.975911006943194
6.644576082572677,32.5823536751343,0.0,92.13279034506154,-0.18468846068795866,0.08514726872941245,0.8206542731932888,66.57871591427275,35.90992084339368,15.013368122550713,0.7321841529904445,0.0,69.46808569613862,0.9008989123894714,3.1899345071881816e-06,4.60596818031702e-06,4.0832027862489784e-06,0.692565467738126,0.7812334273308539
11.337749261572498,41.49823462487371,0.0,140.0,-0.11664251371844868,0.006534731572732249,0.8648923694151037,102.40752238629096,44.4403530473628,16.197551298798217,0.7335964488748802,0.0,57.803054966626824,1.4132133498550132,2.6426171053771923e-06,2.6883780530253867e-07,2.4337547606861173e-07,9.829782319504146,10.858189773534097
18.015,56.671267692051366,0.0,60.0,-0.08540277359576864,0.05508637905392847,0.8058519433046091,134.36400063453186,59.19334711197445,19.97006608832715,0.7366508497857747,1.1831485407867572,68.18769186827409,1.2884435331795139,5.031269884922597e-06,2.0230040102849997e-05,1.858872484559812e-05,0.24870291207251707,0.2706624540797386
18.015,61.34508594571794,65.73325727497632,140.0,-0.14733922436288452,0.08954292992872619,0.8438445753996558,88.95549914333907,42.88877126689191,17.149766364493804,0.7373624592664881,0.2255100292940142,50.76790085139285,1.021604920669906,1.975877254395043e-06,3.6903287918607045e-06,3.3801433546912746e-06,0.5354203827997623,0.5845542768630622
18.015,66.60823639278875,70.0,60.0,-0.2037901984658723,0.006232777628479133,0.8197697684467229,83.20567015884552,44.50573046754517,15.942677896099159,0.7346638906501637,0.2709887509895805,68.77437509863134,0.845041042545847,3.867401826801843e-06,8.88911427185444e-06,8.127717998993548e-06,0.4350716740189941,0.47582874150908555
0.7206000000000001,20.23481080756551,39.0363644784212,140.0,-0.13625234909031775,-0.00605885485972481,0.8118501964421437,13.96421462618955,24.326344504844297,12.56647710774738,0.7309283181352902,0.06345143614470941,57.069731983581555,1.7305893722879895,1.4049915553237793e-06,8.383352920772971e-06,6.603850592548749e-06,0.16759303450560623,0.2127533831412022
7.0753327642965145,33.400401775772096,0.0,140.0,-0.015229610406358132,0.011708597478809557,0.8023145917180843,72.88235985726075,36.25366399662789,15.137767186215513,0.7295329790885139,0.0,68.81557761855106,0.5907646381530267,3.160994648479307e-06,5.712296149371444e-08,4.955844117096125e-08,55.336673131471464,63.78317343709129
18.015,61.16294977094254,70.0,60.0,-0.07339095116967882,0.08863609404048094,0.8050279270508666,77.87301117700184,42.89053120123241,16.734019747234104,0.7343298051819261,0.17427004448271002,57.87681056736814,0.7836550210379443,2.5740502981885004e-06,3.194705855728816e-05,2.9123552142048515e-05,0.08057237236951431,0.08838380310319677
15.577203020106104,49.55196955858028,11.926314859131299,96.59067934646961,-0.15596691705974908,-0.09216611918982145,0.852554750684647,124.1807882361193,53.46943321360249,17.931235329463316,0.7317652979176509,0.0,64.58471023519353,1.030128029619821,4.039460319047075e-06,1.981804194080778e-05,1.8349794300849124e-05,0.20382741802202622,0.22013654501076083
6.92563866534143,33.11577134170847,5.197950522127261,140.0,-0.16501691528546897,0.06124386747864933,0.8344733645306223,68.03358817469196,35.952146809472254,15.027576857333123,0.7319741461895927,0.0,55.94241475714342,0.9336887154489365,2.0089511330233296e-06,2.9862018569893547e-06,2.64440740178257e-06,0.672744586345119,0.7596980448886638
12.008844156799173,42.77268655177744,29.77534426763683,67.87264539707654,-0.07656582883780491,0.06956076461422167,0.8029783778287227,99.37883360388864,43.455439636626295,16.225994618590548,0.7300706545897792,0.0,59.44635185256384,0.8490895970809926,2.7549164343254353e-06,5.378851252261221e-07,4.862353751763564e-07,5.121756124353305,5.665808320355618
17.768549788600378,53.71488905133049,31.12277459072442,103.27864503601013,-0.03266006042629184,-0.014058355148499119,0.8175399472720047,125.24279435740671,53.912123997303546,18.59039479847947,0.7353746267293256,0.17899487337027248,48.76877096763179,0.9828084899769147,2.3031239331822746e-06,0.00018295540799493975,0.00017172960743313124,0.012588444137415031,0.013411338717926519
18.015,57.37159011106033,50.15737785435978,60.0,-0.04377010612583876,0.04881344609929211,0.8327902543970109,115.34964626126944,50.74957666800051,16.638700652743587,0.727178520758708,0.0,56.48443779281015,0.406875510511305,2.9134782110384947e-06,7.102696910680175e-06,6.491202935956869e-06,0.4101932333136107,0.44883486770992753
18.015,57.382134713761324,70.0,60.0,-0.189863305497315,0.022831144083424182,0.8807643920732432,71.31304441752309,42.14045040328255,15.47876126815305,0.7366291815843826,0.33701694451989755,59.41794179245045,1.2777597059501387,2.6576185553169477e-06,4.112986776958402e-06,3.810183450040532e-06,0.646152953908178,0.6975040940059399
18.015,64.20103529774978,31.708999507081025,65.86834562856649,-0.11849588481841065,-0.04615125397448226,0.8694327211831934,138.96870505610286,61.882974106420335,20.024386818950504,0.7380370217009414,1.2375185846587808,52.89186338287469,0.9625088536760686,3.0900632558817834e-06,0.0007927461573705678,0.0007757315613460904,0.0038979227173186267,0.003983418246538458
2.565859626226204,24.833209479757727,7.139425606828148,60.0,-0.012341398653832145,0.06657103736780155,0.7694184362121357,37.01104915937084,29.732973059738427,12.55103498254886,0.7315550087724644,0.2608361142709167,63.148728152033236,1.0168114177330372,2.139655221081694e-06,6.054695473808499e-07,4.89440582829782e-07,3.5338775176017516,4.371634261938236
18.015,56.63545516820737,70.0,129.68224582531406,0.02544767397921792,0.08044966951725126,0.8755776923914695,72.35925706690948,39.104259739724206,15.501740821685532,0.7353316597845199,0.0,70.62518225704252,0.9718729160591603,3.6033333411171675e-06,4.0961818949722316e-05,3.731808562846101e-05,0.08796809891523616,0.09655729334542952
18.015,75.96717208719093,70.0,60.0,-0.1661525604930669,0.07457400239994641,0.8582553874802357,94.22178986571647,48.81446027942147,14.48924594966561,0.7340813834022716,0.0,53.35401880256352,1.0802269272943776,2.4758025782092895e-06,5.385585999528654e-05,4.8415214074760756e-05,0.04597090415835847,0.05113687144677825
9.614570132483037,38.22408612608671,21.38134999982102,121.401698839411,-0.26119140442445693,0.06985848365721384,0.8292617863709304,85.96887912629185,39.36739653443807,15.525384831053323,0.729979276112569,0.0,52.02370091943848,1.1069077340187028,1.8992222022826174e-06,1.4458018444404569e-05,1.321447519610878e-05,0.13136116886181176,0.1437228625501431
18.015,56.55100728083326,60.391876017811946,107.69933027602121,-0.0836863982871861,0.057794849468577485,0.7907374892223261,95.63094309352836,45.661681531547444,17.977690426519647,0.7321365613687689,0.0,79.97205130366821,1.0166101149868072,5.601703358432207e-06,1.3190736357990172e-06,1.2110176674635614e-06,4.246694958040781,4.625616544608139
18.015,61.80689794424026,70.0,60.0,-0.1950713968670842,0.0261645914850646,0.8589299948955712,77.71658425389472,42.72455995939094,16.668533755489683,0.7355113937805762,0.19621162026933853,64.9409592772834,0.8816159974643303,3.270651947246187e-06,4.2180325303334386e-05,3.917275016461402e-05,0.07753975161940345,0.08349303874509863
18.015,59.42928492497504,21.145072401287308,79.23581394366433,-0.10661846918881981,0.054698643847801556,0.8799895863251788,136.93304179177815,60.80668392294997,20.04274106658383,0.7391390202690604,1.2995837704256354,43.37659629174386,0.9187223059485117,2.109549789961222e-06,3.9112256184164454e-07,3.5787132578701124e-07,5.393577348307828,5.894715887957814
18.015,67.18483721296124,70.0,116.49485437998078,-0.050445140312589065,-0.007216625026888165,0.8036139619680286,88.14403545463543,46.0110578524359,17.410280065386186,0.7355969727282792,0.5345895381434291,62.16192651740428,0.9218585206288884,3.203675950569337e-06,5.286764518987139e-07,4.7388728973081736e-07,6.05980451571751,6.760417550741073
18.015,58.683286429248795,62.447174809336225,60.0,-0.08630771646422265,0.09026196735145638,0.8041442116653916,93.73421307909574,45.800730448374246,16.618102124870163,0.7306823588939374,0.0,61.79474454279732,0.7202575792136345,3.155357198294126e-06,2.3483563856265215e-07,2.1472595099714343e-07,13.436449499773449,14.694810681435067
7.65281693906942,34.49695476875413,48.45557834863028,72.87716773156606,-0.2694737093943918,-0.024836853434353105,0.8226332851711058,50.737076124045736,31.220043358487366,14.722808896494564,0.7363590843190095,0.30485728480777335,77.18980225181951,1.006078097943301,3.5257929942745983e-06,2.8133690132719706e-07,2.5451575173573083e-07,12.532280613178692,13.85294611523889
18.015,55.38951141397975,0.0,60.0,-0.15597700915964896,0.07769942536355574,0.8629405145738677,133.45505989105666,58.23894052889503,19.418866936829424,0.7398319643383157,1.144092028076928,58.79183577365995,0.7420249313119898,3.612346140464514e-06,9.802921421782625e-05,9.105645997199814e-05,0.03684968985304406,0.039671497679301275
18.015,58.783183638045415,40.04346512788692,61.88634286572017,-0.03655067355041186,0.08030595062854312,0.8463411206536966,127.6873540252595,54.78998420947739,18.941492251020627,0.7327531593632888,0.0,49.14549215508824,0.813941606157069,2.381686078709235e-06,0.00010283152092442151,9.382323235547675e-05,0.02316105078772211,0.02538482227605974
13.403738224911457,45.42220743200331,70.0,139.89163238836065,-0.09700947271509894,0.06743481048566106,0.7865496354887574,47.74118724905681,32.87285760374725,13.867207975510093,0.7349694220950066,0.1919958172310247,43.96312083947735,1.1300553074117865,1.161605959102319e-06,1.0068695131766573e-06,9.177884576415963e-07,1.1536807340977786,1.2656576245110454
18.015,54.497846886232395,43.77767804495186,60.0,0.013033572282496839,-0.06527156948904832,0.8472885626034079,116.5638592578084,51.75864406204945,16.651354936504546,0.7276464525662343,0.0,65.75235063690745,0.5708063072768583,4.082673297175752e-06,2.1107193899898697e-06,1.9299965918821477e-06,1.9342567830370603,2.115378500847142
18.015,59.98671748067408,51.89740637873048,60.0,-0.009590641655251558,0.06057918740760996,0.8494855222167327,115.94918295123188,51.79141320518048,17.205367200013544,0.7280957658781905,0.0,52.87266667740569,0.9736198113786753,2.5839022656096448e-06,2.1627509806961407e-06,1.9570943339405267e-06,1.1947294388824852,1.320274766933215
18.015,56.49965574618012,70.0,60.0,0.007656683642735987,0.029303026773767924,0.8400175232304864,70.98626850239943,42.339364437386244,15.588886073162682,0.7361524506193594,0.3455693180869853,60.156552441536775,1.2923060348899027,2.740309821649817e-06,8.176739649975839e-06,7.452698159023785e-06,0.3351347773018448,0.3676936544561152
13.302486116529442,45.230249342775444,36.71429338268227,93.9266798624589,0.08168308882804996,-0.01589704086397078,0.8296045204670351,102.91270917280539,43.94543095696833,16.82086711357048,0.727655889248179,0.0,50.66341840496739,1.312504681000482,2.008293239951452e-06,1.8927004183422934e-06,1.6929095053954678e-06,1.0610729624661888,1.1862968655742232
9.20584597283633,37.44750108660545,24.75117988131202,140.0,-0.16106860071165227,0.07220259474634692,0.8339996271697379,81.68893808148316,39.14205404237016,15.617120423473855,0.728994701655163,0.0,74.45638664563789,1.275387904051556,4.061259576005806e-06,8.808558930388745e-06,7.928529398624618e-06,0.46105834201719664,0.5122336529029359
18.015,60.06543713131693,39.7370437959637,60.05494269117021,-0.23233043262831943,0.07010274482634903,0.8094704444689536,129.3597621088734,54.610199572992514,18.773477671527125,0.7310729188531578,0.0,55.91880878773252,1.0866952890323784,3.043391089181561e-06,6.322446842429289e-05,5.8750541418758505e-05,0.048136285919522126,0.051801924130180595
8.555649865113702,36.21248552726981,7.522783430027989,122.77043898441516,-0.11551599746899732,0.008172555623720955,0.8541536884291936,82.14765598858979,39.3359744920561,14.842658528556488,0.7301256903393235,0.0,65.80527350008838,1.0513795611340642,3.0953720061735697e-06,5.741226234511579e-06,5.1158681010529165e-06,0.5391482376302666,0.6050531297975605
18.015,59.77635664560246,15.679683304879909,140.0,-0.15770952225221715,0.10178521241264506,0.8058975043127127,138.6113180604377,60.69793802628389,20.663141481793257,0.7350208073621135,0.9891858328859975,50.562570849953666,1.19798976672751,2.767542589700557e-06,7.93519076520627e-06,7.302880993009775e-06,0.3487682491308848,0.3789658618769241
12.37955048330132,43.47715541919851,7.621627374379862,74.34991741512958,-0.04830116145661721,-0.0050142427820292195,0.8409590466085596,108.53058350250623,45.720767772460796,16.4251394983077,0.7311161537473578,0.0,56.02288065921618,0.845962687856299,2.565108839796351e-06,1.044274806199896e-06,9.426485192341336e-07,2.456354232207088,2.7211720884899977
11.01896666567443,40.89214976451754,29.84414761659973,60.0,-0.0908558692315611,0.01911131779209972,0.8853332652669116,90.1135320353634,40.88259134409306,16.21416161389118,0.7330983477657892,0.0,55.89390059952852,0.8937815831193641,2.2815762391956458e-06,8.724472034206282e-07,7.861963457393636e-07,2.6151453408873406,2.902043810760759
18.015,56.58153118017535,9.787915273897788,70.77042823551506,-0.1529177721407201,0.03606489056927328,0.8225314978283548,133.9778153346119,58.72328133760504,19.910940226421804,0.7379861756393166,1.1550441502058857,59.2132096888055,0.96906044390042,3.6876171561572547e-06,2.7405902527601656e-07,2.53326143001881e-07,13.455558168329972,14.556796675066709
2.3908431387137687,24.500684684574928,0.0,140.0,-0.12492312630573965,-0.0414082435206858,0.8032097434889197,34.51199266394441,28.93389591123637,12.604495227613869,0.731830862624386,0.21793029290826138,66.20985740220257,0.802071300920794,2.3122806538134154e-06,6.069131068054814e-07,4.993635568652293e-07,3.80990396794069,4.630455350664416
12.222948879144502,43.17966757570611,5.744957400338656,66.94449477377418,-0.06836272622130558,0.019567552546993768,0.7754549506950271,107.88888196731848,45.64629568911532,16.411935552839093,0.7290086122830965,0.0,78.66448352664906,0.9260484214990208,5.389771106549519e-06,1.4679321585848885e-05,1.328105843265296e-05,0.3671675884357864,0.405823913348515
16.9537290548717,52.16643154469371,70.0,140.0,-0.05796968857622858,0.09872261587719507,0.8824277677235677,61.938922287838004,37.75031463060972,16.571230876495843,0.7375030646929308,0.1381667728609703,53.40613896530831,0.662676995844492,1.9299731352283116e-06,3.0835644239670765e-05,2.8354140735531644e-05,0.06258903236227369,0.06806671213315202
18.015,56.00858589273584,38.805797548634416,60.0,-0.1935581285484124,0.08907506444017897,0.8106430844760488,124.01112971227782,52.40160072936625,18.085117269002502,0.7299630253949841,0.0,56.323022189591974,0.8525536352589034,2.971770373779907e-06,6.215817576879364e-07,5.776177556352259e-07,4.7809806787667615,5.144873655263159
18.015,57.24561106432906,32.81515421774713,60.0,-0.15417778046910485,0.08009365504386246,0.85155667517807,129.44021548890467,55.16770270167304,18.941255981009764,0.7340885816940496,0.0,65.6761033561002,0.9135307819409775,4.327198980634765e-06,3.954578936420423e-06,3.6550078044138905e-06,1.0942249605343892,1.1839096418369113
18.015,56.10460044241437,60.04432681113904,118.17652277434058,-0.10995805704430518,0.047197936074786104,0.8209956139552416,95.87514125474961,45.83823833121939,16.592519273674807,0.7319368561982895,0.0,83.6237953688845,1.1021121646907321,6.248283762367152e-06,5.362245897428079e-05,4.951997117003817e-05,0.11652363360218239,0.12617704765845353
18.015,55.96986484581016,17.510086299064547,99.05490811319551,-0.1651173907620914,0.037885538353685015,0.8394832406585441,133.7817304416526,57.55833083905723,19.4700254907377,0.7396976579852481,1.0279995195074865,60.791607627328844,0.9510357409907991,3.820929119226458e-06,6.771676522123943e-07,6.274105049262928e-07,5.64251571489422,6.08999863602114
10.851700520860698,40.574667926176225,0.0,60.41278229127035,0.10913553997244367,0.05566353327328856,0.7717051349206313,100.81934492184087,44.12204647308936,16.353387939608183,0.7307423543119209,0.0,67.27084495558319,0.8303537216046958,3.6508684413612174e-06,1.0860997355544587e-06,9.556715297636171e-07,3.361448605359832,3.8202126229126554
15.59303796650424,49.582153092080915,3.77593863367742,72.2345088427895,-0.026095937428383162,0.04955466265251253,0.8170180809082562,125.24109213949708,53.402041738642346,17.99010621420316,0.7318688054107779,0.0,77.14870330287025,0.9865521230226535,6.024017964120133e-06,1.1202571688100604e-05,1.0246330882586331e-05,0.5377352747065085,0.5879195229150728
18.015,64.6080420175967,50.03146959566642,77.51361529256675,-0.1794120129951641,-0.00518567862824614,0.84986183078617,125.46962824576576,56.11731611495579,17.717835115273463,0.729909189745368,0.0,59.869146747640904,0.8997098452683894,3.6089207411226957e-06,1.9422871407522093e-05,1.781294497139024e-05,0.18580778636700607,0.2026010155490326
18.015,60.9454655830523,52.62350992429988,60.0,0.007434902003829666,0.05134839516119071,0.8342681184456059,116.01337785852365,51.84357057039504,16.53388227188084,0.7278908591248255,0.0,70.02812842465801,1.0932194009334273,4.683110046689823e-06,2.9683824783048535e-06,2.67745057999602e-06,1.5776639570262505,1.7490929922959717
18.015,56.845151553086254,16.343599898614695,106.96825431372423,-0.09006489939849861,0.024663134045512174,0.8468615590314815,134.21648640980197,58.6575044022219,19.52592445934314,0.7395140321978148,1.2661525232810646,57.72215480172899,0.9785784408259552,3.492956205553887e-06,1.1457686275344548e-05,1.052465270823166e-05,0.3048570297364726,0.33188327466824025
9.880248075352753,38.72868237465401,32.87324587079195,140.0,-0.24905287083741828,0.07118245784330245,0.8006417040034177,80.44277471002042,37.62892381568686,15.544839153098746,0.7278648347019592,0.0,56.39392906535157,0.9931906101196437,2.1358062636719854e-06,2.5965165620529373e-07,2.372196499039171e-07,8.225660081995814,9.003496398957958
17.37886908774451,52.97487040570285,1.1580958936070473,89.13807565026231,-0.1141908401117676,0.06478698578172103,0.7947809372762619,130.78462972570784,55.706332235258785,19.377301559551782,0.7372264508087021,0.6979346730659133,51.72380536420689,1.1039834347123711,2.6574554072390743e-06,9.836728456650908e-07,9.088101299326935e-07,2.701564263921801,2.9241040781927525
18.015,56.08804244332166,4.973026516316093,60.0,-0.1971425899144449,0.07750580499387047,0.8062797996843208,133.8336948958036,58.588940170338574,19.872251475351835,0.7377989955918371,1.128557715714961,59.788715575096546,1.3458265141520274,3.741506821014685e-06,1.910936628142041e-05,1.7769830912763093e-05,0.19579439558142045,0.21055387861498256
18.015,54.23147538210615,0.0,67.11299479326931,-0.11010809664508112,0.06472394571408828,0.8468549101824002,132.06824942745416,57.42342221540731,19.027585390616945,0.7399189520903847,1.049467047955817,36.86731228454836,0.8874113415571278,1.5443330456806144e-06,4.163865539536301e-06,3.851808369390833e-06,0.3708892688817697,0.40093714369410643
18.015,55.67602898471523,59.42687646694067,60.0,-0.1113193831356131,-0.007372349604760276,0.8415459135566696,94.84291661043518,45.7279372445208,15.33573347000205,0.7315698259985952,0.0,88.7172428470172,0.887074196091965,7.190498693744865e-06,5.608111378046604e-05,5.186096982496233e-05,0.12821604652669064,0.13864952232890657
17.18868077568714,52.61327981317991,33.69295956299964,60.0,-0.2687180009727907,-0.05711439817085708,0.8490574006600798,120.29721589384025,51.051843856939115,17.52508369659164,0.7294021814947177,0.0,64.85558758795887,1.4538788447389066,3.880404608860552e-06,3.5344851812898637e-06,3.31376603938993e-06,1.0978698197411738,1.1709953456988598
18.015,58.26144305323074,70.0,60.0,-0.22627774129677936,0.0353172947012497,0.8184225152886792,71.72366075771122,42.09441294857168,15.458705922217282,0.7351732676226077,0.3110462472917883,51.31482138774499,1.0945001560553318,1.9776566749932625e-06,2.409686633044533e-06,2.2372203840093163e-06,0.8207111447078828,0.883979374195183
12.161690545208245,43.06362061932947,0.0,66.99568614231714,-0.20361759353567002,0.031306841568623844,0.8206439027711122,106.41029156987454,45.18193161042151,16.333752856458187,0.7311708653230139,0.0,62.23401847707977,1.2208950415663733,3.145581599304285e-06,5.356636150992761e-05,4.946455455156194e-05,0.058723077517992425,0.06359263977653584
18.015,61.834202611847516,46.42243384408704,136.5814680745122,-0.15822148728247754,0.04616425669472565,0.8216862068703766,127.21438110215192,54.54071221096439,19.58625065084645,0.7382498764029632,0.63017856106063,86.80152730538789,1.3220986464341,8.123745503025957e-06,4.405111258281432e-06,4.03531731234888e-06,1.8441635243045544,2.013161512272075
0.7206000000000001,19.0959,0.0,140.0,-0.09920148939914276,0.07464968849970222,0.772129801228611,16.938650005265508,24.745538817910244,12.573303132645895,0.7304205910669468,0.05854824526862881,78.22391276262783,1.1709919526947685,2.8804279306713772e-06,7.357676614969504e-07,5.734956273558608e-07,3.914860738525834,5.022580457939634
17.899641888577893,53.96407323955893,22.357631550777185,60.0,-0.16965690041609136,0.028837476175983815,0.8335616424131997,128.86170111372027,54.85301672270737,18.53103412772274,0.7352150523795776,0.11460591105561346,68.10832108432355,1.5320285930449788,4.64374038686144e-06,8.889807220454707e-07,8.26699361750052e-07,5.223668266030089,5.617205724014396
17.255916043020914,52.7408259887248,46.072769949817804,127.36602439670811,0.015910371817394367,0.03108434985961073,0.8133934029473839,112.9624613249461,48.764740777601155,16.968791980318127,0.7326688849217068,0.0,47.27990698770949,1.1987920256573477,1.9597705615316475e-06,2.7566041699771734e-06,2.5169632617784904e-06,0.7109365148888518,0.7786250166189833
18.015,59.200115549773386,70.0,91.9280243400069,-0.14731968681603744,0.0351348069846368,0.8199855005002228,75.90567404877115,41.64858463111824,16.058663736109114,0.7399636464908727,0.6651470807468485,32.07547944027529,1.1239432230903135,9.243348916449385e-07,5.292568327304131e-07,4.8660014060017e-07,1.746477011692669,1.8995779378626338
18.015,55.40856351433397,6.480937270663322,89.99916167182545,-0.17302526074179095,-0.019961951180328907,0.7806222188045542,133.4438342356242,58.18092740242212,18.97800405830117,0.7366807958618813,1.1134789644643646,63.79839100684742,1.3695688960357844,4.2689622342966734e-06,9.23294446250417e-06,8.581828948979803e-06,0.46236195307285977,0.4974420091190657
7.256480738122646,33.744061417614006,46.66975550450172,60.0,-0.13637206584635425,0.005608591875861734,0.7919605589119697,51.14873995320277,31.471820492374174,13.886930944269235,0.7349579404024541,0.23094566565831537,72.31220768700831,1.0604723026582248,3.057658240446445e-06,1.920222341342867e-06,1.699344437364174e-06,1.5923459354754388,1.7993163558937646
18.015,57.07407478419648,10.572444050258195,60.0,-0.12804676196372639,-0.0251213404806048,0.7690818719618936,134.00727183656102,58.78610948259032,19.93021451430527,0.7347490244727461,1.133841753957243,64.17159961178417,1.480422411496538,4.365211886387807e-06,4.571081028512031e-06,4.211977060566496e-06,0.9549627011990994,1.0363807360813833
18.015,58.66002058191194,59.27841001226494,110.64399227919137,-0.034645483880246464,0.03191043650759973,0.8217200387215265,102.91891876130886,46.972801594579806,17.994371466688403,0.7341508745494747,0.0147529539078175,87.4957199845451,1.2697983103615522,7.133472438002697e-06,7.247825424842e-06,6.606397863662195e-06,0.9842224418861749,1.0797824450203977
18.015,58.52147123990397,58.725073706972886,60.0,-0.20652345888243678,0.05786615639688247,0.8668067563653977,99.95870337905158,45.80947482564855,16.507484139442777,0.7304810868376075,0.0,60.41305005889929,0.8447893038975021,3.0043755756405217e-06,6.742603904753304e-05,6.256824021302031e-05,0.044558090881217864,0.04801758153037071
14.584272968869817,47.665358402146936,48.47153817039738,60.0,-0.20157984580978544,0.08594356768117156,0.8016857873338128,95.2829629488958,42.971926610783456,15.29475196837408,0.730889183455292,0.0,51.56708308344426,0.8436201734207037,2.0458509848319336e-06,3.80025282402831e-06,3.515423518570477e-06,0.5383460205322099,0.5819642993296765
12.56139712401557,43.822559152143135,8.303121300087447,134.09592049783356,-0.1702145738451951,0.03495474414130726,0.8266135234950436,108.94152021893046,45.30175129352772,16.35549392188831,0.731091913471828,0.0,44.56526683044464,1.2935816786937155,1.6341015670602145e-06,8.497379287337397e-07,7.781216434489106e-07,1.9230653496841266,2.1000592655632837
8.92887724695205,36.92126231109902,38.14827954430589,114.50193715140755,-0.13238814517421998,0.07083237517229049,0.8428728393186062,71.61051708753013,36.880851874322644,15.64267468002091,0.7337224412389866,0.0,54.3706595666368,1.0965940260287868,1.9418442591792223e-06,2.116463933177477e-06,1.895078930168934e-06,0.917494613888319,1.0246772460322375
15.956301844580135,50.27219706805717,15.451160830265234,60.0,-0.23218389957443183,0.08833951927771207,0.8325223710855889,124.06606353267523,52.778634298720405,17.90453310639399,0.7311972785526799,0.0,49.94034692245884,1.2605998822387914,2.3479921693763317e-06,1.3572999615549985e-06,1.2642462101579568e-06,1.7298992381067637,1.8572269788200275
6.13427280376947,31.612191547698146,20.096619998299143,140.0,-0.10696761977379204,-0.029603729451967223,0.8622529248155315,60.36803508050321,34.13430284479233,14.157156888495265,0.7339839867122333,0.0,70.637129583811,1.1437345583309053,3.1432017366427724e-06,5.799902804483004e-06,5.073869162310572e-06,0.5419404156589057,0.6194881334329482
18.015,58.3890806330044,30.206441221319956,60.0,-0.22566820451430183,-0.006003068300437362,0.8282489226657864,132.5784851585126,55.48841504152085,19.29945913283189,0.7357907683763957,0.2873896375678432,66.27238330776805,0.9239315444422902,4.439174241959459e-06,1.3377883519448052e-05,1.2442160959487103e-05,0.33182933873703,0.3567848267205227
13.218967958229959,45.07174038907287,21.669333063688605,75.45642182956642,-0.1222164948329867,-0.007214171368640504,0.8010052012118211,109.25740503655706,45.95422610650768,16.857774555898327,0.7269903778713287,0.0,62.72146977521971,0.7920334067358051,3.2658004072246992e-06,4.962187405264251e-07,4.530994687735933e-07,6.581372569202243,7.207689772985738
9.822110765429485,38.618641804274326,0.0,60.0,-0.15827584087676538,0.0930819017191465,0.8357308817861767,92.13290804395447,41.66755573826916,15.85029714120639,0.7320260965346707,0.0,69.42153557553264,0.8306524844568617,3.697718958524787e-06,3.07634573507364e-07,2.777664264561516e-07,12.01984197148853,13.312332255923348
8.176286697636929,35.491482464726516,35.378292565433654,140.0,-0.0076468187665659215,0.023426077348795368,0.7715418542179142,68.5191583353605,35.47909386784431,14.193122561562001,0.7304159054619723,0.0,44.65980737403083,1.2604802040026026,1.2853566206708935e-06,1.5923480077925585e-06,1.3960972526199458e-06,0.807208357959865,0.9206784257033426
8.049619984553614,35.251177514645654,0.0,140.0,-0.09868990380074039,0.0183081877436404,0.8181569900452157,79.70575711021377,37.47043218810778,14.852395256591674,0.7295368333295018,0.0,72.95148842010119,0.9237352528456708,3.71722613896515e-06,9.343197615619368e-07,8.271525406209339e-07,3.978537425721282,4.494003169203435
7.576414244246593,34.35211372182687,8.518821782488033,140.0,-0.03000237275435043,-0.023959116390040735,0.7996544355448459,74.069336689815,36.22307856349274,14.885901949621847,0.728751405655386,0.0,47.150872961949005,1.0375859084287267,1.4525298551249374e-06,6.302211798502445e-05,5.5313322286213e-05,0.02304793779653824,0.026260036372593453
18.015,55.28636283404897,26.57621631043439,101.51242105548515,-0.1470906778145254,0.0824695298942707,0.8327219237731132,130.51451962382805,54.17963280491784,19.354432845868494,0.738367481991157,0.49384299195710096,54.54975277299928,0.5713906722146054,2.8927262225615366e-06,8.942649422388357e-07,8.281984082360896e-07,3.234753019971303,3.4927937482064375
10.293857913544054,39.51415277713736,69.15603941485327,114.90669129614227,-0.2527585214985709,0.062106547163236235,0.8247179431407292,37.748511165705935,31.95631896218497,14.759173615046056,0.7339096640558002,0.0,68.40081117268576,0.499280718395821,2.7513955069106757e-06,0.00023574699380862337,0.00022493342978902037,0.011670967516744778,0.012232043540577262
18.015,57.71426870656632,47.42561722178008,60.0,-0.10306516119304378,-0.012803623772843411,0.8574001368652333,118.34500726032057,52.18087619234314,16.00079039036403,0.7279011133423178,0.0,60.16499478564498,1.083963883881821,3.3845703977611208e-06,6.849501273468479e-06,6.294560073164673e-06,0.494133844586794,0.5376976879115689
15.277904568522914,48.98329968888829,25.99259796527375,60.0,-0.1305422510134383,-0.00301285989711791,0.801514548379042,118.11217719445482,51.13108509043468,16.85383659631122,0.7271070139952662,0.0,54.7740011191786,1.1922926548204014,2.7293436640373112e-06,3.758530535724446e-05,3.49742239567811e-05,0.07261730716553133,0.07803871981291305
18.015,54.23292541835276,60.52674736452795,64.82700470651196,-0.18475053363858154,-0.022951960258384904,0.7931163062976816,89.4202782039847,44.733328446932056,15.199176684471086,0.7344625886674934,0.23292251640745545,68.60526134139984,0.8229574455435003,3.866555518182062e-06,6.981998599832413e-06,6.503170797479591e-06,0.5537892142050659,0.5945646575483776
18.015,56.6830783421888,63.57436684892667,63.3122386273906,-0.006871181004205987,0.06879403805524635,0.7845174801586193,88.25701317367016,44.94751439665707,15.293485100270328,0.7338281391599183,0.17314505902520552,51.1237179558848,1.5423660179605996,2.0845179290868304e-06,4.1663430460503204e-06,3.7973241302024876e-06,0.5003231625544965,0.5489439030256488
10.201774702425089,39.33991115202651,0.0,104.03820710792392,-0.20263427012426063,0.06220370295867269,0.8461708887084212,92.27873102333734,42.09598180830596,16.13565740717186,0.7330359210032591,0.0,55.51133848603428,1.0997763329047288,2.3110524982230403e-06,3.7944492326435256e-07,3.4516909002735164e-07,6.0906138322819805,6.695421360122106
18.015,57.726806318503144,2.1322070257571255,72.57506007299,-0.02332980077295599,0.04045686381084414,0.8889425819666453,135.37285065733013,60.61306594335067,20.79121738571793,0.7369866279402683,1.1202793754618634,58.05036918348481,1.1203321255737757,3.6465335396827356e-06,0.00020846397558402962,0.0001918580510991925,0.01749239181238226,0.019006413954436772
3.7413219667118534,27.06626560044361,10.739575976683224,83.30650751523598,-0.1462542905590447,0.0662587934013279,0.8737302014268838,41.97799721699614,29.420612282163468,13.89266934205533,0.7366046305179291,0.34223345511947934,83.42350099522078,0.8242854968334363,3.992140714081758e-06,3.382171299964159e-07,2.870431762534156e-07,11.803484684894766,13.907805669476366
11.355777260821618,41.532026404316746,22.70931447632573,103.82276465019754,-0.26693872684225733,0.04155422177021198,0.8684596358232075,94.51172700656997,42.279960522526224,16.083380973974275,0.7322880483951055,0.0,47.51034357422296,0.9593390238374727,1.721606384246615e-06,6.113258769092317e-06,5.635833626391046e-06,0.28161843777181306,0.3054750190255457
6.2944095313006425,31.916279184331852,36.43080654455488,140.0,-0.13242933758096437,0.06821409304633723,0.7930719025517868,47.15914078482145,32.68657957855481,14.155445201372006,0.7364720608821967,0.32443683124608363,51.753041054708234,1.0548024223048376,1.5620943832506607e-06,8.860384112525802e-06,7.815152223778102e-06,0.17630097785967874,0.19988022478920991
18.015,55.763343451638114,70.0,109.76570682497066,-0.19250502411592044,-0.024901275750797695,0.841339848364596,70.60823320316409,39.28417163107682,16.67709871253082,0.7337974290755638,0.0,67.71185065144671,1.2737681335014066,3.2876632611907034e-06,2.5638899198501958e-05,2.383279508259138e-05,0.12822950142035727,0.13794702844536144
18.015,63.72974175761997,70.0,140.0,-0.2088881698017796,0.01156473011454299,0.8500532074362873,79.02440807548444,41.77469270705487,17.053723244240953,0.7366060267896577,0.18217740769362933,49.43308520742497,0.9337697024985192,1.8320240480957666e-06,7.910583895663348e-07,7.264584331357901e-07,2.3159150730960563,2.5218566741496184
18.015,60.76253170407244,25.182048070063598,60.0,-0.1783975554929769,0.13361929804127023,0.7582284795562712,136.88272290427392,61.051804740848716,19.98348032579063,0.7342085495094494,0.7397050800602437,74.93650795353228,0.6101492580415351,6.453422426735531e-06,1.4656249415238867e-05,1.3491721563574314e-05,0.4403188185393168,0.4783246078957657
12.860576992655051,44.390580915553265,50.92936589266168,91.47243885144927,-0.09705124879718104,0.04623257297290216,0.8377715967911638,82.7008052205229,38.899410253443754,15.89549859003871,0.732738052345461,0.0,58.34104991038952,1.1249561143947644,2.3645259677463295e-06,1.5746601308031458e-05,1.4349843402092056e-05,0.1501610361176997,0.1647771269337759
14.295337555032434,47.11645108863332,41.80074273377769,60.0,-0.2334605175548514,0.054488855873488166,0.7715628949683808,99.31775406288476,42.864530345478386,16.098870004747862,0.7255581971514296,0.0,60.832149713356266,0.3071652781343508,2.871362965870396e-06,3.2384554453764825e-06,3.003566924954679e-06,0.8866458144328707,0.9559843471487562
18.015,65.5457620845805,70.0,68.16425569914584,-0.22076414738612807,0.022374497540074614,0.8432896298709079,83.65500905199409,46.05872067508701,15.909816194637653,0.7383552203975712,0.99639215057454,55.18980069473837,1.3295035548519192,2.492719956544017e-06,9.863744749047333e-06,9.044990995174844e-06,0.25271537534309885,0.2755912037804999
14.546128937719702,47.593393706863374,0.0,60.0,-0.07726233430086957,0.004586911341955524,0.8442238353862522,121.74167894384082,52.37852627986233,17.967817138372546,0.7304708820974294,0.0,63.22992573302213,1.2090034649416441,3.773837904922108e-06,4.0340613253384975e-06,3.6837146930509717e-06,0.9354934396307042,1.0244653072728858
18.015,60.02917167682333,30.88910909822107,60.0,0.05780666660040486,0.05293137497437541,0.8781144460742628,133.76674934929252,58.22496920436294,19.525642334906344,0.7377049306317174,0.5704316987361984,68.09064278401155,0.8208404659884689,4.949222099332573e-06,5.1671302612259694e-05,4.663144152231607e-05,0.09578280107376866,0.10613487247577494
18.015,57.784456888440715,60.589165119226216,60.0,-0.034814950526559654,0.053949866498976116,0.8311805921199461,96.42170318985674,46.206499696911436,15.372739920948096,0.7305631159475119,0.0,64.19457506463661,1.2975686260867902,3.4380594333719884e-06,3.935709352480378e-06,3.5873507834745693e-06,0.8735552159625917,0.9583839554274135
12.911826952235135,44.48783322434496,57.336491536296435,140.0,-0.009214649472149616,0.10923888901034338,0.8728225735434558,70.06121152633204,36.612839412225256,15.34426032124592,0.7355935762382572,0.005392841742939763,48.59147290322985,0.8716604691811745,1.5565897727393664e-06,5.84948281728621e-06,5.271100119351697e-06,0.266107247659465,0.29530643271689827
18.015,64.33161943721771,70.0,97.34459859021375,-0.11421784160409378,0.09497965454214244,0.8282348322813854,82.1160693973081,43.28849481482979,16.60732821746536,0.7360831991926945,0.16130631151966254,71.91890351262938,1.1544815707644394,4.1516308199269195e-06,2.6566832499790756e-05,2.412007022120169e-05,0.15627120094048164,0.17212349640166513
15.842523708979577,50.055362298910715,70.0,79.16366544360984,-0.022507988301831997,-0.032784088022415385,0.8619384637539678,63.66157660575154,38.84609141729061,13.877446021696782,0.7352485131516499,0.48006603198541303,54.94302484060946,0.6924281629099218,2.1000394149787273e-06,8.74888920680722e-06,7.989548960333147e-06,0.2400349764796149,0.26284830663221326
3.9720046949362393,27.50448524777399,1.7806692999766511,140.0,-0.04802426364053121,0.05819039250062987,0.864367940961916,43.450285994293125,29.65727648167873,14.179544976272176,0.7369456238255611,0.2820290376403065,64.07492909917772,1.1287270523367343,2.200520339985734e-06,1.3792908815428093e-05,1.1572107807915456e-05,0.15953997589865426,0.19015726231659824
13.396447956600264,45.408760462039815,30.124757262239406,140.0,0.02935158488038965,0.05777710187303633,0.8296334067789843,108.06191904267631,46.21016638802555,16.69376338306094,0.7344125102986193,0.0015667881521042525,63.21917530128223,0.9232293585179356,3.33613641106742e-06,1.0441160940668362e-06,9.392253598657471e-07,3.1951776531603455,3.5520084461351082
15.945607279906211,50.251407765960764,60.61147760145666,95.08927498081746,-0.044285319217802585,-0.041199857306456755,0.8367775063519519,83.84822172008386,41.646777800680546,16.05950306954789,0.7332294666990701,0.0,60.34448914097623,0.9291872842580655,2.7224530743164507e-06,2.747761594617523e-05,2.5157874380994753e-05,0.09907894046009492,0.10821474950892905
5.21755200874776,29.87027234974005,61.22830957700603,138.1895730589944,-0.05906636343201107,0.08967393536764737,0.7831493773485689,23.066065082490514,26.08917977252684,13.862063625046405,0.7322568757740086,0.1745299063679593,53.668889560908845,1.229389500277989,1.3363110751054133e-06,6.129305471592433e-08,5.240373474651923e-08,21.80199830631432,25.500302250769902
18.015,59.144445683531465,70.0,140.0,-0.14142158521443188,0.04103984872554411,0.8963260522532119,73.16398077213117,40.57174567521662,17.110894601027212,0.7391340135819412,0.30032977482383305,54.1420022586556,0.7533189529691726,2.128102146179629e-06,2.4429667636710384e-05,2.2494374989951503e-05,0.08711138349593167,0.09460596914252015
12.139107084884088,43.02004811244506,33.27615763748642,140.0,-0.21462249820554746,-0.027020347185036864,0.8913311692462863,93.05427303735253,41.91935486143533,15.752731194571327,0.7312540389233395,0.0,51.79996300442707,0.7855441231481309,2.015101748390347e-06,1.485897655781564e-07,1.365433618452466e-07,13.561511053938828,14.757962021428709
16.046452112976954,50.4434589519061,0.0,140.0,-0.23984872254511236,0.011552826837768398,0.7996095191120632,125.99669044649184,53.48254831010688,17.899317371198478,0.7314662959121843,0.0,75.86065882651725,1.334981334213634,5.792264401768436e-06,7.745832055910702e-08,7.224778424186826e-08,74.77911165590616,80.17220822132515
18.015,54.52016078587577,7.057942036802611,60.0,-0.15510321026576968,0.04627028637282993,0.7924567549782606,132.29724237895647,57.486447155604,18.992317569138784,0.7377591879073008,0.9956701515883938,70.26644294139047,1.2430657057734384,5.228031679575764e-06,3.7528906564611504e-05,3.488819031509742e-05,0.139306794632424,0.14985104221107737
14.779922494082786,48.037446100146106,0.0,140.0,0.056782286343814894,0.01668704722794943,0.8238802198299541,122.49485420326907,52.75657732239222,18.02138151189304,0.73077560697639,0.0,58.63722395742565,1.1669166299123859,3.2395220082448106e-06,1.6493184230259976e-06,1.4883425464853511e-06,1.9641580200755129,2.1765970581804472
18.015,62.849832567514284,46.095465014512484,60.0,-0.10798742991193534,-0.003758661202845841,0.83422783524677,127.34544291722827,55.20781305115945,18.83646127946413,0.7309477936957954,0.0,63.602611572161706,0.2861293290782916,4.0656552099363334e-06,3.1862570778370615e-07,2.89746972810565e-07,12.759972314274895,14.031743526081417
14.67652178249976,47.840841577584875,19.64963677377564,60.0,-0.14070197436802245,6.268659502486201e-05,0.9032586982508883,118.3881830727506,50.84370445498577,16.859616875033918,0.7293175020563802,0.0,59.38572110569723,0.8439634401958435,3.2166153500887125e-06,8.395741531715211e-05,7.750033364379818e-05,0.03831246278768628,0.041504535514294734
14.091962727407306,46.72974270374482,66.02880662056039,140.0,-0.11948412395742088,0.004309754014829017,0.8237422740442059,58.68227415912094,34.14895222697107,15.22412308530677,0.7357624158235508,0.12572189106119247,45.59807457738336,1.161490282223792,1.2860340560134836e-06,1.9761434020681986e-06,1.809627623240806e-06,0.650779723104883,0.7106622597362684
15.105083373736097,48.65476686478753,45.76396946013273,60.0,-0.14874493495330773,-0.041725331925968855,0.8346126061970774,99.39225701381909,43.09253821016728,15.311140450273149,0.7280680132261211,0.0,70.94973386468632,0.9339881980993219,4.013127925419337e-06,3.199501529462041e-06,2.9508211434127807e-06,1.2542978612340585,1.3600037855150864
18.015,60.26635897833338,49.21756777537655,60.0,-0.019458612021017216,-0.050735913166616624,0.8424303476684892,120.09135040004463,52.12478784379434,17.457739415347934,0.7283683356397535,0.0,65.52109512652014,1.0859387175312678,4.0619221265622885e-06,9.922368758770495e-07,8.981384007802378e-07,4.0937020436495155,4.522601553428273
0.7206000000000001,20.735271606788157,0.0,116.92539046553262,-0.2570791343876736,-0.028092317014788846,0.7803960424594372,19.031650684253727,25.78751318550698,12.598121772545667,0.7300781896923387,0.05996795543565375,63.159363682793106,1.3372008014673535,1.8517087152800176e-06,1.0752718736841574e-06,8.676629895120214e-07,1.722084210140816,2.1341335722080634
18.015,58.804670387866764,29.745833010323203,60.0,-0.15014748765610708,0.0467561397969368,0.8148354063134315,133.03114756635424,56.238314550874634,19.83873312685509,0.7361530788903241,0.428681648574913,52.25190423872627,0.80747464841134,2.7484330208079133e-06,1.233939679218332e-06,1.1355033601366712e-06,2.227364163010766,2.4204534458419453
12.49411162045863,43.6950519855279,0.0,60.0,-0.09379890064692409,0.0073690144714376555,0.8388691361457671,110.20789934982942,45.567014954741595,16.399794375386136,0.7311091503009025,0.0,50.70607139701862,0.7836129118078575,2.1024610479430298e-06,4.779226786750745e-05,4.3502251846626376e-05,0.04399165684649233,0.04832993600780868
16.434906320094733,51.18124569334128,25.34504368198929,140.0,0.02241022194618171,-0.03184605179982237,0.8163010085190325,124.07902949473511,53.23600882739445,18.006167669840487,0.7333152892774211,0.0,68.82987870572785,0.9888057241360092,4.629574582471294e-06,3.3229882838254994e-06,3.0245080686347344e-06,1.3931961797775654,1.530686801758505
15.586810625606459,49.56988386303656,47.677284174357716,100.957131529485,-0.0628166097340352,0.018408638674726818,0.8504268373244815,101.35440794220477,45.843162955653014,15.916104782434937,0.7281007689880198,0.0,58.11368087908817,0.5418862030001504,2.7832946270047842e-06,5.849498446666203e-07,5.352078130778979e-07,4.758176538351017,5.2003998428171005
16.10254567505514,50.549616678784005,57.71210837835197,63.06348675997451,-0.0944792364669063,0.013572442434671867,0.8524488996043754,88.0121540740718,43.085212784167226,15.250104425927848,0.7345514686116492,0.0,58.5067390671569,0.7976271624681852,2.643830531001525e-06,3.997857953765427e-06,3.6747824500401646e-06,0.6613117728486085,0.7194522579078466
13.577706500978568,45.75302056484227,36.46468024532559,140.0,-0.11981097050758557,0.05700124769318137,0.8160431787185924,101.33374308209672,44.770138569911445,16.274084697381333,0.7321141506943183,0.0,44.71851796587415,0.9347243661718538,1.6364312797099303e-06,3.514536228018323e-06,3.216647584786905e-06,0.46561798585659614,0.5087381307947478
18.015,58.03697137609546,51.56040369299289,140.0,0.033320600712715545,0.032428683986778895,0.8547529187108176,114.464703546587,48.43872387684059,18.42305058772549,0.7401332649882127,0.510183532187319,65.83726267477333,0.9382068993965825,3.81909870960251e-06,1.1368339725872081e-05,1.029595231216661e-05,0.3359416415847426,0.370932051141061
17.87075541658454,53.90927857218243,8.874739682500739,91.63728442909968,-0.07903243082100882,0.13776402428484497,0.8408776948064598,130.43001188988842,57.05794862528464,19.050946538911347,0.7402222726210291,0.9161461315489724,64.01425633266464,1.1301813650550239,4.224854747944261e-06,1.0782669646081766e-06,9.941418432060484e-07,3.9181899164271434,4.249750452429761
8.922330911282518,36.908787496486056,38.495702095247985,140.0,-0.19483606963443867,-0.0487842645501677,0.8187041368237303,68.0912065265252,35.813362614393604,14.13062604892658,0.7319380132963671,0.0,43.90591165941246,0.9343176098431596,1.2680675708580883e-06,4.299085203315994e-05,3.890575008932704e-05,0.029496218634606157,0.03259332021479148
4.555958612037919,28.61372493710193,20.705454733644267,140.0,-0.16019460947404518,0.14418464675753878,0.8346610715253889,42.6722709810841,29.379519434197604,14.146929861767614,0.7376007749887836,0.3409075557068794,54.9817745385896,0.5871684497079409,1.593069877930199e-06,2.1030879976769756e-07,1.812099150562391e-07,7.574908323807034,8.791295318668322
18.015,67.56040971507903,70.0,126.38448385884742,0.05136859570500023,0.06371457220922126,0.8569476737853622,87.38251856968138,46.36809173068293,17.30555024552258,0.7369204111885125,0.4630947572009831,57.54486728053307,0.8878945780089778,2.7465248287317e-06,8.023895539605284e-07,7.104935902279694e-07,3.4229319352116194,3.865657433799576
18.015,56.87873596851811,12.498722638202935,125.72238351139106,-0.16156637053048695,0.019435138707919616,0.8848275709265792,134.95787118216262,58.755229447823744,19.907720558993336,0.7393407370399002,1.2291087033201338,63.43949328164346,0.7383270431084481,4.281190644926747e-06,0.0002823800808712576,0.00026496557570980994,0.015161092920285064,0.01615753530796583
13.404546326506567,45.424509524083156,2.6250560832724332,60.0,-0.20796857017124756,0.06702041346650814,0.8412422681150319,113.06603642298424,48.173859235236456,16.84907841076005,0.7300315820607528,0.0,77.9953368291962,1.5371201683610882,5.560936082496466e-06,1.8649484150824562e-06,1.7200148453736402e-06,2.9818176403826144,3.2330744687778896
18.015,60.618131574460264,54.26423857633311,60.0,-0.29575879408532474,0.04364636584547174,0.8247010907509271,112.32906988570755,49.444315045380165,17.111054178095618,0.7276334444165803,0.0,70.4063427334734,1.0087227089214408,4.52329907786056e-06,4.397663567870571e-05,4.113281097834582e-05,0.102856869518348,0.10996814879104251
8.667665472721302,36.42596687036151,0.0,60.0,0.0379945109271745,0.09801138832773194,0.8004574367307071,88.1976557907481,39.796687192099746,15.787613638290086,0.7286946896482577,0.0,49.35370785020075,0.6078130315636268,1.7506704816637399e-06,4.92613827551014e-06,4.310552837025414e-06,0.3553839506225481,0.40613595236007505
10.845919256416835,40.56329009725699,35.99329234872772,89.34374754054556,0.02240088314298959,0.0061707490099828,0.8084583670702143,88.05653952979422,39.89717826268077,15.991617688790402,0.7308651399335306,0.0,57.768920455092115,1.062345783598441,2.3776294379303575e-06,7.34949693543206e-06,6.538862450892083e-06,0.3235091406689024,0.3636151480149246
18.015,56.98656889776199,67.34962964119424,60.0,0.04343013458397564,0.02929896948237738,0.7923893344702964,79.5984572814717,43.323733317101954,15.74407832411379,0.7338624268090862,0.2030782872432912,51.56280164617947,0.7474322224244588,2.0655403535799805e-06,0.00018486218809557505,0.00017144433195644487,0.011173406389153425,0.012047877757222837
16.577658222558444,51.45238124382614,33.45443167048678,140.0,-0.16425385927383895,0.06745961695228082,0.8141712402467176,119.9513708999722,49.51713293412478,17.99506567518091,0.7336136654801116,0.0,57.98395220090048,1.0947672832927067,2.9727049767198867e-06,9.978645629116947e-08,9.246770673065284e-08,29.79066585996154,32.14857469515292
9.340069498209951,37.70292736071208,0.0,140.0,-0.18477417686235864,0.04914081587589192,0.8535063329391087,89.90692374998198,40.73112031813015,15.591311578682445,0.7312692468676244,0.0,59.34877201383217,1.033851809092165,2.568345299434688e-06,1.2272907861107006e-05,1.1089242752070009e-05,0.20926950063511887,0.23160691463402763
15.58961017318376,49.57503430632414,69.07861527674282,68.30594915151568,-0.20621411294514355,0.005629511963448007,0.8474509021727729,64.45602567697298,37.595685430103096,14.878680593184825,0.7353880674076261,0.2601406917121882,65.23727333353635,1.246323347633773,2.8986060042635e-06,4.209394015263092e-05,3.914940045561427e-05,0.06886041063757092,0.07403960138673904
18.015,59.29774886346876,35.16583839176239,60.0,-0.08064591524816603,0.05021253952304469,0.8368443835780999,131.0657711445562,55.71253536774835,19.555272661461682,0.7343846970175066,0.0,67.50778620371958,0.9329051529042653,4.64223162139047e-06,1.329178191084176e-07,1.2131796010754723e-07,34.92557771809303,38.264998993349174
18.015,55.675153078602236,37.456368898570524,60.0,-0.16354924407767654,0.036595488242951384,0.818646537362012,124.93148608056876,53.427708819894555,17.102098663359232,0.7303390207070024,0.0,66.36650157656197,0.9967545747789063,4.28525864594331e-06,1.3829757519370224e-05,1.2829294277099979e-05,0.3098578293900883,0.33402138522867986
18.015,62.60654810169194,66.93045617396585,60.0,-0.16000239757781495,0.040018996973798446,0.7958789313048537,86.95815341385178,43.029471315517426,16.52933033175667,0.7321074100168912,0.0,62.029474428624525,0.4344226868218839,2.9983319923586415e-06,0.00010786900880311884,9.912225012952039e-05,0.027796046571922795,0.030248828980786874
17.365540359901622,52.94931389164296,26.863247792105774,82.83535107669724,-0.1408289882938429,0.0726157350575736,0.8211122266302867,126.13322639187194,53.81789175174528,18.56127011975024,0.7341235355716247,0.0,68.97271100147313,1.3530462721565613,4.691171277033603e-06,8.398319277475904e-06,7.781571032169269e-06,0.558584536029157,0.6028565771153598
11.986136591416017,42.729581873111904,25.519487421196324,72.9596124383867,0.0500858966448003,0.05673634350480705,0.7954620016096965,102.4992993097144,43.85485193650606,16.31602790898348,0.7297204741169111,0.0,78.48328225934475,1.4796289501466149,5.137959073257164e-06,6.735187034828485e-06,6.013924455373062e-06,0.76285321353188,0.8543438001896951
13.882464776729737,46.332416215108175,11.07984904283051,60.0,-0.16548783801880657,0.0441318651623695,0.8164155825432114,116.54547948834382,50.24937293873889,16.852857048450726,0.7287811236434968,0.0,66.66035877858776,1.1332686310115314,4.065740101997278e-06,4.6083290973806226e-07,4.237430858689165e-07,8.822590609486305,9.59482346162694
18.015,65.74572095993014,53.87665081450949,66.91727323865949,-0.2914236511185914,0.01996864196388577,0.8735868086963002,119.89953821786226,53.644564821262215,17.187419740189455,0.7307883513127268,0.0,50.86275464407401,1.2751337550349895,2.471410103095007e-06,1.312698744441095e-07,1.2145984392527348e-07,18.826940404725185,20.34754881305058
10.32122424822341,39.566659052121686,9.844250690749103,140.0,-0.09771814605787811,0.024204900841923338,0.7886268965540887,93.68460522689671,42.48475052165705,15.89695151946038,0.730323569219955,0.0,31.781981987845693,0.8563490011673166,9.451605703897722e-07,2.1429671571797648e-06,1.9256439563331394e-06,0.4410522892164355,0.4908283108522155
15.722471168071165,49.82823709347694,0.0,108.54485994348646,-0.08030396122827987,-0.02947544244300382,0.7965106841237257,125.65022900038957,53.69104708895829,17.965488315875714,0.7308721199815302,0.0,66.26080015104094,1.0553398697056966,4.289411296418646e-06,5.583038398814209e-05,5.128664984029564e-05,0.0768293353907378,0.08363602048048924
9.203335917052073,37.44206801925825,70.0,130.3605777052798,-0.1354101814999807,0.07584489515877015,0.8111590481082073,33.965103738701956,28.86693939299933,13.218470177418947,0.733994934842542,0.054035028757078565,80.19657823709241,0.873791718900124,3.5671743162957012e-06,9.435530639650885e-07,8.464600290431225e-07,3.780576262775706,4.214226536282168
18.015,57.31872663569677,57.500468246449444,126.66342189429861,-0.07704725417279165,0.05411106404927644,0.8194375315309382,103.69995309273521,48.258139081249624,17.505747194064206,0.7322185084383294,0.0,76.39697509689721,1.0597989854481422,5.319424112933774e-06,2.465303443404764e-06,2.2585030053651977e-06,2.157715768078943,2.3552875954989614
12.826363055337822,44.32658725520912,0.0,60.0,-0.1416594186078221,0.00768934918194058,0.7710157346196712,110.53891659924572,46.48519748246499,16.85264895190852,0.7277909351632439,0.0,69.86212059732038,0.8507588891156878,4.183533129711188e-06,5.048075460662009e-06,4.6149617433336265e-06,0.8287382314927908,0.9065152350947129
16.35511260114229,51.029594361979825,37.23000730386069,103.08952874117793,-0.1788575516285692,-0.051463437390198985,0.8358710239071134,116.03153436071422,49.725392359222795,17.15394849072249,0.7303646768659432,0.0,62.97672056882442,1.080477119604104,3.5554619764858126e-06,3.0312378448165042e-05,2.838370511443803e-05,0.11729406132104564,0.1252641951482664
10.497369136704904,39.90073989522379,66.69843737820426,140.0,-0.10687527534280518,0.10411391580197901,0.7855681947825974,42.52420281227287,32.63062967610279,13.86400145606587,0.7341587105582761,0.12838461501123088,59.09236191534404,1.2285895264500903,2.035171017987434e-06,5.4383949459344926e-06,4.912704312499264e-06,0.3742227326665268,0.41426694719024754
16.51937733743858,51.34167909540355,32.443632453564184,131.7730147748876,-0.13965811882155188,0.10705599154984924,0.8186137714241409,120.50276051831891,51.17290375045997,17.49501439015631,0.7332886481930806,0.0,66.27544568571375,1.6702123075024424,4.074242456430322e-06,3.4743304813681956e-07,3.2109593133267144e-07,11.726698074000952,12.688552108152386
17.953963551509837,54.06707101177398,42.27570062101795,63.53231169958994,0.036055991140793706,-0.015022991989064172,0.8107921105660255,117.87447827923721,51.810614255380486,16.75400647122777,0.7271815031585642,0.0,52.643919803075725,1.2331737321553482,2.554148559155546e-06,0.0001967891570506544,0.00018038349728696155,0.012979112251078432,0.01415954672999992
14.549106246329854,47.59826146237654,64.52737310044702,140.0,-0.292947830524114,-0.030197058031510342,0.8758622955155051,60.56783999856559,35.28623537341323,15.298929304536005,0.737109350036786,0.1432956855353764,69.73278302912625,1.1312483010003092,3.156566633174937e-06,1.2853697206796269e-05,1.2004052556768168e-05,0.24557655143034895,0.26295841493922734
18.015,60.63634556286265,45.22451229460881,60.0,0.08157444245989483,0.1318951895873249,0.8803135484436406,124.71640546380857,53.25550121376131,18.94275793006644,0.732447520786333,0.0,46.96701381632396,0.8667111740256672,2.127330605623952e-06,1.6059423014765607e-05,1.4413528361714663e-05,0.13246619157288578,0.14759263327046176
18.015,60.00274388354653,35.4800903554528,60.0,0.08380768694253547,0.06441428384274367,0.8001248890203908,131.31697130435145,56.77852455474499,18.97219575440287,0.734116634669331,0.11505505810385266,53.82141048943695,1.4882302374230667,2.9164583661956704e-06,5.649385417148713e-07,5.064279559424175e-07,5.162434762094226,5.758881064866176
9.629482575296596,38.25301996004309,0.0,60.0,-0.21351070359220717,0.08782848562710108,0.8164851184844318,90.83511767438635,41.0571686657922,15.80428956754739,0.7312090577451603,0.0,60.68498793321709,0.8491201513812797,2.7182248661199097e-06,1.4339352160909732e-07,1.3029190498172557e-07,18.956399393900213,20.862576738755653
16.85233505818624,51.974780397310106,0.0,105.65239591242963,-0.14020000749821787,0.07357966044959031,0.7932820869944006,128.0218718313778,54.38978873017403,18.496884636668273,0.7353290433577985,0.3175766377951195,61.405316220394646,1.2159952678501114,3.679679355069083e-06,6.543553365500689e-05,6.065503976270072e-05,0.05623365699849423,0.060665682018592446
18.015,64.29220910010064,53.681812872380334,60.0,0.003177256266890527,0.08893605838680614,0.862941922349982,119.63278642884049,53.90333865180634,18.077659363274034,0.7289331470139566,0.0,76.9288003542045,0.9688204625664945,6.040917323632894e-06,3.549259524812157e-05,3.183955552918877e-05,0.17020218672097828,0.18972995141514806
1.1746039153540015,22.19025278683139,0.0,140.0,-0.17436832277922001,-0.008842994132541148,0.8669929677265142,23.7746259781709,26.84326279580302,13.233015969680848,0.7327212452384602,0.09961057925639782,59.23758009366447,1.411381517276142,1.6801781811352798e-06,6.710829857408172e-08,5.3926953563109626e-08,25.036816859251907,31.156556603350516
18.015,60.33857717970854,59.927678184372255,60.0,-0.1572780692850408,0.05369789315264486,0.84094113831996,101.86761318988536,46.470185283866655,16.553531863255927,0.7301081151163116,0.0,57.642818563737094,0.8306059878501076,2.7641155038143544e-06,6.148092361127545e-05,5.656257450362808e-05,0.04495891313037175,0.04886827603006395
18.015,54.56173013218383,0.0,60.0,-0.09026355435846778,-0.0022348629315808123,0.83218100426397,132.39880547241438,58.426180347002216,19.039867259943524,0.739119144985047,1.1100221617667863,55.70695464431395,1.1152466195414568,3.2299779517069305e-06,3.311190201127468e-06,3.0562758257348237e-06,0.97547339642619,1.056834571182836
14.802902935428035,48.08075887620105,30.520377072760706,123.95273803932918,-0.015723260328204203,0.05286362226335113,0.8485157391840941,114.0144459575943,48.60793842553664,17.20441613199344,0.7332843497390398,0.0,66.97174379360341,1.409676040202616,3.966573770608939e-06,2.3279625336413516e-05,2.1194518324563477e-05,0.17038821343935057,0.18715092788930532
8.616011892372727,36.32689220863907,34.4862769440142,138.88484875621685,-0.09962324006593795,0.13475146198629875,0.8270202794446111,68.68758466935783,35.81769790068534,15.076379337511437,0.7321577805608049,0.0,35.85116655230465,0.8929347122367032,9.259426198758008e-07,1.6694564635389607e-06,1.4850621229653364e-06,0.5546371768886753,0.623504300296139
10.76529508032146,40.41014344709745,34.252670349359924,84.23686984491808,-0.012856424245615117,-0.055230645923316606,0.837209721338168,87.33618386203676,40.24759874044089,15.382068926243264,0.7311809867560374,0.0,42.81592622485661,1.1039951594934214,1.3599468176412872e-06,1.557125377909029e-07,1.3883241117837555e-07,8.733701453555902,9.795600365205727
18.015,58.112530594311785,70.0,81.16914929895017,-0.015624189172690789,0.09863371629846401,0.7499487934512691,74.46782513059671,42.418035964011274,15.073939336733257,0.7382057108653023,1.0379793361792673,46.553806082804456,0.6341031269081363,1.6761350421205878e-06,5.446220376366527e-05,4.960568450265013e-05,0.030776114925390324,0.033789172731424406
12.337676516272328,43.39722316641205,42.06167588096849,130.71421815519358,-0.1014632772372198,0.10426112434671192,0.8637883797319993,88.96788814872666,40.44838610266371,15.838090502168248,0.7284477664561951,0.0,57.795399389322284,0.6925489650385137,2.423241284999387e-06,9.12522426007196e-07,8.285926325028436e-07,2.6555416238945977,2.9245267094395397
17.285486531264663,52.79684992877484,70.0,60.0,-0.04033464795118237,0.07288122857113247,0.850699328969762,67.00045113597236,39.6117053293713,15.563581178312557,0.7377646082264574,0.41984545417611663,66.5523319044813,1.1646874469474156,3.192880040049675e-06,3.1990895240002314e-07,2.9343183999596463e-07,9.980589840003002,10.881164225714512
9.730577902759942,38.44472134807459,0.0,129.3080350460056,-0.13645889663326177,-0.04097030493547002,0.8865029103176257,92.50547282199592,41.34345736091654,15.863568131191858,0.7318719279096175,0.0,62.363183299117146,0.9932416711539194,2.896770463713678e-06,1.2225858702753564e-06,1.1004770555402986e-06,2.369379962702541,2.632286106402698
14.247912053226296,47.02611464152509,66.62735341992942,60.92670382866566,-0.248862326007512,0.025127994804608714,0.813433081621262,61.53430089030776,37.15027746302172,15.444770046322677,0.7368344547435853,0.359060192710586,71.05745030759411,1.3081625468011602,3.463900845267017e-06,4.3142132611033836e-05,4.0140640161223e-05,0.08029044082028308,0.08629411069067214
12.405974340697075,43.52648272245762,70.0,140.0,-0.23003399023009646,0.026129489188136512,0.7547019061900806,42.847536292916516,32.64762488794011,13.861075341175516,0.733172437514038,0.24440407862868452,57.127169923413426,0.8926005671442837,1.904971148095049e-06,4.573903405819954e-06,4.216693215852071e-06,0.4164869650878753,0.45176896932733335
13.666219770787285,45.92158350885535,0.0,131.9402927027937,-0.004942192124722203,-0.018526122344516796,0.8287280610516705,117.36245921099258,49.46086946258674,16.875630836341966,0.7297164619223638,0.0,51.6899766546669,0.8033747253652244,2.3671827855753714e-06,1.893619506808149e-05,1.7129680924933925e-05,0.12500836504190074,0.1381918785264532
17.711628456792646,53.60684086593144,29.74212596293858,60.0,-0.202084510178623,-0.02051390293480051,0.7714468641811124,125.46795376464529,53.430989373268226,17.556785793202135,0.728833648962278,0.0,51.96169367017115,1.0848376306355483,2.5724833414198107e-06,5.712211308262413e-07,5.325870871501452e-07,4.503480705797506,4.83016468759143
18.015,60.29962245709286,43.37933968403637,60.0,0.025703106009484958,0.026890128508563677,0.8460671702216293,126.06959388958988,53.70226101547333,18.912184736399357,0.7320344899891827,0.0,67.18724330060984,0.7843150242387816,4.433050486480345e-06,1.4030529028288414e-06,1.264302187162574e-06,3.1595747227651994,3.5063219311747567
18.015,59.21685393989128,32.97461049074089,60.0,-0.03135088584960577,0.03713781012852283,0.8171304063505647,132.11377600688192,56.078085767686666,19.428353739514705,0.7353373585800993,0.24572489548795792,40.49703640856913,0.8131173126539704,1.7424279352520144e-06,1.728758768022612e-05,1.5765629185701697e-05,0.10079069257563548,0.11052067219951313
12.927120409603205,44.51735790247498,12.031303905363632,99.06432140334002,-0.06302789145708823,0.0765704791380085,0.8154468841672258,110.89901592263698,46.747136832665475,16.870675320739615,0.7300386320328213,0.0,73.02247297539547,0.9558828286991954,4.646908725039796e-06,9.79062635100301e-07,8.873316026267001e-07,4.746283392342655,5.236947169788506
18.015,55.32153131232772,48.962954229708046,140.0,-0.15819589152655805,-0.02727075982771601,0.8189995382042508,111.85144854153965,47.31479938530497,18.085823320768313,0.7365744472031973,0.26466743076066074,81.02522956576013,0.9255285538986612,5.988697828189666e-06,1.0809286722375568e-05,1.0023735050484235e-05,0.5540326556231385,0.5974517281260701
12.691296319887766,44.06883114697749,62.14258499456815,139.7864477599207,-0.22804428067824423,0.05393560656116454,0.7999558269020419,58.72216583045003,34.42369315721568,15.13669083343867,0.7356722632267756,0.16653442989816922,53.586535026031484,1.1509703772461575,1.7594902970367433e-06,3.746710401140264e-06,3.4585462180362095e-06,0.46960936625933636,0.508736962328581
0.7206000000000001,19.0959,0.0,140.0,-0.13275803310951614,-0.0533967547565829,0.829469581335426,16.73860921852598,24.713682605004617,12.572997654169034,0.7321753837820771,0.05295433565244878,83.47911730023274,1.0597376501579172,3.3554430880017526e-06,1.2034206346630746e-06,9.451549816119642e-07,2.7882545731328485,3.550151195605017
6.8459647753327015,32.96460235214999,0.0,140.0,-0.10209007602704138,-0.004324188444049162,0.8355091197322402,69.06050280674172,36.08097261062266,15.07371160555965,0.7312891052955969,0.0,74.80262251143478,1.2567768795787084,3.784213204256903e-06,1.0214858819029664e-06,8.954104548885231e-07,3.7046162568660694,4.226232990241364
18.015,55.97115898572089,40.04188967727417,60.0,-0.19901415629235408,0.09621436542265659,0.8172921709637881,122.45543186666409,52.3863246739537,17.095031102498616,0.7295504329612146,0.0,48.55198476529418,1.0896975051414834,2.215422237076209e-06,4.365591811187202e-06,4.058449909564029e-06,0.5074735185729,0.5458789159514836
7.285532403622506,33.79877430498627,70.0,111.12273020917564,-0.01486132352442017,0.06397754971860098,0.7268028129359785,27.694318648906233,26.674048994839797,12.550887196258898,0.7295388095802461,0.0,68.06508498775999,0.8558038277846317,2.2648379466373018e-06,1.5783682067423657e-05,1.3777847573083096e-05,0.1434923699655455,0.1643825666254264
18.015,57.37643422109296,55.5734072798794,140.0,-0.1317872498892415,-0.019307125697909665,0.8270530023932969,106.39614931008765,46.09570069074588,18.35496172591034,0.7362333274769477,0.22421896313290757,71.0015615300032,0.8903285813587601,4.301136924472902e-06,4.809501524760848e-06,4.430839942733466e-06,0.8942999398855115,0.9707272165239739
18.015,54.57878014295575,70.0,97.95391010267964,-0.0880073455868044,0.0340967046860188,0.8237529053360567,69.92373211006267,38.96288875985058,15.86158180491775,0.7360315790550029,0.20807940400079836,51.84429457370396,1.287608978054932,1.8626648703845754e-06,3.1472457499490047e-05,2.9077876509812647e-05,0.05918396650197261,0.06405780249310843
18.015,55.57829246588588,34.835371686517554,60.0,-0.10343037245104245,0.05421700551533595,0.7834952668496916,126.7482332964599,53.6019369617508,18.13537352371372,0.730093054611531,0.0,65.41097356618128,0.9801113962542144,4.165078582381777e-06,1.112084021668517e-05,1.0263692545010363e-05,0.37452912740646116,0.405807029401578
9.624020212363519,38.24142437364289,70.0,60.0,-0.1777558560584159,-0.007303925619977792,0.8054072792819327,36.04280551150933,29.382677629173116,12.298637118749205,0.7329021662316243,0.2129978615063224,60.89038638692815,1.0415913107433508,1.9555557448935617e-06,3.1241211807388567e-06,2.8248513688662238e-06,0.625953870467685,0.6922685442662562
15.515936791444611,49.435425250209136,37.99134956075034,60.0,-0.16022157418748442,0.02058878851270593,0.8067715072838081,111.53582448790218,49.1140179952883,16.614773088124988,0.7252377673869183,0.0,46.85414674647018,0.6819570775570911,1.9610813572513623e-06,7.246098270296522e-07,6.692686995905433e-07,2.706396303359976,2.9301853776385274
18.015,59.64500505274828,44.00765840391125,115.62562547759947,-0.23771507112019868,-0.03484477414429314,0.8501089915375383,126.44586964988575,53.91348286960917,19.322072133229977,0.7405745881471459,0.7330042771678155,49.750408688786145,1.1574906400163383,2.3846708813622704e-06,1.4225873232559414e-06,1.3193040073670885e-06,1.6762913899052354,1.8075218964287962
16.789917693322607,51.85592064438733,16.376542601783115,60.0,-0.011535698832160046,0.10476351472746928,0.8227628523722733,126.38640832790318,54.18231609395514,17.997511556905952,0.734260786054026,0.0,48.65597924851222,0.9046020787209075,2.30786148413171e-06,1.3730340702725596e-05,1.2557009534469628e-05,0.16808479367693901,0.18379069298279285
18.015,54.63902454053901,70.0,140.0,-0.09018076346956018,0.10170304206414059,0.8070504604199057,67.27983084667393,39.96013743082829,16.544152218208843,0.7370698879873492,0.22201834395972972,68.59883181924606,1.2769384370987398,3.442641092971963e-06,1.9914775527509805e-06,1.8369168326374209e-06,1.7286868678064582,1.8741409691526776
9.458781529277099,37.928549529380966,0.0,60.0,-0.23044956313498088,-0.07099708377508929,0.7990217751964362,89.31557655434897,40.99913656997288,15.547049365111633,0.7295447098536143,0.0,64.28876195689014,1.4605046258344176,3.0569590473778177e-06,4.2636092444023156e-05,3.8914579503479356e-05,0.07169885587876734,0.07855562327493465
16.096857053408424,50.538522485318616,70.0,140.0,-0.2213365874358132,0.008652978324554566,0.7754195583748822,58.64798953396523,36.07386898734897,15.170325414115005,0.7335992454165604,0.12212474337415816,64.6351116022782,1.2276413576640381,2.7258085544140603e-06,2.1833548614388734e-06,2.0319710743895073e-06,1.248449623355179,1.3414603134707574
18.015,57.93163544230556,47.42229678767045,60.0,-0.19022120824303557,0.11294249678564547,0.856754004000018,117.88380390011389,51.95926591816003,16.019002820494375,0.7285632757789161,0.0,78.34358451711684,0.8871499910711663,6.0780592231494415e-06,5.862930437257663e-06,5.431875527190399e-06,1.0366930476480978,1.1189614328834365
18.015,59.43089237124976,70.0,140.0,-0.18941366601306692,-0.06429577204674326,0.8007053090367663,73.4476029587747,40.886115893550496,17.067102540039006,0.7366523202806399,0.3024209684953148,48.50023591603588,1.2507076835042614,1.7212630538103493e-06,3.0641482699862354e-05,2.842072052507018e-05,0.05617427428921647,0.060563667001053235
18.015,63.851950973079354,70.0,65.2791914112249,-0.05350090841974103,0.04003086873100455,0.8494908020362792,81.74720785166534,45.16297028197099,15.999688585292562,0.7366139148060937,0.6704345267183593,73.96015592469085,1.1309494110369187,4.617881281889304e-06,5.061857178115047e-05,4.573178400120357e-05,0.09122899203586236,0.10097750137558094
18.015,55.79663693147711,0.0,60.0,-0.09377568920848325,0.10415277258863875,0.8732465185868737,133.42190667684878,58.8917866670123,19.307401521142065,0.7396786068950735,1.1966806068691327,56.34661102258877,0.6394127209794785,3.352287953419433e-06,2.5747893691325172e-06,2.3707509620944154e-06,1.3019658981071782,1.4140194423702306
14.81947660645934,48.112123509991044,39.26464279739281,140.0,-0.08453066204686954,0.04898199208528778,0.7574480698752741,107.3944980583115,46.10282074524138,16.941463712511,0.7300760533865005,0.0,58.33206349077684,0.9299388164687985,2.8072494781051834e-06,2.8179780039877582e-05,2.579988548367628e-05,0.0996192828379997,0.10880860226613581
18.015,55.670765331190424,32.67667724323353,60.0,-0.21691049470306012,0.006310118036874483,0.8626585124604285,127.72714863829002,54.66641697956907,18.49510592112184,0.7324124644001988,0.0,73.08276080690392,1.1005504798561396,5.439828378395492e-06,6.1327992241414965e-06,5.716157866469799e-06,0.8870057830984984,0.9516581776554461
18.015,57.539913698186695,65.94829737138235,60.0,-0.16472654983982415,0.028983744242189486,0.8170540975511691,82.04081722210225,43.02098904929394,15.22177749439673,0.7343574128559986,0.09863043103502833,60.448387902726125,0.9354905379524355,2.822335396136705e-06,9.748369766291946e-07,9.006324942883379e-07,2.8951870556816766,3.1337259248755607
13.125425269165753,44.89388738816404,38.18343671813536,61.16658545658663,0.009926105350316364,0.07072007111303304,0.80375630954915,98.5526115731347,42.4041251674166,16.28880404153824,0.7286145970039032,0.0,61.00706980268866,1.0326187041108337,2.833922125802997e-06,1.0714913900208755e-06,9.642520286030306e-07,2.644838915362432,2.938984872978353
18.015,66.43155140262955,47.484768262532135,60.0,-0.25011879985973035,0.03517977516320658,0.8019496441414978,130.19929888178152,57.077234547598145,18.482250479346064,0.7309374343369267,0.0,51.45184857648026,1.399496027258916,2.6847638975045287e-06,4.2937548354372366e-05,3.948297506331331e-05,0.06252718192819542,0.06799801416178365
18.015,63.48356013959387,56.75680100345882,60.0,0.025785159651444386,0.14916111852290298,0.7710709078792697,114.22194594635147,51.845496882222236,16.294357619941593,0.7269888036250804,0.0,55.12284035580518,0.9057784760798478,2.812886133925747e-06,2.707813345458009e-07,2.422990620015231e-07,10.3880355662032,11.609149910403142
18.015,56.37068474558131,32.15963841262172,140.0,-0.07532133765222618,-0.04063761298483402,0.8531063012243858,128.13589072548467,56.46151040553007,18.54025617178825,0.7393399249550435,0.7200654574743597,48.6136853674787,1.1297679611998972,2.391883652775123e-06,0.00027209764616645813,0.0002530221753242488,0.008790534157402696,0.009453257010813048
18.015,55.39669113062221,70.0,140.0,-0.12147796248916548,0.01498155521595205,0.837305910728525,66.95939755019272,40.1625771439,16.518952935284442,0.7379338570131734,0.25503991945111937,51.8235920360827,1.4319266364211507,1.915173979935431e-06,6.409157962838793e-07,5.920029657582105e-07,2.988183457233979,3.2350749754818597
9.232378211897414,37.498129484850566,11.97642110262499,81.87410028684407,-0.12245805783837094,0.016787462997542874,0.9127106647095274,88.46619302276346,39.91938655586544,15.646434388171475,0.7305890064851946,0.0,49.49469157750388,0.9399973383906853,1.754588373805914e-06,6.316075589171964e-06,5.6657187475488496e-06,0.2777972411878529,0.3096850465027052
18.015,60.63750838303971,70.0,140.0,0.0018168942427057855,-0.04115549425074659,0.8791857708516658,77.15906791644014,41.62689520376888,17.221266235454962,0.7382955688033915,0.2735558777685239,51.17422830969149,0.9880402491355658,1.9483840208071825e-06,2.5390243879462004e-05,2.2964765600382843e-05,0.0767375071329353,0.0848423212634359
4.165688717588654,27.872264960417002,27.21563297310021,140.0,-0.014845650963903195,0.058754587354393074,0.8049482599605466,40.86487531433504,29.73014222774216,13.441837039623985,0.7360424114625419,0.4200673177346159,69.86919679097355,1.0042037596316769,2.67341469278828e-06,2.473452770382866e-05,2.0772762021125254e-05,0.10808432345261484,0.12869808502449026
4.6783113359117285,28.84667391172348,0.0,140.0,-0.15267714841945507,0.06303506896916317,0.8306834165660129,48.13048257155442,31.22085364506135,14.14509624986416,0.7353023176898236,0.10446158401491988,61.53787051888638,0.8807976821917196,2.1284066546334058e-06,1.7669964294948347e-07,1.5232269549587978e-07,12.04533647666676,13.97301070404822
0.9103568441036264,21.68792454565127,27.960702331263615,60.0,-0.20828175500156654,-0.012534540398338682,0.8283124177011478,20.318401201332094,25.303883351795204,12.596043511846919,0.7311616240733646,0.089074849144368,62.97554902811926,0.5532796888966907,1.8184638327552524e-06,5.070750930361713e-07,4.0680880018981454e-07,3.586182515625029,4.470070047419742
18.015,56.015736880103326,37.597640606751675,105.20384988074333,0.0236939038657948,0.08792263447193037,0.8414031721834211,125.61547626757796,54.617635456723136,18.757256427951166,0.7378842730388063,0.31931310131631024,49.781569249417466,1.1650112253494487,2.418424647645459e-06,4.094884855317026e-06,3.7260221750527613e-06,0.5905964961396271,0.6490634070397645
18.015,66.3391115058416,70.0,60.0,-0.13948274593496948,0.038073881809200315,0.8662424269312702,83.06746228782585,44.62146766616651,16.553524709443778,0.7357710406362483,0.23182088752537608,54.03941453121656,0.5082235198351204,2.3409169927748794e-06,0.00019770112636835583,0.0001804820196126569,0.011840686169957846,0.01297036124595048
18.015,60.467010038429905,70.0,140.0,-0.2042702422182621,-0.008584945694048671,0.82532426826332,75.62521710755507,41.224021658569214,17.056819135206535,0.737519509257306,0.294473484982392,73.75124166427953,0.9404820124488757,4.19234515731738e-06,0.00022833518275635234,0.00026701646484377493,0.018360487011722892,0.015700699055281937
13.21742657657989,45.06850986496703,44.478077366215636,140.0,-0.11912988734195205,-0.01499999011015929,0.8522193276491304,90.33069343601301,40.96544890243624,15.821390704140507,0.7292449294982082,0.0,67.03252534601997,0.9260479931462355,3.3606744746309284e-06,3.0251792352969385e-05,2.7652391054047887e-05,0.11109009461057798,0.12153287099341006
5.704635905256177,30.796396518161597,0.0,60.0,-0.14504344797032223,0.019616095550472733,0.8304830685787116,59.14396696617588,34.539364860955956,14.145903301678658,0.7327231158133021,0.0,48.947277724286984,0.8361540143417417,1.4894993011430884e-06,9.773585850269507e-06,8.53973600565985e-06,0.15240049291652924,0.1744198298584287
18.015,59.62856165661075,34.714948409783325,60.0,-0.13164346913786118,0.04872964091283772,0.8609672890371817,132.1552872002137,56.132522907561736,18.895126120147744,0.735292361360366,0.04108298828600466,63.63812193602261,0.9511888703039975,4.109654275904199e-06,5.804631383656137e-06,5.32776742838593e-06,0.7079957372445018,0.7713651789693899
18.015,55.21008141941505,6.416442659006169,140.0,-0.11333389610540365,0.08711110379230674,0.8035734892914769,132.82719992428224,58.354505814853596,19.02448441856747,0.7384751773754413,1.1611512859417248,72.02851338916247,0.9491744037566727,5.62280231303351e-06,1.5520648846883222e-05,1.433760714796164e-05,0.36227881762576264,0.3921715984408805
18.015,69.07441531379706,66.2396352111914,60.0,-0.2621529894765446,-0.020173184048116157,0.8264545842294975,97.94986712621335,49.00149302807412,15.6416715902112,0.733962301388257,0.0052235613233823615,72.77847346926943,0.7849602433094927,4.839214216871345e-06,0.0005537330490956676,0.0006153928796047506,0.008739254817415245,0.007863617499083571
18.015,54.8079756146303,31.13457324426991,60.0,-0.0967058902462325,0.0839456866553791,0.8237237018685873,127.01383039760975,54.84281743730463,18.142998471161558,0.7323741986888141,0.0,52.24164452843512,1.130595594870513,2.6666856687445025e-06,1.1068870948342905e-06,1.0211597212756736e-06,2.4091758601122057,2.611428568111923
18.015,54.3482393688283,70.0,133.74217347208864,-0.02598292843733291,-0.018922040637741958,0.7657196649786716,68.19458590341456,39.16944410800038,15.475666710222223,0.7303389443176039,0.0,59.70306112052558,1.3030281085432582,2.4947254276990944e-06,1.708200480206989e-07,1.5669732936645239e-07,14.604406547156568,15.920663343693175
7.326633465947414,33.87787218976461,0.0,97.85575431664776,-0.04898783365105239,0.02826517145409644,0.7998489168309529,72.9030922865524,36.18590128312386,15.11321122275178,0.7294140340275804,0.0,49.56653520994019,0.9534664569041775,1.5944868447881981e-06,1.3947796603209422e-05,1.223954756216541e-05,0.11431818875400741,0.13027334847874908
15.446927753977274,49.304386268866594,22.81931429120251,82.14012373877388,0.010624092202386762,-0.010151837251694214,0.7935085643364027,121.1565858930845,52.22212828266712,16.87598560329579,0.7289917931014328,0.0,51.94763675088061,0.922433281284397,2.5188478456828307e-06,1.921421276723914e-06,1.7458688763336527e-06,1.3109295062962705,1.4427474364354578
18.015,56.92339350560716,45.72915718513521,140.0,-0.017293432287369292,-0.007080868227634669,0.8412174514383908,119.58750834279539,51.4182812369501,18.060129542945642,0.7412521517319375,0.6450453345641692,60.76295852207908,1.1067829392716686,3.404913418063768e-06,2.6587848393208447e-05,2.4265037723104438e-05,0.1280627664077366,0.14032178548075003
0.7206000000000001,19.0959,9.71507104279905,140.0,-0.2034134260724554,0.11035966928497914,0.7440619666054259,15.53785826400959,24.637802316865418,12.595507582395985,0.7294743791536145,0.04169637159966733,82.0570100966318,1.5743747672614168,3.205264825240958e-06,4.738069533477003e-07,3.7824795256605986e-07,6.764917236005176,8.473977991146345
18.015,56.16552053422402,70.0,140.0,-0.26934906641771955,0.01370372813823335,0.8670958718357974,66.53907929613995,40.34593934936628,16.39936440502991,0.7389137745801716,0.2859197414315039,44.2146264401613,1.083498033352481,1.4412653339530635e-06,1.5300332244354022e-06,1.4320844401784179e-06,0.9419830307834688,1.0064108606427578
18.015,58.48979899530923,0.0,60.0,-0.11911822571985453,0.027727213254198822,0.8470693722884081,137.25326914382285,60.49852584254665,20.698141571751826,0.7359467542986226,0.9920316871659238,52.34353125215583,0.4640450850202702,2.9845394634191814e-06,2.1724308332314442e-06,1.994063365606889e-06,1.3738248499169674,1.4967124490102865
18.015,55.21433101809609,40.95297134452791,60.0,-0.014303556312455792,0.022486367230253764,0.8102127464103112,121.23776610485771,52.33096992865689,16.874110089196048,0.7282024773080438,0.0,58.92462499930987,0.9625325052908965,3.2530580234017305e-06,1.898579835093361e-06,1.7380881735490966e-06,1.713416503890006,1.871630031725683
17.486988385604565,53.180138808816665,26.19408925026716,60.0,-0.2515962598065541,0.09435437908024151,0.8022884287626755,125.45508985709805,53.892682394384536,17.891796796007032,0.7311995653136564,0.0,63.05833812845398,1.2821236915168943,3.858043392564555e-06,0.00033167640813094363,0.0003180637357953286,0.011631949990972603,0.01212978079037333
18.015,59.23861982700019,70.0,60.0,-0.04641270471150333,0.01897888959578784,0.8052706385880282,74.83807388918272,42.282227086461326,15.560388685834182,0.7342038451352836,0.24305780920236375,54.26785063060209,1.2449254092992743,2.213936737227385e-06,9.65647013440903e-07,8.78336169574539e-07,2.2926977522960845,2.52060294670525
15.494149934939362,49.39365190755146,67.22333149672315,112.74334574564851,-0.14108222465018194,0.023003677773257236,0.8893308579813033,65.08742954608977,37.416529984247624,16.45418368287351,0.7346036132008994,0.0,52.46662515893489,1.1679296011571856,1.8338552304425368e-06,3.613901157479038e-07,3.331106315918695e-07,5.0744476689611115,5.505243773454203
15.65594171954595,49.701286956741015,39.776991929526574,106.29538699310802,-0.07204731474780604,0.13143136364616742,0.7953233620570558,110.59604216591865,47.90671290194142,16.810918372125595,0.7277677619652558,0.0,61.731758272719,0.8802009761481129,3.2878953991427177e-06,8.710750905274819e-05,8.03025902822187e-05,0.03774525795648368,0.040943827435548516
9.674789710738084,38.33851818894689,19.782188579622037,109.51356937767991,-0.06761972084145713,0.006597741015848206,0.7939199591487492,89.95816213615306,40.54857215755904,15.695468954564678,0.7279339478539348,0.0,63.47236110323269,1.2520840700889666,2.9448227974913225e-06,5.061227885239163e-05,4.53518541258673e-05,0.058183959787303036,0.06493279832216796
13.363333105679612,45.34544894462386,70.0,64.5449384396006,-0.196543384554083,-0.0018264640469337968,0.7557997551566642,52.99918766600982,34.35805387911154,12.578538809565572,0.7320620960125013,0.27793395555531714,58.72888620208802,1.1980720090337849,2.116021020908246e-06,1.0646360119900543e-06,9.805626506635334e-07,1.9875534897160831,2.157966163076233
17.91318176290309,53.989321335026155,70.0,60.0,-0.069040263112252,0.10130672136620406,0.8266814866673194,69.07485444099088,41.38798313248453,15.548892812610992,0.737133647304171,0.4190304286846043,44.191292644266895,0.9199158113412069,1.4824169653759585e-06,1.6979843160427486e-06,1.5642166048138257e-06,0.8730451461594284,0.9477056827129111
18.015,58.408966969362396,70.0,60.0,0.10028149738425234,0.02245404351728646,0.833513122096813,73.85332710239554,42.42740435954102,15.636797486384722,0.7352562979422193,0.2503174979640607,57.32640765670387,0.37230294722415846,2.5113478579278563e-06,1.7619671117474111e-06,1.582173027094998e-06,1.425309156558124,1.5872776333059482
18.015,57.284515252930206,70.0,140.0,-0.05971146157656745,0.04115032037431987,0.8417479485242377,70.20345127370936,40.71345469540314,16.56833431550605,0.7384735836919838,0.28779360776646723,57.5801146748928,1.120153742594738,2.408447738529787e-06,1.2366279503409148e-05,1.133364301936431e-05,0.19475928373330265,0.21250428784591047
3.1614868716273667,25.96498423708069,0.0,140.0,-0.08473752295207004,0.0704119224316296,0.8225670950619935,40.6568916627183,29.564415930756358,13.9122490646053,0.7347969286935186,0.33977648044226844,44.355693655953345,0.9495659991299243,1.0650526173016466e-06,3.513564604445152e-06,2.9175387058509294e-06,0.3031259524740788,0.36505175241231747
15.371349870280474,49.16102353428653,0.0,77.88057113912159,-0.17322773955456577,-0.03973737635077296,0.8282731839339681,124.43193937532061,52.96484481057518,17.925885680656343,0.7307837097110723,0.0,69.78743299122317,1.1319723727368687,4.746352243478702e-06,5.264089779478785e-07,4.866260872477224e-07,9.016472823054045,9.753591860073294
5.358854765486073,30.138645319857638,70.0,121.02217252390656,-0.2100173639678407,0.013364820918491093,0.8082996331575231,21.0672375044265,27.51647758261904,12.518723236428825,0.7339459100018014,0.0,49.59837386981399,0.7620954805280077,1.2180461107627375e-06,1.9268983424204962e-08,1.6926004991945726e-08,63.21278522834134,71.96300079920496
18.015,55.551085508506375,42.38215137067587,124.11286203630954,-0.09425216824839601,0.04491988040800674,0.7644641223398048,121.05547150483616,53.00535562408824,18.337415429928,0.7351335325863421,0.3334693567840086,53.13130527901106,0.9917816450441097,2.6693476468542055e-06,2.961687107614881e-07,2.727455187630887e-07,9.012929286118602,9.786953270432448
2.3895096809719973,24.497793780657698,37.011595540177694,140.0,-0.19257143788739656,0.05834748592593849,0.8055092620635905,22.774430855268804,26.414551803585532,13.228976493130848,0.7333323679148848,0.018908739118265065,45.986547129481195,1.295188185901431,1.0076406089620194e-06,1.1347819478198158e-06,9.463016561050351e-07,0.8879596744537002,1.0648196613217973
13.336122979403866,45.29392263815763,51.16336499012847,140.0,-0.21700926614321014,-0.016023565133060323,0.797005917267296,79.67222188455077,38.28328685583832,15.960272619218653,0.7297779551521419,0.0,58.704946901316475,1.5824831829632537,2.347957707566879e-06,3.6537773372339923e-06,3.3748849816383724e-06,0.6426110544941817,0.6957148822378649
18.015,57.662950093186986,35.168427189616565,79.18346909371488,-0.10522474860937668,-0.010511597435264763,0.8144615140202027,129.09700640551938,55.70480457842045,18.382944096198646,0.7324847929687113,0.0,45.80818162449584,0.54595447525003,2.143669619508966e-06,6.271803908528378e-06,5.76609476771411e-06,0.34179474530350207,0.3717714858784388
9.00095019461787,37.05837363281446,16.770351061365176,126.65859333920503,-0.1468322197424976,0.0554534821044163,0.7589284908287081,84.20897192452077,39.285925188104606,15.626564019661643,0.7265710238995419,0.0,53.8560531543555,0.7938638434201957,2.037892421282435e-06,1.9036233817351655e-05,1.7160935099136827e-05,0.10705334053130207,0.11875182847028763
14.30363500439412,47.132093992556115,47.921173393060606,119.2752425231233,-0.039476158109307574,0.019086043908605525,0.8407797121206809,96.20429830559135,43.33362251333395,16.58280449396573,0.7273878413018505,0.0,54.216944026956845,1.4719764187121713,2.2591909932577065e-06,1.1816304373528424e-06,1.074001568786972e-06,1.911926878186109,2.103526716268528
15.69464156000738,49.77485874080457,39.64886724558814,60.0,-0.14993388690409457,0.1455968748544805,0.8155023878024891,110.6077597729326,48.75656824191493,16.6198528375672,0.7264572362481836,0.0,60.16377807638886,1.1824820186891438,3.1594686262587714e-06,3.745734333442669e-07,3.4576470013650274e-07,8.43484439900182,9.137626325103344
14.77908290126904,48.035833149228274,4.284010808173328,60.0,-0.0898594507186633,0.07178191118815427,0.7585858382372236,122.07333622868718,52.33337181816881,17.965465309001118,0.7276430171877865,0.0,57.96638627799519,0.7166710570956141,3.1534224549840766e-06,2.774278716504802e-06,2.5386270508566275e-06,1.1366638961772888,1.24217633855276
5.400384699461625,30.218382662850406,0.0,140.0,-0.2412869165818694,0.034164980450477285,0.7898763059123995,55.09457427836784,33.797166943672124,14.113830790093399,0.7324111330549541,0.0,70.89882849978899,1.3752245211766616,3.134226904203861e-06,8.687903246488524e-06,7.684937350567438e-06,0.3607575746738032,0.40784026742552915
18.015,55.41876038757988,62.76091137961059,60.0,-0.2432957047791945,0.030430878395903322,0.7938658587902814,85.44679493367842,42.45025012439583,15.181470545169605,0.7329806488273747,0.005913786515246042,51.46521904545822,1.0359219159005741,2.0073985342087293e-06,5.455140747348869e-07,5.100108857908143e-07,3.6798290404959766,3.935991544761032
16.382631402379985,51.082389463333186,0.0,75.38469721909807,-0.0832179460671423,0.002304621492581836,0.8582497200865138,126.8494043420055,54.32067133632843,17.965249345846292,0.7352692946528966,0.06508241941210138,66.36301777512081,0.8090532061868564,4.362918943795595e-06,8.715379803126023e-06,8.009147171859188e-06,0.5005999786986574,0.5447420118742576
7.790865308650045,34.75919547291011,48.53699698551486,96.4366748292041,-0.07761556042467119,-0.008967974846153557,0.7949198351508563,53.446766319892824,32.57032591350876,13.9749122799927,0.734737122317781,0.23510740383312934,63.181637230771315,1.2566305937616882,2.341943509608424e-06,2.7390926991481105e-06,2.416716918274952e-06,0.8550070285451804,0.9690599225332932
18.015,57.20598083546455,52.2348479494065,60.0,-0.1044724194036371,0.007969601285652954,0.8165708120601735,110.36132683000649,49.1472363850136,16.620682791439354,0.726656614899122,0.0,58.50952293056495,1.1403348150648445,3.004979171896162e-06,1.033850591940292e-05,9.522221252699743e-06,0.29065894001729303,0.3155754410814798
5.775366442593624,30.931049170598914,0.0,60.0,-0.012655958682888768,-0.011470289898385598,0.7886590112739609,63.38092703753685,34.91598649124492,14.189910102444319,0.730058490415608,0.0,65.67537728618863,0.8878068690299628,2.739224685237942e-06,1.5795943752388732e-06,1.3517748487703893e-06,1.7341317037949724,2.026391220201807
18.015,54.223517581269476,19.37609003969721,61.01925422237305,-0.056658368011611004,0.034054547199288826,0.8018639970394059,129.45304672500973,55.716584911398414,19.061921101498605,0.7363265333656857,0.4737499043759186,86.1076482225231,1.3134036004243888,8.140253755251768e-06,6.516580371258264e-07,5.997907989595036e-07,12.49160340468569,13.571821657439893
17.35259967896298,52.925054827387406,0.0,100.81137633060439,-0.05327005701131843,0.1271644229440182,0.8083152905195446,130.67836503036273,55.871093006271494,19.433858854739036,0.7384232748769728,0.7335367306409191,59.2621161490707,1.2060864539600697,3.5064306334532406e-06,7.327426269586449e-06,6.741527045423327e-06,0.4785350960141615,0.5201240920384171
18.015,72.25231164925593,70.0,83.09753288431537,-0.0747633851915595,-0.014453667209673095,0.8653873164029431,92.98043875704593,47.4944217536911,15.78631776149986,0.7445192762450679,0.8658575804393959,80.8541548853066,1.0316780747292598,5.97867406171825e-06,7.524637580045824e-06,6.7163033477571136e-06,0.7945464480007343,0.8901733218638506
16.613167736159095,51.51986623281658,38.67957658802858,67.57553531171794,0.06263348711273213,0.07079849948079937,0.8043779188654697,117.0541740106666,51.148993619039054,16.760275233728393,0.7268226101011306,0.0,60.55559963778129,0.9477001223154043,3.3677368094622936e-06,1.0479788132828698e-05,9.519433698335832e-06,0.3213554288290059,0.3537749110066321
18.015,57.96757578095301,70.0,140.0,-0.04381682555087925,0.03336498189376958,0.8151869039069826,70.92529050180138,40.741474137664035,17.188846177578817,0.7375713319514857,0.2902264810466984,54.019423655307826,1.1832488382623418,2.1152633617309355e-06,4.439244443032697e-06,4.0486375482266405e-06,0.4764917518905267,0.5224630104656937
18.015,61.65284252275069,45.00263279464686,60.0,0.0035397421252586075,0.04900391831177373,0.7972930652061662,126.32539198546608,54.709754786390945,18.89981567314309,0.7303109653332015,0.0,47.02360939167073,1.0458638919387915,2.182714930260337e-06,1.8035907037768292e-06,1.6241301402320884e-06,1.2102052453971948,1.3439285905675187
5.471311095219337,30.353198792419466,0.0,137.37997938189363,-0.009054715562172508,0.015224920649143346,0.8243709636219638,60.66901890238485,34.479824903808904,14.191481295539392,0.7320419034674305,0.0,57.262025925685805,0.9749563689627214,2.0197082297418687e-06,2.071372462128107e-07,1.7636482974476536e-07,9.750579708232873,11.451876389781253
7.3008164199416115,33.82817906045219,40.065481642897666,140.0,0.0218660914170994,-0.0123729518591203,0.8170765886943718,59.11954012945397,33.59098220766808,14.200297646506769,0.7363748820215457,0.2410469620463431,49.495899743475086,0.39292056919846874,1.492616292000395e-06,1.195108061343133e-07,1.0338664646507421e-07,12.48938351501792,14.43722514497679
15.6298021350285,49.65130170858946,70.0,132.11535950841136,-0.11176787222292935,0.04927528901599697,0.8060212745930582,58.91176525264728,36.70172418802716,15.43525633288052,0.7339601784949842,0.032006926547089164,72.96660845545922,1.452823000591847,3.6323754899605896e-06,1.1801865479235873e-06,1.0851898649822688e-06,3.077797739985571,3.3472257778779935
18.015,65.74039074494726,0.0,60.0,-0.025376787010634172,0.023671621607740063,0.900184216419623,144.1330417096806,66.84783918611096,20.533051426194174,0.7337421983360586,0.9111766266690229,43.95943041657664,0.9213914050669222,2.3726027545758854e-06,3.7210734054331125e-05,3.342166730889937e-05,0.06376124564249835,0.07098995788112938
13.40079155217659,45.41749747669242,0.0,118.08644857522498,-0.17940295408267842,0.041187585494202296,0.8269233766070455,113.28211455632916,47.88909743704511,16.851615702839705,0.7295862681266613,0.0,51.60079058235097,0.941550133088909,2.2793535538043655e-06,1.7144162959628576e-05,1.579020378539178e-05,0.13295216332064935,0.14435238359071065
14.580610350318766,47.65898167547087,0.0,60.0,-0.04932741950185793,0.08415188533365614,0.7991376351409822,121.97670838294876,52.45519359875994,17.982173907102823,0.7296755517898077,0.0,77.11425260892482,1.4249833437672121,5.899241077071529e-06,1.4077179487951917e-05,1.283190757342794e-05,0.4190641372528104,0.4597321982966555
9.44322507409542,37.89926132307925,0.0,60.0,-0.16105663014231175,-0.009361266638558281,0.838260576222111,90.26658529365704,40.81700995812813,15.61155582696055,0.7307510621376873,0.0,70.52200085199273,1.311512483166457,3.741153094972826e-06,1.073059325565739e-07,9.670455349917458e-08,34.864364027593844,38.68642126562074
0.7206000000000001,20.148972352080616,1.6019688430626289,140.0,-0.018042517073216954,0.043421873981603194,0.7876476878405424,18.598607823452106,25.53256570194782,12.555579420597802,0.7308236703859745,0.08426236009713628,55.53947716243559,0.9769876925590519,1.4052196562619187e-06,1.5538308483139544e-06,1.1889842834132833e-06,0.9043581917470025,1.1818656275488155
18.015,54.77649545520959,10.06045139956564,60.0,-0.1270518555310414,0.04310424953545175,0.783988483215504,132.06847983270063,57.56574060445154,19.01180257557596,0.7372389324305055,0.9888175523309162,44.22797540337585,0.6829311146635417,2.076772978054496e-06,1.2644301095131742e-06,1.1700301955901801e-06,1.642457706779924,1.7749738304890001
16.73150816630424,51.74482762122181,18.258830613115926,120.15805989306297,-0.11473079358260534,0.01780403868414501,0.8092974598120292,126.14505133681178,53.59091581252165,18.513562247835498,0.734253744547952,0.0895638467861483,56.55459768277057,1.275199914179986,3.0502212237344564e-06,0.000114698180666722,0.00010640098428971694,0.026593457768937685,0.028667227508244426
18.015,64.24686055369654,70.0,140.0,-0.12623213351160525,0.11622322310211594,0.8925776625791929,80.64392204231991,42.68871396459162,17.126060013262073,0.737237185895576,0.1533841155847636,65.36579748857267,1.0036361127831726,3.311450793183585e-06,8.879840206871846e-06,8.076167138833374e-06,0.37291783591116323,0.41002752125582353
18.015,54.236621400857395,40.804121316936204,98.40743868406719,-0.20833653026988075,0.10292096725220909,0.8450262000879497,120.87092907060716,50.853859267593435,18.151238310255437,0.7341686157230463,0.0,63.33874812707513,1.2310783776803402,3.6770140072667127e-06,5.167216752422937e-07,4.823171966930241e-07,7.116043671948811,7.623642765544989
18.015,64.76819945181585,65.6870229755181,60.0,0.026460648267202944,-0.003562062118505899,0.8106516767536015,95.49074102482679,47.38234480266441,16.030866051042455,0.7314931695047318,0.0,71.51823927524241,1.0360512387048004,4.490119389525858e-06,6.191198354945749e-05,5.557240861955895e-05,0.07252423734637724,0.08079763863151221
15.508325765368504,49.421258862433476,0.0,127.65386677739696,-0.14439085744761518,0.03216906637035737,0.8288856484618548,124.50460650125385,53.05039856428417,17.941210060465192,0.7314895729297843,0.0,64.48115652759608,0.9525533630712559,3.996378324571178e-06,8.469667621886233e-06,7.831771206310086e-06,0.4718459451991065,0.510277716150758
18.015,71.84270127175688,70.0,60.0,-0.027813289264174104,0.1520250751427762,0.7903636709669407,90.35273952325785,48.11266573397912,16.017167861559358,0.7337127392021435,0.0,59.312778484643275,0.5433353242281305,3.0471164919325238e-06,1.7076611516229605e-05,1.5152233298217584e-05,0.17843800504781324,0.20110015678619256
7.04471988525639,33.34173410707817,36.01857521472124,140.0,-0.04520152800849024,-0.05188197178419386,0.7687673240675509,60.70558481735679,33.64725130267962,14.178819813300441,0.7332713180712108,0.17114662519897303,61.41120992532566,0.8413153756780538,2.284696699781442e-06,6.208035285309648e-08,5.407453802223408e-08,36.80225054757376,42.25087783167066
18.015,60.72357497183531,24.80955049689649,100.35199103256795,0.0007820619536241802,0.10425859327893065,0.8366961224831694,137.94075142718074,61.36494085179216,20.38943504967913,0.7383494019993373,1.4845855157710448,71.80716685458776,0.4876717927388643,5.891242747841979e-06,1.7235578663017836e-05,1.5586509967749794e-05,0.3418070761083725,0.37797061433455015
18.015,57.963156599981296,35.85817945719485,140.0,-0.06422994960285727,0.09944397416475104,0.8631318124079038,129.2605538538785,56.24048519644172,18.8021294648091,0.7401386921335784,0.7666073254160242,62.1255347458957,0.9309781014188663,3.910698082232818e-06,8.448563656083915e-07,7.720834510152995e-07,4.62883188365004,5.065123565451637
11.969995002341907,42.69943831418819,0.0,81.33794277799743,-0.10813852985140729,0.013211699903016261,0.8520087130720174,106.81221005342282,45.27552920923797,16.392410710239574,0.7323528489281217,0.0,77.38671869611088,0.9442309994278232,5.145145756158313e-06,1.440212405851412e-06,1.3065187589474324e-06,3.572490929292232,3.938057315230119
8.710449618904713,36.506685229857425,0.0,140.0,-0.08687477020803841,0.06714279408322193,0.7507649495889924,86.45468285463622,39.41556435480227,15.67869628319959,0.72648629482945,0.0,77.75045436007531,1.1371703754934164,4.5241552280833e-06,1.4359985806298076e-05,1.2780258298917634e-05,0.31505290388929724,0.3539956018311815
18.015,60.68222184374117,30.200923015792654,60.0,-0.06157222846343524,-0.01866420618421767,0.8325139125721119,135.9266517786291,58.73791192252296,19.45799218704412,0.7363704340800891,0.5743104861712268,53.454632907061644,0.8730621281530936,2.9986867820533774e-06,8.313456668767077e-07,7.553851071338389e-07,3.6070276198337314,3.96974570154197
13.843777117971621,46.25898510000638,0.0,107.19664942428655,-0.10894964537619288,0.05998055792312625,0.8221649439798798,118.22849873345521,50.43514023686106,16.86321728459264,0.7296266580473073,0.0,71.34801299940766,1.0924423530524008,4.7520633942577985e-06,9.833449309268038e-06,9.003502213183422e-06,0.4832549845738232,0.5278016578148408
18.015,59.16309669098744,70.0,84.82494254580403,-0.11717984877164953,-0.020942041651776815,0.7845588416194667,75.35925910671287,43.16033428313029,15.328267553186228,0.7396513532521556,0.952576623431353,68.12442527290838,0.7141042485162079,3.675894807524185e-06,7.519626037634e-05,6.9441171078375e-05,0.048884010842124015,0.05293538041539325
18.015,59.11173945630459,2.905091931565593,60.0,-0.15644628799458887,0.04667793308013114,0.884372098006929,138.94665585519124,60.928933583157736,20.276800948051775,0.7361651175414908,0.8958995954630992,71.6410685054309,0.7856309381240809,5.8057683878261385e-06,2.6333743310660764e-05,2.4306957529566183e-05,0.22046878483378293,0.23885212210389528
16.64378672063085,51.57780458526064,63.22887472500523,68.75851536667257,-0.24496575147157906,0.03786193691052113,0.8255801906213718,79.22768269783464,41.675940234564685,15.163598494047509,0.7384285206489722,0.5951086698567191,52.97310606309777,1.0029335059874687,2.086173045540443e-06,1.3477375734477577e-05,1.2588495743539649e-05,0.15479074610969204,0.1657205982383603
4.368947475677692,28.258364875173175,24.244563984451712,140.0,-0.1859118403840877,0.04796622484998565,0.8395878950086157,41.08929374176917,29.3117115224095,14.13460937218919,0.736954482276715,0.41290264650602065,53.273695067760116,1.0471312755508233,1.482861706199664e-06,2.1257681539304115e-06,1.8377820543131838e-06,0.6975651147364993,0.8068757134282929
18.015,59.67018155955505,64.93543241904969,107.54362203002347,-0.076141243275658,0.17781788554575395,0.8257889647228155,90.29971491415778,45.080860039541,17.605518394761294,0.7369429252242385,0.1895306053661608,62.326472732111384,0.940398412045206,3.1561724333102968e-06,3.1160329149907144e-06,2.841535646160959e-06,1.0128816092174373,1.110727728358582
18.015,60.64244433321922,26.867088469392282,60.0,-0.0643635451301475,0.044362626065706075,0.8078691122934406,136.63927395385528,61.07034202926512,20.06629451479859,0.7358777596919035,0.7575784208950499,62.04091922095432,0.7109593311628484,4.243522666608682e-06,3.098946125560301e-06,2.8166064628627083e-06,1.369343800980547,1.506608297097956
11.312537426522036,41.449825170752455,27.371468915898465,114.49030393350424,-0.10674557335992975,-0.012994914919307893,0.845121728069427,95.02239245806162,42.02350386253217,15.890246903696235,0.7299348517849891,0.0,63.854647791592896,1.3515084358113658,3.089731793413514e-06,1.3963041783347309e-05,1.2666044566070903e-05,0.22127927720580265,0.24393817480242538
18.015,55.44688234163158,70.0,60.0,-0.11508599246527318,0.049730061339458224,0.8061451575135473,70.22975399132292,41.8753865679333,15.523007019159722,0.73559410358032,0.38986878970510164,67.05406332410054,1.249231511671757,3.429928761230662e-06,1.200815173556448e-06,1.10854432686217e-06,2.856333627990609,3.0940835455262037
11.667070214454135,42.12335957102366,31.924876657642134,75.07684619546347,-0.1318366870421219,0.08013488672251409,0.7968512120891587,96.04676894067885,41.91686647593353,16.184395102226333,0.7303378483653628,0.0,73.93425761500771,0.4675103006087119,4.300686492387557e-06,2.1346313671169763e-05,1.9400414746612637e-05,0.20147209296357552,0.22168013151051155
18.015,54.23216083064021,15.94515163375656,81.32604296974748,-0.1497819888097709,0.025369633113028763,0.8504155874964977,130.50647418110148,55.470612162899464,18.999336310831946,0.7388350321940632,0.6557619347331075,63.74609409541401,1.3030729505645016,4.0647729164314126e-06,9.187201190984823e-06,8.52891098501187e-06,0.44243865263558996,0.4765875647634932
14.300059636074076,47.125094634522185,54.40327436803807,140.0,-0.0916238065783854,0.004453696521023554,0.8466431503595081,80.85954741287941,40.48485732671561,16.08008842007652,0.7322124276476257,0.0,52.868737844568315,1.1440401902493937,2.0149158600752457e-06,1.0734835143442225e-07,9.807870105167842e-08,18.769881727584163,20.543867715107393
18.015,55.75216935246922,48.831272158486804,60.11920425049632,-0.22672691248314297,0.07045392266503957,0.8532204005267867,112.32564704037746,50.17516258426647,16.594889014894694,0.7276853440136848,0.0,53.16888846350176,0.9851163610488073,2.530579856882408e-06,2.187593417145567e-06,2.039975143918598e-06,1.156787105432224,1.2404954366362548
18.015,59.42205734784859,8.229234571677491,140.0,-0.09475121547313138,-0.014547886179268915,0.8426066593868554,138.81684900321287,61.097668335524304,20.321195191684595,0.7350303125976352,0.9185518008089419,49.08797490578119,0.793368957860411,2.6510831683690656e-06,5.436274768356032e-07,4.968244310647929e-07,4.876654108436046,5.336056366405474
17.14353901854247,52.52707154313301,70.0,67.82890224036633,-0.08062378027914735,0.055672664479418384,0.8736773458836555,67.93365908149175,38.76872462937672,14.946175140530569,0.7361472037265789,0.34803039431960553,38.95669097193741,1.7766463152737995,1.1059816500434096e-06,5.560513647044502e-06,5.120028941036962e-06,0.1988991881408754,0.21601082001294597
18.015,58.77841089886961,70.0,127.28224188950824,-0.1528350397801655,0.04453466486132739,0.7961551841650903,73.98673434449726,41.16059195598338,15.414765423062905,0.7349121011902348,0.1756607286756844,59.36045317516745,0.7990158157370365,2.6030137451872274e-06,3.302933096230344e-06,3.0424260254220513e-06,0.7880915747757838,0.8555717455204624
16.31767820363847,50.958633477938726,15.967025167660942,140.0,-0.11925585472842665,0.038150766344004154,0.8125950253862264,125.1099964465388,53.57062925373681,17.953155007281108,0.7330119241322474,0.0,59.057764861533755,1.3033718551866116,3.334851439128262e-06,2.739114840416237e-07,2.5252092620435883e-07,12.174923774358788,13.206237951263693
14.945476764898393,48.35181073044129,16.852287792334067,60.0,0.04695555213103399,0.0966460547647793,0.8585493277660596,121.09652842270388,52.97831678625459,17.6696505770534,0.7310501822316275,0.0,60.34358212174693,0.8704582181866127,3.465183296997372e-06,1.4164560207042432e-05,1.2821804763044837e-05,0.24463754937301396,0.270257062951447
17.64700308310294,53.48387009245259,40.8912605812896,118.69068289367333,-0.11570084813089927,0.13539641790479415,0.8438550862485064,118.39441208773141,51.12888675046274,17.18238737510151,0.7360799385756751,0.06261230013728293,77.63765428160391,0.9606352085968634,5.853790123297234e-06,8.211246813891997e-05,7.608345852977072e-05,0.07128990585685041,0.0769390645012109
18.015,57.987669713198684,2.9477184727416983,81.26460617825875,-0.06819309414470603,0.05778028326380758,0.8599397439574263,136.3343177168338,60.640159004549126,20.748153345084813,0.7367260375851138,1.0845212591943136,62.61486336948859,1.0007828143291728,4.285402965638148e-06,7.042754786205996e-07,6.436749507812139e-07,6.084839094542348,6.657712810537446
18.015,66.03202073851618,70.0,132.73849554406183,-0.07149948376970658,0.05428504292990271,0.8259685095535879,84.30952858819023,45.10529883286713,16.728646421861203,0.7365955532450442,0.29833997791791067,60.038236279520106,0.9516736089736888,2.9164240959907893e-06,1.3653708372272285e-06,1.2297594021522277e-06,2.1359941317579425,2.3715403930937176
17.61288310951164,53.41842861189219,70.0,123.50691115675386,-0.3059535361059794,0.1283865252802504,0.8305952457317033,62.7372483069128,38.76936959371936,15.326141717222635,0.7333313510214906,0.0,66.05199986359862,0.9156991159407041,3.07920521702502e-06,1.300247972071435e-05,1.2246001249746479e-05,0.23681676750624073,0.2514457702745022
9.095468489047573,37.23792319943014,10.890795809262215,140.0,-0.12809175202444922,0.02735142026284649,0.8597290765613159,87.9419239268963,40.35014786663572,15.642443859396105,0.7302686567864831,0.0,65.02599236550823,1.1532420334062738,3.0910326643047104e-06,8.726358676709245e-08,7.813757646997628e-08,35.4217925118608,39.55884996628241
2.1615666153487405,24.065243175134952,0.0,86.21311643367558,-0.02285124307578079,0.006576320176306468,0.8936100685288225,35.78848657337852,28.314531578036913,12.564142642320027,0.733954390629632,0.19738044044602512,53.42959104314023,1.2510714849728732,1.437082124529005e-06,8.126113160296568e-06,6.529420010026247e-06,0.17684741723145753,0.2200933807784297
18.015,56.316892332552754,70.0,127.29989206293307,-0.14352721763165205,-0.06401320551097102,0.8251439498046591,69.94950200349041,39.797395036959735,15.414656789037679,0.7338817214998209,0.007280297701283911,70.17917589596743,1.2055909727797471,3.6099840569240015e-06,1.3260289033503896e-06,1.2251794195798916e-06,2.7224022401041887,2.946494202589404
4.830632073345955,29.135172121680647,59.547254563485,140.0,-0.1618487857395003,0.082586905281185,0.7849348233083363,23.30762421339035,25.97414835734772,13.847111444772224,0.732006810546817,0.1594229604785668,62.27937124454312,1.2540830196748827,1.8106824044666552e-06,2.9226268685165797e-08,2.529085539199188e-08,61.95393684947858,71.59435204552202
8.504225034876972,36.11458444089053,35.72554831753461,62.37376270903741,-0.1642059542059372,-0.02517334954275798,0.8721324868199667,68.81154567553787,36.06354694327691,15.025401320130719,0.7332513390361776,0.0,58.62780267756735,0.8081080512469848,2.2222009630541727e-06,2.0498681079315546e-06,1.8370195053065407e-06,1.084070216252358,1.2096773913586494
14.471004957457739,47.450555710064556,0.0,140.0,-0.09597365884891583,-0.03979666679252468,0.8115293110296077,121.69787679948118,52.091488528527194,17.958550775500967,0.7292234202232636,0.0,65.25344058620172,1.0745208081779936,4.023449632660258e-06,1.8326822814672855e-06,1.6763605717248963e-06,2.195388515154409,2.400109916997342
11.986482134105367,42.7307651512425,0.0,140.0,-0.1760058324015653,0.05877917392481331,0.8348923991589733,105.97913193767434,45.03451470763948,16.353613752841472,0.732126508639032,0.0,69.88355727545553,1.343429121608,4.04319350538452e-06,1.0164966093747854e-06,9.293350154766273e-07,3.977576971822227,4.350630760760575
14.483415985157222,47.473383806343165,70.0,140.0,-0.16749459099364855,0.11028498444288562,0.8236325129389854,52.572768109259,32.762055136442996,13.866327613705403,0.73640611057937,0.1448119520156237,54.59079163561516,0.884217994003873,1.743743759979335e-06,3.5121971198473695e-06,3.236410641903611e-06,0.49648231590575226,0.5387894037308225
18.015,56.880251315709906,35.82695769513125,138.37262863179515,-0.1172595155324919,0.05543629688656059,0.8506555200008867,127.5347827972956,54.95609031757039,18.52104167470337,0.740140352089943,0.6909637368521537,67.99143836867016,1.085599905940247,4.647279510216887e-06,6.31106700540966e-06,5.81665102490164e-06,0.7363698573051715,0.7989613766274508
18.015,54.73529785551351,12.852484701311024,117.20403758332154,-0.21059199931732353,-0.09180065591311458,0.8390879831232922,132.08684379397997,57.66861296637965,18.954442549803442,0.7394492721891776,0.9800704138709846,51.87652460280151,0.8099953718382691,2.77902184375065e-06,0.000460710477855186,0.00044978740629496674,0.006032035252786617,0.006178523019668966
12.71811378371392,44.12048776584073,0.0,60.0,-0.024688731345672676,0.011582200604313104,0.842327940855284,110.99816460927345,46.862121810710796,16.874667614785835,0.7309684381856699,0.0,57.219357390764806,1.1480526278644902,2.7356613816585303e-06,2.0292050186634394e-05,1.83301879359441e-05,0.13481443996528292,0.14924349882382315
15.893223128399468,50.15217423209554,37.69487801397497,60.0,-0.1260146922191186,0.04065092121883502,0.8101283159616415,113.73201465260482,49.433204147844435,16.62290318913608,0.7258192892999231,0.0,78.53022725406076,0.6506680265628807,5.8223205790240764e-06,3.8390487998717e-06,3.5414162991394212e-06,1.5166049932000492,1.6440655622551137
12.967980201541218,44.5949689778034,29.731260343140203,60.0,-0.11467457415830747,0.06674657221049278,0.8285242568893477,103.44566583532286,44.81301720694405,16.197698961035318,0.7282780233305091,0.0,76.33839683275221,0.8087883554420965,4.937577118984e-06,2.2260377909707844e-05,2.0396904411748278e-05,0.22181012105956666,0.24207482759687973
14.341134526708698,47.2034903129083,30.945473910622557,124.47072814757868,-0.13286493178600323,0.04716521951414425,0.7899605525112281,111.56324860840205,47.229911121223154,17.170420391431172,0.7311675867715082,0.0,78.05630818661095,1.0011645284633754,5.474518808091342e-06,2.5984410021948475e-06,2.384684071773933e-06,2.1068474533257184,2.2956998257714383
5.498515893877671,30.40471689830385,0.0,140.0,-0.04143204781778154,0.027148540416916354,0.8430413843103105,60.09277607138822,34.3897652696939,14.180912082359905,0.7327484748324613,0.0,56.64906578152788,1.0467067759993296,1.968836890275817e-06,4.472523297243985e-06,3.830033874378239e-06,0.4402071849439073,0.5140520827888069
5.4798380622598275,30.369383226458776,0.0,140.0,-0.015996838535238755,0.056108011592541265,0.820945746534973,60.5208829084184,34.4599903859227,14.19061076592204,0.73217725602803,0.0,69.92750404993004,1.0100028512974781,3.1044301637388034e-06,1.3303394701910837e-06,1.1343294012453907e-06,2.333562397643436,2.736797759390192
17.959877599768603,54.07831445849555,49.110947629951916,60.0,-0.19447497439552885,0.07586859128309636,0.8002361995035953,109.64523628237865,48.06685340651091,16.771747947317404,0.7265468240001512,0.0,60.828043551705946,1.5751896196529518,3.1782002090829895e-06,1.919667887250834e-07,1.7896443246519435e-07,16.555989867781275,17.758837134865317
12.094711866995482,42.935207942994865,70.0,60.0,-0.06521238605088417,-0.01050771939653489,0.774403026192955,49.88561414045134,32.362547946473214,12.992267857396403,0.7331409872315957,0.32202049367964286,53.05175249903703,0.5902985794514068,1.6350363095039767e-06,8.421069118158802e-07,7.606814063982358e-07,1.9416018163041322,2.149436407609514
18.015,61.144683874195096,29.789589659504465,60.0,-0.07856114219551538,0.01133671577008727,0.8869245726563997,136.4194400117826,60.516659429728875,20.05568716871565,0.7373843038558144,0.6275947004722651,44.427801060312355,0.9241761232757902,2.187503702312358e-06,5.358182120974756e-06,4.875535106435899e-06,0.40825482466325896,0.4486694597737112
18.015,54.868306022604855,15.482105179919323,124.28327998789719,-0.12668863071420064,0.014438231697063018,0.8584099421273781,132.25472185043324,57.46202510778083,19.368566918380612,0.7403375335668977,1.0396182383973231,67.45899269052607,0.8875070270400469,4.781998292649501e-06,2.7079272009157724e-05,2.5071474741522774e-05,0.1765925720245476,0.19073462338973105
9.312623131370044,37.65060885995395,9.30001336640418,75.18277581743986,-0.2406782881229948,0.04605272868288995,0.7996620191546159,87.6842655156151,39.965033092987845,15.539706965751433,0.729724168234928,0.0,47.49752163296093,0.651193913943872,1.6367338290847765e-06,1.620240730033617e-06,1.4742954753422191e-06,1.010179412691852,1.110180324405358
18.015,57.06821772527504,70.0,139.5739028184558,-0.10284859640051656,0.007910917058937062,0.8417904673691183,70.33783255073264,40.64296254014017,16.533943606630984,0.7382611783961337,0.2803360411085852,58.18037962417008,1.0858039622102076,2.457362841830018e-06,9.813794020886313e-07,9.01745351855839e-07,2.503988606852874,2.725118390433216
18.015,55.71913904724662,34.21518624335865,102.87441383484848,-0.16201847379012682,-0.026712937374360635,0.8204171552198222,127.37672308913517,54.05829278917579,18.500592879599118,0.7362237796389257,0.27557970592858144,57.94613925537383,1.0612314454888772,3.242076030504762e-06,3.419771124088462e-06,3.1698487280217546e-06,0.9480388929153659,1.0227857253390396
10.7469040025646,40.374870126385844,69.27180567066645,89.98504894733365,-0.12545109853738495,0.0019848355554706403,0.8260595477934609,43.62734701687364,33.29627510332283,14.204782134885791,0.7338929576333151,0.1994383724839243,48.661936993050105,1.0818752199397554,1.4142478546824952e-06,2.121632393027834e-06,1.918578917978136e-06,0.6665847765758266,0.7371330110167571
18.015,57.91974737824595,25.247191809758935,60.0,0.0052883332285513784,0.0763023401918178,0.8337308832444701,132.26192049188197,57.32094313408445,19.968971905080064,0.7380526468444191,0.7905591599097002,47.84430537130164,1.155000703024419,2.3563019272025697e-06,6.038502712633103e-06,5.48638532801976e-06,0.390212945052251,0.42948166895398254
8.925714456928919,36.91515275120585,50.7844520252779,97.43523817492525,-0.06514558615679558,0.042039939813514934,0.8162557569502707,58.17255351666542,34.86771392666004,13.981039255208097,0.7356575461510265,0.19717162429480714,73.36774513203518,0.6238481946706104,3.511148580326387e-06,2.8483973257390774e-07,2.526713774622843e-07,12.326751428245162,13.896107329570752
17.106983631629568,52.45718256796308,70.0,61.699394162362765,0.11147601550658671,0.06211268241771759,0.8220747979059806,67.7468734109408,39.606319891776934,15.048486817657558,0.7366431254395629,0.4192992223386923,67.90271446548842,0.8767237887067086,3.3445700185500763e-06,4.730291713216333e-07,4.2750065157859663e-07,7.070536493987083,7.823543674611622
15.38080233140836,49.178793237096954,16.549325046705803,109.43388752161104,-0.20622018011584142,0.02082481253587335,0.8323125904235341,121.94661158695126,52.12936995725604,17.915907730622738,0.7308752026758132,0.0,65.32547612410903,1.1994946549376089,4.032394956352877e-06,5.8039601771824675e-06,5.385987022783311e-06,0.6947661309265569,0.7486826350110773
13.791183176372305,46.15886786404998,12.091134676649933,129.1429661167142,-0.058958396672771966,0.01800867502660431,0.7862511774465907,115.58550746288589,48.24955750387543,16.867371457757347,0.7283309893280622,0.0,77.43239109619907,1.0947532591978166,5.486554716598112e-06,9.78365604302924e-06,8.90221801755778e-06,0.5607877763146865,0.6163132273077361
18.015,58.814809587045076,58.04438035239694,78.57031816149652,-0.09026391801059717,0.0372195890114408,0.8885468450012315,103.90826645406885,48.41270184563073,17.83788530224578,0.7365068474752953,0.12374513454228257,58.40383607759158,1.834091936669515,2.931834624181127e-06,3.2573638207581576e-06,2.979557037520081e-06,0.9000636052679976,0.9839833865443723
18.015,61.35593624461509,6.142581249270332,60.0,-0.07198184448439005,0.024576057352177164,0.8255877219343309,140.05182445089594,62.666656862459355,20.20920670065271,0.7336572778722522,0.7332042365735806,64.95175495302195,0.8905817251289669,4.798630842949148e-06,2.0168799951527168e-07,1.8318025141463384e-07,23.792346864870353,26.19622369710208
18.015,63.243621295435865,48.319516702200474,80.17585000614335,-0.11180596445304955,0.10004929059880764,0.9095066859840988,125.70756344648295,56.00962946430199,17.983793269819763,0.7310298133597946,0.0,63.78153268626903,0.8235658746267525,4.125386372729836e-06,5.890698806461483e-05,5.37053215115957e-05,0.070032206844538,0.07681522531876306
18.015,57.740742842821426,30.840110849371627,60.0,-0.16168078276030923,-0.0031648120203382865,0.7937150307101118,131.57247994427019,55.68860267371079,18.935052099067487,0.7337654775387913,0.15043286927761568,52.39064388200546,0.9988495721500893,2.727876873470286e-06,3.7451979514875924e-06,3.4580048117035476e-06,0.7283665399813576,0.7888586112540508
12.653119461364943,43.99612640944049,70.0,85.72398989904771,-0.09716221626009865,0.008496718176407222,0.770705763827459,50.90758374522328,33.3649471200375,13.846357841436653,0.7323899052672965,0.2726601961964048,65.75037624204354,0.9229537572979516,2.6233401303542254e-06,3.760410983485696e-06,3.4218713458091536e-06,0.6976205903756115,0.7666390302975861
18.015,60.833594475796275,32.00900257571029,75.29523004000728,-0.06136432986919449,0.010412260644087906,0.8716059517046147,134.89892947377572,59.25802143721906,20.069861711537435,0.7386129760511707,0.7193081991779016,52.88672503589184,1.1025293791902477,2.952813061230608e-06,1.4256560067854137e-06,1.2948483640261868e-06,2.0711960298814622,2.2804315495670586
18.015,55.19673249505813,70.0,60.0,-0.054838938602972676,-0.004673173728454525,0.8295341882797007,70.28266399124495,41.94876089585204,15.555094624316652,0.7361952725326815,0.3938523487889884,81.57495966567784,1.1875128808163382,5.389041843845027e-06,4.096437383300379e-07,3.7609343539167576e-07,13.155435661763331,14.328997362670545
14.363895395980178,47.24657375873886,42.23447257401256,140.0,-0.1782397177196488,-0.05211088354934857,0.816430515167954,101.92998958645865,44.73068854698093,16.224110730692797,0.7306378547840423,0.0,61.418637360136735,0.5619286747274213,3.0474138489573874e-06,3.524151533609366e-05,3.254748733200664e-05,0.08647227055631988,0.09362977294903538
7.580934697002149,34.36057874812297,15.995458990898538,140.0,-0.25540844806284313,0.02723131708899013,0.8513388657896848,69.02248906060052,35.763746105189504,14.960072872494928,0.7319788385643643,0.0,73.58696753024248,1.3037145203391813,3.611442926186107e-06,2.870706310164118e-07,2.589547488697668e-07,12.580328797130212,13.946231694721185
15.25372633388624,48.936867037061056,70.0,114.03787604516121,-0.1214780696719481,0.02275175951798919,0.8617249724432157,57.4127436132006,36.41132487785376,15.555748411121835,0.7344132664755846,0.0,55.51669588346229,0.6672652185228336,2.010621544548139e-06,2.2791295711087628e-05,2.0982278436542577e-05,0.08821883450750899,0.09582474804292253
18.015,60.06035607374091,45.01515055389258,60.0,-0.17669517408051905,0.04280439040988391,0.9071315435812926,124.35571533145327,52.615867139386594,18.395278012389713,0.73096153942357,0.0,61.53836878307601,1.1080450243549966,3.579444694715941e-06,6.545076351131311e-06,6.027871154241639e-06,0.5468912053405209,0.5938157274972922
18.015,55.611647812405565,70.0,60.0,0.0019076580766841517,-0.02889769670980959,0.8077225063528437,70.9751618022165,42.01246810214617,15.585967870245037,0.735174701245399,0.37675888250494677,65.9624866502133,0.7005857773671871,3.3329992931561755e-06,4.834095573238514e-05,4.429564488596107e-05,0.06894773267635859,0.07524440160510061
10.3505947843191,39.622163257773614,39.34828329850415,140.0,-0.21658530137370346,0.06372891908918128,0.796344052584257,76.87014612879234,37.7209688485572,15.57756088928827,0.7285046402883681,0.0,52.95943268416292,0.8334841414056242,1.8918389835372507e-06,2.6875627862868606e-06,2.451875586363557e-06,0.7039236415946275,0.7715884908920229
9.209938081998825,37.45523738856561,42.00557150750387,60.05333575502164,-0.04626592386226343,0.05549366442827623,0.8541583762184836,69.95733694747034,35.96391855476873,15.1138846388324,0.7337822014985517,0.0,68.52013447002494,1.4623037337083375,3.0871126990514145e-06,1.6149275835039294e-07,1.4319683457734254e-07,19.116106075501328,21.55852612359265
16.007537702900205,50.369522166297905,17.647676875452976,60.0,-0.1925236671361477,0.09790308119013813,0.8239527606113546,123.38814713834753,53.23177661925538,17.9216856020564,0.7309644442456116,0.0,62.06267520897435,0.731987131325709,3.7007964405652e-06,1.6561595685157181e-06,1.5365751224619832e-06,2.2345651414989707,2.408470882071542
18.015,56.084046967957,2.215643594291663,65.12437179196131,-0.16527310345959403,0.015107209675653932,0.809451592423182,133.72376290885634,58.68356311814373,19.899802195015408,0.7374037793108581,1.1540846092694714,66.35628404948015,0.8237844778852865,4.711704364750232e-06,8.4618727036441e-06,7.850303116210459e-06,0.5568157935915461,0.6001939409219514
18.015,57.36598941062835,36.20546412088087,75.68414107111106,-0.1155562000806285,0.05153916996227663,0.8556531660721124,127.49223890830622,54.80005143784295,18.379399135642824,0.7333341432821604,0.0,56.66930290191251,0.8687927383286886,3.146225418859439e-06,1.9646116632365564e-05,1.8083304146755073e-05,0.1601449018009116,0.17398509660216097
9.241014894983502,37.51390463346084,65.3400406902689,140.0,-0.15776556313948512,-0.002453557376763738,0.86932229203841,38.5984852395788,32.5301324193746,13.852313697867126,0.7358656284392294,0.1552477204599306,62.21112814231054,0.9729360930687344,2.2677843641675653e-06,3.1129838303766226e-07,2.800601667556993e-07,7.284921759112378,8.0974898731164
17.567183444597035,53.33270594800397,0.0,100.55932653893608,0.023861847265971528,0.016445597907551613,0.8462550415495246,130.3001219221917,56.50837689803449,19.120477311270484,0.7394433520066914,0.9288486489149391,77.57027038712737,1.4416780127273487,6.4426335613994125e-06,9.668915228446815e-05,8.848168361025854e-05,0.06663243403401249,0.07281318910903337
15.726136823961298,49.83511357551883,0.0,96.95379319157827,-0.08693307242726261,0.06532218918636844,0.7796575652811051,125.44013429022061,53.66672405060392,17.966397040850417,0.7305841189683284,0.0,65.42751188560389,1.1556733951648845,4.166853384099828e-06,1.6241466236363279e-06,1.4902065684143082e-06,2.565564785505999,2.796158245721379
18.015,55.28289904279773,2.635128844619409,60.0,-0.11520672775432048,0.09056718443780497,0.774367032637852,133.23307540947087,58.345150820634295,19.449724536532642,0.7369410361261546,1.154474076108694,51.742302350486895,0.9759990648613162,2.790375514189642e-06,4.069190296059696e-06,3.761280391994656e-06,0.6857323720868096,0.7418685190629645
15.890352229461001,50.146431506085754,58.30868096260676,118.33330196475013,-0.303179789139485,-0.006468641172439495,0.8435459746352538,82.56689309066564,41.973700502470024,16.597296584413506,0.7333202400197538,0.0,59.80086854099672,1.4566515235978685,2.679178970066031e-06,3.259981982750568e-06,3.0574746674706925e-06,0.8218385820051399,0.8762718457067028
18.015,68.34880771577295,70.0,60.0,-0.05446171502920938,0.09612199398221928,0.8368992255731295,86.84609038272536,46.00928310513182,16.006008576433786,0.7354881977865962,0.2291168356279331,58.50184507337766,1.5753125063086286,2.801540810012577e-06,1.3830146401599844e-05,1.239317822371068e-05,0.20256769007799513,0.2260550731573163
17.19016813329546,52.61562424243786,70.0,131.92432377528962,-0.11193857041724829,0.015565745959471064,0.8420741541750815,63.831866239397655,38.095121097921435,15.433573448383594,0.73365668622071,0.0,56.02604939631285,0.9396181892525971,2.135010234091296e-06,4.420800102078763e-06,4.084417922589773e-06,0.482946567316483,0.5227208073598816
18.015,56.81054470277182,45.05867195352273,90.0475796797672,-0.1639184278062643,0.07522299770616593,0.8409199038560075,119.37559752416892,51.1537016304388,17.527026102760466,0.7326386410793603,0.0,63.82530215737473,1.0595067370881444,3.7655850755528137e-06,4.455469404722921e-05,4.128848344842172e-05,0.08451601242197262,0.09120182581316766
6.167978482302028,31.676323575480655,22.027050704222994,65.43256952912321,-0.06490934846741966,0.05289684791774313,0.8299684905316981,61.63188289715012,34.322901240618116,15.10090469108146,0.7323619912756065,0.0,52.05324704860773,1.0679633727875693,1.6585813916755114e-06,9.032043603569592e-06,7.829678575096405e-06,0.18363301424054423,0.21183262834708252
9.083377155726163,37.21506567706305,10.858195487537596,83.80215915793204,-0.023126899417193286,0.0698133620896662,0.7637836114729427,89.74981804117134,39.61108564741377,15.734586340374237,0.7271144829523302,0.0,67.31730396197969,1.197820198770028,3.2738666233564313e-06,2.3948245107817747e-06,2.1182736181888404e-06,1.3670590928968316,1.5455352864922343
9.812934719716981,38.60146657048207,0.0,100.59786753005562,-0.140091186278027,-0.03499087426606753,0.8200836422945216,92.45322621535847,41.73951118226914,15.860180111541517,0.7308141486894146,0.0,52.12637871335296,1.4088208023767823,2.0137953735232077e-06,1.2229068666590157e-06,1.1014495564778476e-06,1.646728322840235,1.8283137540704155
18.015,55.88083376959409,70.0,140.0,-0.225841185805058,0.03537672094043044,0.7621680411858369,66.28137888471085,40.43008110944668,16.43256088608396,0.7350385768001007,0.27169665011398625,68.37874427164671,0.8375501609980733,3.4685822634369693e-06,2.4191929689404047e-06,2.2551597061115913e-06,1.4337765973899106,1.5380650221964078
6.270957460126311,31.871715366166942,36.68090543041176,140.0,-0.0751542940458691,0.06958060617985536,0.838372297507289,48.066635624786656,32.82343773240068,14.17297200533424,0.7379651657803776,0.3100084376541271,46.94238838778008,0.6653478062508786,1.3155522123966948e-06,5.673537965818006e-06,4.928127467530325e-06,0.23187510515002246,0.26694768369211214
16.462035557985498,51.23286024580993,29.410512738666455,60.0,-0.13183746723469295,0.06953911173857746,0.8465096899449034,120.953678219956,52.34959925877598,17.593915107328385,0.7301539846430912,0.0,53.63790514374021,0.9442655654697754,2.6880356396656406e-06,8.368042839554099e-06,7.729762705535264e-06,0.3212263239093164,0.34775137893181957
17.865296595931593,53.899096439120044,0.0,117.67471538057048,-0.0018109780191673946,0.05561661328798108,0.920138332859621,131.15306304417274,57.54143695707163,19.105486727244486,0.7402798716598145,1.05289456732571,64.08283080660566,0.745630505546089,4.284768149373196e-06,3.0393004373932974e-05,2.786291197808406e-05,0.14097876263420978,0.15378034258384182
0.7206000000000001,19.0959,0.0,125.96435672984596,-0.19703870015251615,0.016946524106751657,0.7562063956778333,15.966202419722787,24.64283288959469,12.58988313285977,0.7293227882347397,0.04592549866550918,58.23535202946383,0.664128698931368,1.5001488087950966e-06,1.8711036932366988e-06,1.4922511676384569e-06,0.8017454159368839,1.0052924342281722
5.029193694031252,29.513352758530797,0.0,118.10878749395111,-0.13822555581112414,0.0780388367114539,0.8028362120450351,54.17606839081213,32.71992767470342,14.150928322880354,0.7334965238113823,0.0,53.15458148367946,0.6274388878408508,1.6583239648964914e-06,6.088996389390777e-08,5.260926676770411e-08,27.234766763631004,31.521518294843577
10.216004874724783,39.36681532348178,8.085561591360733,119.50646990035085,-0.18283250533950451,-0.007967235494646887,0.8293076004326317,92.18303563073202,42.17243904520149,15.301522467123906,0.731833858710134,0.0,64.86990097480057,1.144071074586619,3.2139274847669786e-06,1.3000945476075584e-06,1.1799254053329226e-06,2.4720721202017706,2.7238395497214936
15.297113127589377,49.01978512374901,18.899857185817517,102.71599717773721,0.02837142962092508,0.06383367989882759,0.8309682984557162,121.65231733907623,52.80946690476376,16.882027557865012,0.7315663342790645,0.0,60.24669090645332,0.558294584686065,3.4548436766464373e-06,0.0001151647650568309,0.00010469602269012436,0.029999137973681093,0.032998805378423625
16.486831863895105,51.279693035816756,57.981023681938936,60.0,-0.19888277151989003,-0.025757917121877968,0.835140602953195,88.28368525954482,42.99946173037946,15.292664765665704,0.7330823291705598,0.0,62.97548173099108,0.5545469208696712,3.0901057839235346e-06,2.783698772333458e-07,2.588199732210379e-07,11.100718995300014,11.939209116927453
9.386920331097198,37.79089458423697,70.0,127.36656954128708,-0.15645212338311323,0.053446394596043716,0.8232187858385307,34.160834821787006,29.52496297630221,14.416217222178721,0.7341986220796264,0.011049513623182664,55.40358724802628,1.1184342581394027,1.6141938739387334e-06,1.0262282495936724e-06,9.240828742631603e-07,1.5729384516337976,1.7468063946384134
10.445168443200645,39.80223080018316,11.062331824223218,60.0,-0.15520619305554323,0.05453479194164457,0.828358973180329,93.31901604319698,42.6922653294331,16.170178504687076,0.7324417526995715,0.0,63.28709885365793,1.241537028930518,3.081197552529857e-06,9.61626959329411e-06,8.711406891648476e-06,0.32041505519755037,0.3536968931486561
14.687851502621399,47.862468626016245,0.0,140.0,-0.10929441764098735,0.06614223006706137,0.8277048642276434,121.76849335910393,52.282719745004314,17.95714181891174,0.7304136499535128,0.0,45.567975611273646,1.1719135188672722,1.9662428572765027e-06,1.6296431445478496e-07,1.4935775004105833e-07,12.065481107657124,13.164652364781768
18.015,54.92637827472607,19.5369410315888,105.38763664875907,0.03790482724007714,0.04077659124640162,0.858815677789941,131.34334428875053,56.9453922455639,19.517158280529095,0.7401589330344691,0.9159402335868779,65.22733980509429,0.9505540989093547,4.3988092019587515e-06,2.5438580610044658e-05,2.3209696345676634e-05,0.1729188145120739,0.18952463386183577
18.015,57.06153965628942,49.560414884697565,71.99074367967614,-0.08433721502397834,0.080091141932538,0.876287399897858,113.17191733233422,49.78559038226902,17.83182568489045,0.7299791297721976,0.0,46.35717649340086,0.6280663133595932,1.9527363521342633e-06,7.663903892152068e-06,7.036577168744635e-06,0.25479656055367417,0.2775122485415224
16.393720179791142,51.103074657228696,25.098407645228164,81.76311323432962,-0.11689195994596581,-0.004653704098424266,0.8179353482289922,122.3749296271491,53.600299570559436,17.59989117175926,0.7315668389006857,0.0,56.46365787302509,0.6987277903572587,3.061415452677935e-06,4.8502145613864126e-06,4.4724769858729215e-06,0.6311917573813153,0.6845011080767851
8.342363404837062,35.807613702157454,0.0,140.0,-0.22890918132239813,0.046591421954127264,0.840386379673467,79.47366338242232,37.87613289830028,14.785195542954272,0.7307815752303088,0.0,61.74896160385364,1.3341324961376373,2.59076068724888e-06,1.385448871592143e-05,1.2542297469428226e-05,0.18699792827949005,0.2065618913571332
12.586638098746434,43.87037190269936,24.36769685062346,123.09662172599812,-0.0072569045770617124,0.02953954680502377,0.8349963098086979,105.0218796346561,44.129089970178974,16.666431810054945,0.7325830104472261,0.0,45.27855564756378,0.9860985764877056,1.646881753632559e-06,3.364751074605634e-06,3.027121330488286e-06,0.4894512898923977,0.5440422017596865
10.455282198639322,39.82091340149945,59.41847184784567,117.7036462841028,-0.17635230188723003,0.03825624469622792,0.7310966550882249,55.58109585312148,34.22146243473659,15.139156676633512,0.7294970324233035,0.0,74.8374559522186,0.9086550198846064,3.5996361507298195e-06,8.45976104325801e-07,7.681605238929724e-07,4.255009251825786,4.686046781585662
13.248342501953683,45.12697365057897,70.0,140.0,-0.06427755315864969,0.007969040188279946,0.8503206297800568,48.03258955786872,32.93980612602408,13.865626771753229,0.7368242842550483,0.1955882960120554,69.36142149281292,0.8907857423728907,2.9162549703731924e-06,1.144932500927494e-06,1.0399552977998716e-06,2.5470977267312915,2.8042118507812965
12.415792493906622,43.54664326100082,0.0,60.0,-0.19736854977533172,0.0041283562787073225,0.8930834852466649,107.77832097588453,45.21259247169116,16.33965184051942,0.7317815757304695,0.0,43.96978783161995,1.1178929518777723,1.598469599599784e-06,4.3685619087183495e-06,4.010578131953586e-06,0.36590292938500296,0.39856338587802453
18.015,60.65502370351079,0.0,60.0,-0.20940453258149105,0.006196576495107446,0.824115503582206,140.62782057156574,62.125063005568066,20.129711641041464,0.7340991712244401,0.7116836071212924,59.854922668543225,0.863045439996442,3.994844192342296e-06,2.7901569128363136e-05,2.5770113048571452e-05,0.143176327251121,0.1550184970012674
16.605805823637063,51.50560697986902,61.69903434287855,127.07374618653685,-0.19653217454102645,0.01058453636758652,0.8103443830283609,82.03437570216352,40.75028988382308,16.014994943568436,0.7332918620050644,0.0,57.42959299395369,1.1033174551730516,2.398053388852935e-06,1.053699376539655e-06,9.794830237410965e-07,2.275842087643758,2.4482847897594646
18.015,70.78251894630532,70.0,60.0,-0.20589727812560069,-0.04902491220515504,0.7918089979007692,88.42438844480395,46.30547532287393,15.93813327669314,0.7331556126030488,0.22683130264932475,69.21052023103078,0.937799989900601,4.0782687876506856e-06,1.5989158169111828e-06,1.4522439937038338e-06,2.5506463470535716,2.808253162231632
8.930128950793225,36.92313563646809,70.0,140.0,-0.19842474481776134,0.060603620120365076,0.8614702524681054,32.053047715393674,30.785602608574237,13.862814831881897,0.7353172549722795,0.22442298823180026,50.96099817309311,1.6121609749625367,1.4177851746093265e-06,3.1801390487310894e-06,2.8733463891758247e-06,0.445824900384478,0.49342647303167525
16.04836450738378,50.44633375592278,70.0,131.1841334591946,-0.07024584972722553,0.029493740148326984,0.8245001410233032,60.11008471855849,37.402172725880085,15.455230203649101,0.733723523893061,0.0,51.37241791935018,1.5389358565443132,1.7511453755097383e-06,1.0864684820701181e-06,9.96386507290707e-07,1.6117774278855919,1.7574960747625037
18.015,63.41253059080384,21.983394982805347,91.96012916001474,-0.0702933428698244,0.0212303899594177,0.826150637357649,141.46418662930816,63.35331447025147,20.20952671168043,0.7342706514011411,0.6378756788686335,53.847202307253966,1.3253080530761943,3.2629868005353256e-06,5.2418956090852465e-06,4.743778444183104e-06,0.622482217097174,0.6878455305045815
9.705519996783103,38.396968476548764,12.232335023442218,112.12843210960037,-0.18811134460244117,-0.0010354200144658953,0.8472543920865424,90.51905036006661,40.72397822951342,15.822185150464147,0.7307978969975933,0.0,69.48578663312226,0.996274619788541,3.617260851025933e-06,1.5752217320718771e-06,1.426668941019296e-06,2.2963502708080195,2.5354591713768926
18.015,62.94786156130753,63.52177284360323,60.0,0.09602279178003993,0.023639102257022225,0.8111407900459724,98.4292616485191,47.06230644864157,16.749664920274512,0.7302046493723372,0.0,63.520968276582444,1.4040586690190304,3.4198026768501016e-06,2.000605960324621e-06,1.779358925726164e-06,1.709383429156234,1.9219296497217195
18.015,58.6845876867691,24.20525316553885,67.96259163572614,-0.020346945178535247,0.015673557867619696,0.8234694819694596,134.2815086203727,59.852239432176525,20.523652083768802,0.7375731887601047,0.968272967045518,37.42591272758769,0.9752024782407773,1.6400876590487707e-06,4.059403705580356e-07,3.6869818983634165e-07,4.040218165032921,4.448320345095199
18.015,63.12254559341514,24.87135933041752,140.0,-0.2632955048677543,0.005599601085823381,0.8272559888714806,142.11113190679853,62.45459216139827,19.992536452839243,0.734120151910533,0.6629885423128086,80.10888440433159,0.766821535061594,7.702012055313286e-06,1.2943027581255811e-05,1.1998143019919962e-05,0.5950703579174471,0.6419336761135445
14.879230872383385,48.225356077538926,70.0,136.8015910763271,-0.22879671912616234,0.04266186125673024,0.7738974081894044,53.93065087270848,34.049860926566225,15.369044729031222,0.7340090228127572,0.1540404939769,50.75504416188702,1.178220586806236,1.5643379200171964e-06,3.739157742765221e-08,3.473511848470718e-08,41.83663882712584,45.03620509329563
4.364194610501971,28.2495109696985,9.84537459396621,140.0,-0.06956983156996413,0.05234028357943357,0.8163391390950002,44.86274805949998,30.91505096103426,14.17289861778409,0.735678325060815,0.2300106635145732,54.2335082234592,0.644169954359102,1.6297481644913764e-06,9.690787912208729e-08,8.197859434853438e-08,16.817499043995934,19.88016722465934
16.756159556206068,51.791440915474965,39.06764110533023,140.0,-0.09365685579086026,0.08036516874156117,0.824373948889291,115.26495322650298,48.06813399133484,18.030324685701892,0.7357430056020737,0.11137103829898061,45.57818213753702,1.2367626832196046,1.8063378272234552e-06,9.577926538887568e-07,8.819531969491953e-07,1.8859382768175343,2.0481107540307595
16.907453915537197,52.078533297382094,70.0,62.82731059298783,-0.09836423817764367,0.06163621806263365,0.8826212334490303,65.55264007733412,39.40295288973961,14.929333754428109,0.737443170004459,0.39985158304756424,70.31536095291072,1.0862785435353892,3.592439363608463e-06,4.738008785421719e-06,4.369965895147691e-06,0.7582171174232444,0.8220749199890608
10.302192560393847,39.53034584480685,30.17311209446526,120.70157467533056,-0.18452163030270397,0.008185363533561122,0.8010261486898249,86.30956946079286,40.6490647742872,15.595078828176737,0.7279726303290778,0.0,66.69296771921587,0.962476205797881,3.296629745921876e-06,9.481284090987615e-07,8.610002118270518e-07,3.4769865708965204,3.828837322730028
12.991754796734734,44.63984254762401,44.677893656519075,99.76752512296878,-0.24797393885186853,0.10321209938924282,0.7848999062239336,89.37235855431678,40.77123200570871,16.60499223518712,0.7310422210949833,0.0,55.69904118393779,0.8831112541687319,2.2596280145067054e-06,1.5202109037607507e-06,1.4065068656085252e-06,1.486391137517011,1.606553135116818
11.596528552037894,41.989393156676925,19.474425124852694,140.0,-0.11791716873915865,0.04816196350337942,0.8116255453888229,99.51459762552777,43.708050420600856,16.1617615192928,0.7326516618404807,0.0,68.52709683676662,1.1025852660655486,3.760872974350097e-06,6.07751936474832e-07,5.509552647266478e-07,6.188171108371023,6.826094993785067
11.376389756699883,41.57113004870263,22.678951446716365,140.0,-0.1750420801818881,0.006005279868298355,0.7949607628876258,95.58114845621559,42.63524858917996,15.83541252096447,0.7306658311421245,0.0,51.19716851694982,1.0233629310884604,1.9962524862505503e-06,3.940708500038083e-05,3.609939031519463e-05,0.05065719746160515,0.05529878673353399
18.015,59.416001553645806,23.45621940335785,60.0,-0.09988650337436608,0.07279229740232289,0.8127592636767532,135.39331975063163,59.82492756927437,20.042625189340608,0.7366926990736634,0.8750615487220958,47.60859722445525,0.765790938297678,2.4545178699125195e-06,5.099592139440718e-07,4.6628690383835246e-07,4.813165058689793,5.263964845908317
10.911957787942725,40.689522984483325,0.0,60.0,-0.10358337222281513,0.02318890271405168,0.8243546170176725,98.23525593705928,43.34028762293012,16.207444532825267,0.7329672716482332,0.0,59.97598175154867,1.2638268614002401,2.788004836541964e-06,5.650552100164304e-06,5.097546376018568e-06,0.49340396958040533,0.5469307448889815
18.015,61.48830277235647,53.70166502485733,133.0165274573984,-0.037606481248084064,-0.006102818483122286,0.8790743012529179,117.35659831265485,51.64569199294817,18.393886803571576,0.740064034693121,0.5877700150206348,58.533418807032774,0.8358299191859442,3.170707799770913e-06,0.00022754849016771704,0.00024853455718520213,0.013934207154852617,0.01275761341071043
15.196671005849941,48.828850888859634,38.198086403858696,60.0,-0.049715176051474796,0.017606526045794046,0.8631958888488823,109.95984837621774,47.38229332806751,16.64057414128151,0.7263856318883264,0.0,64.18318317721955,0.5892274726931663,3.545772879310564e-06,2.9431079296105042e-05,2.6886297871151366e-05,0.12047716101868604,0.1318802944274128
13.84440607174576,46.25981243116223,25.093937712933517,140.0,-0.016888231779183152,-0.04397440489035303,0.8337670790515673,113.02665785873083,48.14033663413943,16.873894357863044,0.733014748924327,0.0,71.94145304448239,0.6952942968495046,4.633800615286205e-06,5.365008586255176e-07,4.857785094568004e-07,8.637079588572734,9.538916450766298
8.923314590535085,36.91061714017534,44.36288623293457,135.40227074310266,-0.08831551511276285,0.03945862758820182,0.8855850035132846,66.56591865192108,35.16060141229206,14.166079387331498,0.7367306098069843,0.12711678176182084,56.139608334210244,1.526553482507839,1.9665009105546396e-06,4.070243952496735e-06,3.624033956800643e-06,0.48314079782573355,0.5426276171790341
10.302463890482633,39.53080425327973,32.01204150519175,140.0,-0.15099392165211253,0.012188893038597387,0.8450617653366215,84.37488235339288,39.60773349757451,15.62766649552165,0.7283881018182371,0.0,64.58151085370082,0.8450623950541585,2.996601546405348e-06,5.74617556104374e-06,5.197478830730367e-06,0.5214949516545998,0.5765490623430314
4.447871777924984,28.408692738584,0.0,86.33674871812111,-0.06644578151024783,0.011119198237269397,0.8589653800688406,47.45155922892063,30.925268099127827,14.171792801596228,0.7360012172740625,0.14666828724523717,54.26581707897023,0.8786558426357729,1.6265897023708994e-06,2.210726248675814e-06,1.8738714145145194e-06,0.735771651214255,0.868036990036648
14.191379676349124,46.91899206170301,32.80751395111093,99.83026955805921,-0.009030376579494792,0.03983657920192175,0.8026034992584316,109.67197288027417,46.493751278628274,16.81276061963682,0.7274975463693109,0.0,69.78485691683005,1.0553234527895488,4.168127133108185e-06,1.8466724360890415e-05,1.678308801849491e-05,0.22571015041171108,0.2483528137679384
10.217720993416018,39.369424285830505,67.92403027770521,140.0,-0.0861447113416847,0.044033485096043434,0.7767377580492687,38.73145829117421,32.37511927998034,13.864760890884847,0.7333769303383592,0.17939359608411978,56.01899465518454,1.3427099581326354,1.8059097707378949e-06,6.853491145297483e-05,6.172393586532449e-05,0.02635021673555409,0.02925785184337906
9.256785296487392,37.544638091913306,0.3365632990643235,60.0,-0.13315889348008872,0.0739569235632167,0.7804231541043732,90.22417798479295,40.32629904917463,15.637811016260061,0.728677171720547,0.0,62.29074401214817,0.9559955244199063,2.8194283613500172e-06,2.6734462560082726e-07,2.3980172314671195e-07,10.546044660571223,11.7573315335398
18.015,56.55333553932857,6.772811407767243,120.42212712313817,-0.1940684984580649,0.07289035914786994,0.8614908285527993,134.0590828941459,58.897747137653354,19.877646304716016,0.7390603848337425,1.1639703785445192,52.44315177804385,0.9559975862163353,2.892507492894961e-06,6.751378220323587e-05,6.274405122179136e-05,0.0428432150962552,0.04610010728619285
16.71693407286159,51.71707872788204,24.895999418049712,121.22062424664944,-0.05966159638827922,0.0031750668221406965,0.8081039623565662,124.5723909729139,53.499319450825915,17.9763823328042,0.7335252067808495,0.01464581003903498,68.21670096219968,1.0300836760996372,4.5592524604538695e-06,9.952535480460384e-06,9.147591556709652e-06,0.45809959375728526,0.49841014787216975
0.7206000000000001,20.170978946692447,40.381873504743346,127.40734075639338,-0.18003409776236512,-0.0036789475712221457,0.7867542305062175,11.918673170314126,24.296230606530465,12.569634177247625,0.7308738267975811,0.03519980573656725,56.6019648313935,0.7599278707623354,1.3934718509106517e-06,4.5577433089024766e-07,3.6123960934389033e-07,3.0573723802936272,3.8574724777318212
10.991902148043609,40.84092364523896,11.351133224312147,60.0,-0.18344231430909316,-0.039898548798375504,0.8172595734393027,96.69833204959157,43.031174194890035,16.144316021894653,0.7322246245323918,0.0,66.19025385525075,0.5918185280961028,3.443177440147259e-06,3.0320032730672483e-06,2.762542424525577e-06,1.1356113862845725,1.2463799323330103
5.134252782630284,29.712599677367113,7.135187883699377,66.06541671057086,-0.11662365631211075,0.04625046895252597,0.7620991018424171,55.75756655586216,32.776245614596114,14.157167167980012,0.7310842640480233,0.0,51.393835004751956,0.7773547650965276,1.552033917530437e-06,1.2798314178685547e-06,1.1035006684313121e-06,1.2126862146541233,1.4064639577760656
18.015,54.664924843119564,12.698327100500965,139.02255525797986,-0.14517526959853805,-0.028791973332236907,0.820016071417968,131.9811682775008,57.40083950858101,19.0014915859775,0.7389093655210497,1.03771846591893,44.593442083634095,1.1943952941913163,2.076708228423137e-06,0.00020252983534557603,0.0001888747202054484,0.010253838526455405,0.010995162434465548
6.02994105730086,31.414318996936615,0.0,140.0,-0.049867516615261356,0.005770117773646909,0.8500725288397807,64.37593193929831,34.813091195898494,15.111807913582306,0.7321032582772656,0.0,49.56748439129698,0.9794649467408462,1.5333893004741196e-06,1.0185743096829331e-05,8.826815099520323e-06,0.15054270325661764,0.17371943143540516
18.015,57.220286951217496,70.0,140.0,-0.20035177288489803,0.05900104257223825,0.8646447955903592,69.21173276454316,40.46968069287541,16.45689703811986,0.7391449834313545,0.2967620175089184,68.26548632541613,0.8615552780173024,3.4585696317276685e-06,3.679828633127657e-06,3.413564394677435e-06,0.9398724713949709,1.0131842355516736
16.82162851980634,51.9162727321147,0.0,73.4371020713686,-0.22425860795635955,0.029398127618673213,0.8480757596423675,127.55952512680716,54.15711234673447,18.44376272671615,0.7364774303354759,0.2495963299851698,64.4573394556267,0.978742991795623,4.075582196637422e-06,7.239603894465405e-06,6.751138993338675e-06,0.5629565175179209,0.6036880888778596
11.552028926525665,41.90515320382243,0.0,60.0,0.0859588428236407,0.07427913609802299,0.8584154303996819,106.63916132657381,45.20204267339472,16.735919205907784,0.7335623469440906,0.0,58.056930749502996,1.0782972121963326,2.7212043735050324e-06,3.1645814362454584e-06,2.807321781430233e-06,0.8598939317338409,0.9693239982338873
18.015,64.93111188626814,63.11803143229819,60.0,-0.23156366992772937,0.09113019079556811,0.8704008619671557,99.95975221015475,48.02098396684807,15.661421894544413,0.7333716321031912,0.0,63.63789157143219,0.9128940112141295,3.516937528611125e-06,3.075335424648897e-05,2.8294425748865935e-05,0.11435947768242694,0.12429789386172953
18.015,63.70814599743249,45.36186519984784,60.0,-0.24957066810919504,-0.025486967937272294,0.8588738477771898,129.62613466216007,56.64777019727028,18.486074369887273,0.7313687406344381,0.0,55.78071651729947,1.2375589228951627,3.1358906607718934e-06,5.328351776036971e-06,4.916260556421613e-06,0.5885292098909152,0.6378609564694039
18.015,63.61337557132925,69.23703605350045,82.97829040664446,-0.15474775782563077,0.036073919021360014,0.872017259213966,82.60507395392293,43.53751454481452,14.626716690844813,0.7446321803389604,1.063804211484091,76.46378609193323,1.2062505903326768,4.805409754916328e-06,1.1198394802047384e-06,1.0222940373052353e-06,4.291159438348934,4.700614089057368
10.153191097258365,39.24799556318406,0.0,60.0,-0.041658761837782124,0.06822637898331263,0.8087577369392271,94.49482600563064,42.69069704165506,16.252853012600593,0.7314681276871019,0.0,55.00445420854183,0.49417499613704574,2.32024481957224e-06,2.837594787765867e-06,2.5353965740768394e-06,0.8176801104850655,0.9151407883467153
0.7206000000000001,19.24391649585053,0.0,124.17613963474082,-0.09074167206342021,0.06676392894650182,0.8622117662365346,17.120511938459394,24.76224419272851,12.569632571873113,0.7333423657775343,0.05753054242127825,59.30971628806355,0.9501746324588652,1.5605977918793177e-06,8.269786124973623e-06,6.511851549665953e-06,0.18871078021794613,0.23965500134280143
18.015,65.92826619371318,23.765217673752872,60.0,0.008038395418472052,0.026826421622774092,0.8257532810581297,141.4724503609628,63.76777972953866,20.25150292914965,0.7330634464091002,0.9145946646916492,61.246636751054986,1.2663233429825418,4.288607057845407e-06,0.00019925566540335282,0.00017887399709616534,0.02152313736808431,0.0239755756983492
18.015,57.445985633482195,55.96627742811958,140.0,-0.11413804931769903,0.04486169367266866,0.852590497247671,105.43065987241556,46.14356668819416,18.3646889685551,0.7371672183055111,0.22443771049799788,48.187445546376594,0.9416844738227048,1.929174471446907e-06,9.371781378331573e-06,8.618923181663577e-06,0.2058492823901481,0.22383010392193198
18.015,57.72628891758536,70.0,64.2113815847071,-0.12756730656252563,0.012055272311453442,0.7708702660869071,74.06932591664207,41.74307139484456,15.517194068623544,0.7332349366919674,0.4644857534464057,55.14795843384793,1.3052348978014074,2.2562603230399334e-06,2.084830923036973e-06,1.917970504099875e-06,1.0822270036906587,1.1763790518242727
18.015,66.44761597232457,70.0,60.0,0.03385906320815908,0.0224851154583724,0.8329182784051005,84.84411492964377,44.90657048243064,16.034272747107817,0.734745680269201,0.1528585777842233,54.37105616513924,1.4614195880199687,2.354863565581181e-06,1.1974349370820359e-05,1.0654767480701973e-05,0.1966589993874423,0.2210150122793702
18.015,61.99893825921983,40.983418299677695,60.0,0.007824740473745609,0.05866757033317077,0.8264831660259111,130.58884480204182,56.8059077063897,18.946853667577695,0.7322592028613738,0.0,60.2909176681346,1.0829162298846855,3.7009007837591605e-06,4.478517391004379e-06,4.032733852404163e-06,0.8263674025678338,0.9177151082144495
18.015,57.99922749883653,33.53255841428363,77.44121875067852,-0.08084677907197725,0.0419150996560206,0.800870033709457,130.12773999751278,55.77278959295789,18.335170108934804,0.732182990974171,0.0,63.26439087936242,0.8673469770479508,4.034772936129694e-06,7.51597866424138e-06,6.880494946863074e-06,0.5368260231133773,0.5864073685526374
14.795245707583675,48.065837957033374,70.0,111.9022329271474,-0.10024115467319825,0.041777539037052884,0.8208053588366092,57.11389455439816,36.73591354291228,15.003851219778472,0.7337946883944774,0.0,69.57743402214908,1.0557502260233351,3.2714003569885465e-06,5.397992343742263e-06,4.947443619148185e-06,0.6060401995162121,0.6612304472409111
13.548180422376781,45.69729188847611,4.77252727153612,119.39166328889922,-0.19841266643930025,0.010607074350437996,0.7911966790926128,113.66316821860633,48.199077210880866,16.844852984736043,0.7279687650561042,0.0,66.91420669479655,1.236254594651484,3.9300118322445725e-06,7.816308796301976e-06,7.207983848308428e-06,0.5027963882522049,0.545230388268263
6.188636453045782,31.71576011094187,0.0,140.0,-0.09790979986014123,0.07039432511465515,0.8134921244005496,64.1121760071913,35.02953581213492,15.07728643149493,0.7316512475108473,0.0,26.654171893597216,1.1826582975771716,6.463435582707344e-07,1.3885194969323472e-05,1.2141763424169295e-05,0.04654911650133107,0.05323308778888972
13.566450352235595,45.73176312480032,27.948410207803228,140.0,-0.11155947487049642,-0.02461948272967274,0.8678695948874646,109.33352635219214,47.278985386051275,17.175530828086593,0.7345923206941928,0.0,62.890748588401316,0.7511520547126119,3.3808023914400935e-06,2.2162440771749332e-06,2.024007785710993e-06,1.5254648286526427,1.6703504874377182
18.015,54.41500459748357,0.0,60.0,-0.23971092105615946,0.026797809855891364,0.8222514763976335,132.53340887945683,57.54108081388839,18.931783510706566,0.7388736638449451,0.9767832309184258,73.98900498172117,1.1134304173031255,5.88935015927085e-06,8.578459237607289e-06,8.032128880964037e-06,0.6865277313963798,0.7332240613355291
18.015,56.403513530858504,39.729815793444956,140.0,-0.04819286523968849,0.06480902693407653,0.8153952579538161,124.85382090139446,52.90891954164705,18.558645298458206,0.7397902390140965,0.6178388125412964,66.55734960345377,1.004732786678645,4.270320714951828e-06,9.225947455231584e-05,8.483502007310663e-05,0.04628598564725553,0.05033676789693545
18.015,56.49705888578571,63.892986821980905,60.0,-0.02069407785461773,0.026516382823437462,0.845824576079592,85.79012168755018,43.23723683645581,15.287024383426404,0.7339299955278702,0.0,61.230441260635985,0.8988593747968519,2.9158593371417125e-06,9.726309460281566e-06,8.884936929432379e-06,0.29979092779732525,0.3281800827963778
15.771150972210606,49.91986553664191,59.50149249490749,140.0,-0.0731021579637991,0.02757814115550969,0.8784364753321198,82.46767787976071,41.070017809468006,15.471213810721121,0.7342045962503388,0.0,61.54874447734354,0.6694426089358934,2.8071181054270424e-06,5.350108171410591e-05,4.9178828599073844e-05,0.05246843644073326,0.05707980823032265
12.780822649757043,44.23956050553829,0.0,97.47071828484734,-0.027777139924462388,0.09269181327438189,0.838265543740861,111.18662147133088,46.85770336315237,16.876830376061832,0.731273484509387,0.0,48.09924368745,1.3942745634386098,1.9381643209481175e-06,3.117470213445002e-05,2.822003285735728e-05,0.062171061413488965,0.06868044168285992
18.015,60.424756056752614,19.52110163365891,60.0,-0.12615078058322396,0.04527222022896303,0.9090914209570709,137.94865990467102,61.542722114632184,20.294575773945656,0.7368564152873711,0.8923582727980711,54.52307345550251,1.0748558188151613,3.2594394332227115e-06,9.118796271763858e-07,8.345193542325381e-07,3.5744185263963955,3.9057685321393656
18.015,64.08011311787511,70.0,121.11544699697075,-0.08508534279871266,0.09157376723247827,0.8570252633820501,82.43760595417969,43.471188795297614,17.760188215903362,0.7372645390522499,0.49136531708772735,70.84795374564982,0.6066650984706754,4.044850250813559e-06,5.332800848698928e-05,4.834837734889828e-05,0.07584851498439892,0.08366051711776278
2.480699390058959,24.671756978197607,0.0,140.0,-0.23129986526615234,0.06284809992793396,0.7916958004082117,34.12929382567907,29.19434971399743,12.657915694980952,0.7315354794050483,0.21161294977251524,64.08255290027967,1.4229510430886934,2.1621237011252693e-06,1.1493306096626577e-07,9.690234924603835e-08,18.812025738702623,22.312397149790083
6.1877662031425915,31.713739587334125,17.372086625459094,140.0,-0.06767549026223141,0.06950267891834803,0.7976122289840456,63.03304543768444,35.11723061905559,14.174601038956496,0.7318805946088079,0.0,71.94966488832108,1.1378859414300546,3.371548494653461e-06,2.130433256016361e-06,1.8457310757736764e-06,1.5825647131315568,1.826673744028613
6.8847239419278345,33.03796445764157,21.010231155954067,103.25573960763829,-0.039488421885858604,0.01582932408997413,0.8294036166027224,65.91404887225994,34.843215562709354,15.11955899712518,0.731565660825423,0.0,41.95192038309868,0.803039071433441,1.1465160506963461e-06,2.078133223686335e-06,1.8106701787838052e-06,0.5517047885229309,0.6331998307203802
18.015,66.84542547044812,10.854827680144481,97.41462542861295,-0.15758906053958002,-0.030066203759424842,0.842026839446193,146.40789197444525,66.58252733706126,20.894320908239067,0.7337555424190825,0.8438920232511132,66.19681758709274,1.1257072793988063,5.305302292420698e-06,2.463826817879211e-05,2.2413102619688555e-05,0.21532772733545227,0.23670539427059556
18.015,54.571364127354684,70.0,140.0,-0.12184442893289556,0.004749845806652425,0.847816605015629,66.33292602502529,39.90644687071378,16.51879298733314,0.7377813411832987,0.22516480731197347,54.76594010257112,1.2397436295715127,2.128411338235915e-06,1.783514871777829e-05,1.650884586583839e-05,0.11933802021590596,0.12892550790847335
13.552181389578788,45.704993822038226,15.970408531644967,60.0,-0.05526926488876027,0.0376997895578984,0.8608058654935846,112.47101136071929,47.16161695099228,16.8720771399806,0.7296096175447567,0.0,69.99773119844122,0.488050134649054,4.275173166186404e-06,9.768216865189862e-06,8.884568825810007e-06,0.437661573774172,0.48119084336055395
3.7640551563816302,27.110056145656976,0.0,60.0,-0.0616414962443838,0.005767689494810236,0.7738731558429022,43.222500511742474,29.61399947563311,14.174324718200044,0.7336925779907965,0.3396675370515954,62.450257782245195,1.0215406210180562,2.0806288762437496e-06,2.334979013895601e-06,1.9535976543961764e-06,0.8910696258346655,1.0650242497792293
16.950434060434873,52.16070088411048,34.88278370310294,60.0,-0.2636643559932922,-0.04346778670851684,0.7794905946539963,118.47105211309889,51.05937346563322,16.82148187268129,0.7261128831579473,0.0,54.70336459569767,0.7274564121320055,2.734859637166018e-06,5.688127584512919e-06,5.326138687077706e-06,0.4808013878964719,0.5134788629896819
18.015,66.2228847134841,70.0,68.15785432677276,-0.06956806214122159,-0.014832931601401872,0.901498954440802,84.36429864749029,46.30525122109154,15.98764778403292,0.7391183829890571,1.061418289228517,52.07218375259181,1.3185106446312824,2.2319173269232063e-06,7.619454268665757e-06,6.8661099024386995e-06,0.2929235150215079,0.3250628607227035
18.015,63.52148022430072,10.429956361350008,60.0,-0.10709592600352129,0.08617423765116503,0.8481480014597379,142.1311962865035,64.60667940678466,20.191490647383564,0.7340353028720488,0.7714743644498532,51.22884756033804,1.086722017131383,3.025817541561478e-06,3.8091599188558984e-05,3.4715666630120106e-05,0.07943529822896747,0.08716000109691714
12.687461131370945,44.06220619682735,0.0,81.30532432930876,-0.12548187205323522,0.05692473693742532,0.7856749274294534,110.09549030837515,46.54291925536656,16.858299257431838,0.7290814320128084,0.0,39.34415500476126,1.0505499993836862,1.372361370455271e-06,1.6587411086625863e-05,1.5134501958512737e-05,0.08273511540096705,0.0906776697520169
9.743802042241667,38.47036736750568,0.0,60.0,-0.18140150022352403,-0.008812498189337433,0.8224259625483499,91.85924611797292,41.17622402106913,15.82678761623086,0.7309600553376318,0.0,60.442688274921444,0.8961543947824091,2.701854968162063e-06,2.86656793060755e-07,2.5942653344597705e-07,9.425400107610297,10.414721008962243
18.015,56.55358334018976,39.01847013301132,60.0,-0.2727434043546149,-0.005684898294413941,0.8326768147864873,124.48361399135965,52.885107437148044,18.037037069326868,0.7302623680020723,0.0,72.49179060343616,0.7546106727238627,5.177133237673703e-06,3.757700347966514e-05,3.51770385312614e-05,0.13777397765298974,0.1471736522980139
13.266187098510107,45.1618636104718,0.0,60.0,-0.22779860128189228,0.05595351633266592,0.8260309778047357,112.14121171923205,47.738725967409636,16.844149486561317,0.7296629856412189,0.0,68.18391632260928,1.0345030800324295,4.063854308393072e-06,6.656487442894666e-06,6.149456048168284e-06,0.6105103244400996,0.6608477687394085
18.015,58.98295434204943,70.0,66.222500472031,-0.2626395663743514,0.10110956884157632,0.82053481784362,75.79348115897821,41.9600812751582,16.235551233461983,0.736238218220481,0.5856354623702662,49.69465320257743,1.3438671678720489,1.847101596050677e-06,2.4070222510704396e-06,2.2405738783743916e-06,0.7673803577134539,0.824387722216421
14.44924747327831,47.40845203492926,70.0,79.76284788394821,-0.008287159011072673,0.09727055476234697,0.8894964275089949,59.08442419216319,37.08558615085019,13.888250461856524,0.73635446599716,0.4098571065964182,77.0805060277055,1.2458524089497682,4.1696809258573865e-06,6.106968634469921e-07,5.535440764444887e-07,6.827742494569584,7.53269902667911
11.551127443117089,41.90294275906369,45.66665101941731,96.32820318420539,-0.19382882639172216,-0.06274251598970296,0.8311907496770583,80.89197982716642,38.666317486098386,15.811032702159212,0.7328052173934028,0.0,67.2137091655736,1.1755912628342418,3.1853582121609003e-06,2.809307064118038e-06,2.569614378280983e-06,1.1338590404893745,1.2396249955185248
18.015,63.292219435536424,0.6479828965640593,60.0,-0.11465906565396485,0.05892889391933106,0.8604843195710901,142.46368804385415,64.50475767133474,20.484164816110642,0.7340179299843985,0.7164286310150813,64.41755265287819,0.7261283340059954,4.858694141241175e-06,7.572926410162436e-06,6.889621172587125e-06,0.6415873967454754,0.7052193465401646
18.015,69.65378876235476,70.0,60.0,-0.25746262226019184,0.10035856206349643,0.8416158743562393,87.2827312235564,45.64910112959508,15.926110028255371,0.7359129990787177,0.32323401523228423,52.17546797033569,1.218798537609139,2.2116025254327964e-06,1.5118624352694816e-05,1.3843513322433943e-05,0.1462833174394329,0.15975731549655173
11.37768863685883,41.57386745186692,7.971896183783453,60.0,-0.09109323037598971,0.06478261877398893,0.7702554289300096,102.00949074884693,44.17908056569487,16.2174310169194,0.7304409145608391,0.0,52.16798116334991,1.0322895857236483,2.1451276178644244e-06,4.122599049532026e-06,3.723066768356328e-06,0.520333797221422,0.5761722126760199
14.511763658183103,47.52795748550907,4.417933559219854,64.1500051720882,-0.041965471498860096,-0.01407205777188673,0.837536703640383,121.87027473463455,52.25308618516016,17.981471725456117,0.7302727517793133,0.0,78.89088803042192,0.8246428459374434,6.214711948761077e-06,4.476027345682857e-05,4.083036825997411e-05,0.13884436954468535,0.1522080797604106
7.861525494096524,34.89362214940084,43.65148122443351,60.0,-0.032355823776289414,0.04073305332507188,0.7707550445929267,58.93835160412446,31.679246475274134,14.891113093892903,0.7332991807702495,0.12555463996726293,75.91634600918981,0.6626595010698704,3.4490908973065273e-06,5.777002687038088e-07,5.060589942746911e-07,5.97038132775199,6.815590546414328
13.419304427170811,45.45214291553372,48.48724596485019,60.0,-0.09558242813764184,0.04244335976202521,0.8562903271068795,88.25089049558767,41.522384729437796,15.342718615141557,0.7326670724046827,0.0,66.29121349904096,1.162228350352448,3.3180522670769498e-06,1.2478531131525655e-06,1.1373279652900724e-06,2.6590086862821947,2.9174102531020503
7.1223007203107365,33.489566850625195,2.0320617894351827,60.0,-0.16611878112905512,0.024884984139365057,0.8688796170213668,70.47408974082964,35.95286869119107,15.026035272268349,0.732110510751617,0.0,54.38177319198845,0.9908775781398814,1.896270411899498e-06,8.903652137431919e-08,7.898264906549133e-08,21.297669570078682,24.00869601533796
9.161141470715476,37.3627856065836,16.64058540126168,60.0,-0.13700119833621865,0.06451359598199957,0.8549955734906238,86.70491568384939,39.27005495876028,14.833948629242922,0.7311744543821498,0.0,61.973239572538034,0.9536916354093243,2.7157884033008537e-06,3.212497391061103e-05,2.9084902297366056e-05,0.08453822906931034,0.09337450666103138
11.847978266800286,42.466982631697014,36.62140535239285,97.11788239557868,-0.06594737370011741,0.08543741412033408,0.8697374224150644,93.37393031783166,42.16840725540957,15.924553108969022,0.730942316747729,0.0,42.766980920449726,0.940905504448716,1.4275408660748865e-06,5.8446192891427815e-05,5.292073441078843e-05,0.02442487346826419,0.026975076630528918
10.362891716599773,39.64547161274697,53.994360690577764,87.66528580025916,-0.21664854473303782,-0.011869453572569993,0.8605962909440363,59.356281610537074,35.55688714307296,13.619165849866054,0.7388849028936141,0.4410292817395722,69.76755212222683,0.99957629338334,3.187032339579915e-06,0.00015142702509320232,0.00014051843759149127,0.021046654899403314,0.022680527866706778
6.191289201562566,31.720313247855984,42.53604478639317,140.0,-0.10843476200737626,0.01733473752962461,0.7835341207213302,43.92006566574626,31.939128330768195,13.443037788280607,0.7359917163827978,0.37474354657757664,59.40966111327462,0.9116540756220853,2.0208382172519167e-06,1.2541640193288709e-05,1.0954219313652068e-05,0.161130297641078,0.1844803503918694
6.992147149272439,33.242346254658884,0.0,130.16111228202976,-0.0981584030082239,0.06086506492558011,0.868886346791815,70.3135374841257,36.0938918484837,15.076263121006166,0.7320068284574042,0.0,56.90876854688794,0.6021280156356548,2.0975635661033285e-06,2.99281199866351e-07,2.6255568575923937e-07,7.008671333314724,7.989023585749999
18.015,56.10401966388466,53.7400801951577,60.0,-0.0017536759123451123,0.1119502469295331,0.8037375422798846,106.54819247752772,47.464411472304946,15.966571913898525,0.7276777878136527,0.0,52.77837978877841,0.7308147180744402,2.368362839132036e-06,1.4175576811151672e-06,1.2932534486700256e-06,1.6707347226032365,1.8313214950771224
14.87033237430568,48.208620112604365,63.1221746533699,60.0,-0.18179289447298091,0.008139093516319161,0.8303639758763623,70.40666609888719,39.63156855828497,15.624761611402231,0.7376199386372576,0.33733842271771664,62.69473926609731,0.8819081055719763,2.8114621393250316e-06,7.991873133866867e-08,7.385804077881528e-08,35.17901363337466,38.065755734634166
12.084871112846526,42.91749592849893,0.0,92.65436276611301,-0.09667787129096898,0.03802838885233773,0.8645526355737898,107.6464935604052,45.317995457252806,16.401118036984464,0.7324698658711994,0.0,51.841688833444145,1.0574522145355427,2.1728948237592244e-06,4.899770910845819e-06,4.442099443725174e-06,0.44346865665687424,0.48915942816827634
4.068043645185568,27.68702749200159,0.6004399912462404,124.19530832155661,-0.043338408765120434,0.006914687207973476,0.848217450474277,43.53797232300559,29.665675070518503,14.179500551696623,0.7363932089985037,0.25959373374181544,47.66240906435503,1.0246409141816852,1.213632059900358e-06,3.762353260401787e-07,3.154678433410445e-07,3.2257259643150906,3.8470864321607903
18.015,56.12334623932631,46.53958602124534,140.0,-0.15775648189509195,0.020342424785311255,0.8026378167984617,116.73285098455554,49.0188671151792,18.085253226757406,0.7381845707565562,0.45101099944201556,56.93058411484179,1.1013942607581984,2.833330215113977e-06,3.6712745001272895e-05,3.4019172810607276e-05,0.07717565698276553,0.08328627597407472
18.015,62.65201112052255,65.0763508577053,60.0,-0.16082422086976356,0.09671767550116869,0.7863057127519754,93.74558490862339,45.206014314254155,16.52465947556365,0.7310494437164158,0.0,70.19939040160604,1.191260878495418,4.103603372117321e-06,4.703508931516314e-06,4.304831086010047e-06,0.8724557414190779,0.953255375211659
12.627215181803201,43.9476969833432,2.2402176587008,93.71001359119555,-0.13115276879356247,0.05177701903461522,0.786204146229511,109.82606495175315,45.434166911599256,16.377796067891623,0.7291442677817717,0.0,54.01731122619044,0.7862316426533448,2.3711085608414986e-06,1.8739936753517652e-06,1.7094269455406386e-06,1.265270311222593,1.3870780304633554
18.015,60.154646705461,15.723976233772262,60.0,0.004872861804436815,0.0734967744541412,0.9216697993410714,137.418905986231,61.855585229077434,20.39196322576812,0.7359737981000102,0.9317500645471543,55.369736159398876,0.7573243382721904,3.3931004197333765e-06,6.931290127628209e-06,6.265401412856358e-06,0.4895337458474629,0.541561537106125
8.9050219780834,36.87647049389392,0.0,104.35833796099944,-0.03466666890815147,0.02279854943116167,0.8799210617797866,89.6164137620236,40.19927051102422,15.724490446665843,0.7303112215676482,0.0,58.33698241915263,1.2058853058916585,2.441249245414634e-06,1.3038802421725023e-06,1.1519445644126529e-06,1.8722956038869547,2.1192419503792395
8.414981271920203,35.9453055091916,3.570717986389763,98.07633443509495,-0.13530262760682238,0.03337247177283913,0.7594333350690673,81.76036887219611,38.700735791458484,14.834978625975825,0.7269591118504546,0.0,64.44992261604243,0.9947087756703527,2.911303276856421e-06,3.811004481198718e-08,3.4004309409662284e-08,76.39201924896966,85.61571540191837
18.015,65.91728679118796,53.99447159171283,60.0,-0.03336158370091098,-0.035924419282449736,0.8819066675828613,120.84195685512893,54.14427864139083,18.06485948718266,0.7293769748339083,0.0,58.53982773177478,1.182534869308336,3.312725530699433e-06,6.118589921247305e-07,5.485765009935455e-07,5.414197671910847,6.038766743926587
17.618190880824038,53.428497793014486,70.0,140.0,-0.10371560299264594,0.02132744703157086,0.8207985374271295,65.6352050865022,39.93383838619653,16.532794045408462,0.7364850984528515,0.18142018601967339,65.06610212597906,1.1697312931278265,3.062897405511496e-06,2.406727593370983e-05,2.2248815633715083e-05,0.12726398342495623,0.13766563829447565
18.015,58.151103764258245,29.138540949243023,60.0,-0.08758908990740767,0.0617758423532136,0.8419109217521912,131.80085239083056,55.915306516409615,19.393121086468003,0.737277231889489,0.45233614861622035,59.72820814102339,1.1292367693099077,3.5700051303033093e-06,6.270324602079509e-06,5.741292876676004e-06,0.5693493330663204,0.6218120564457618
14.474513878757541,47.456863888093686,34.243075495376225,111.58180114128817,-0.08919048847242216,0.034236289159564344,0.863384759142651,108.78956012206949,47.14416273663474,16.804196761827523,0.7303218031395203,0.0,60.76697555259818,1.2422322576060283,3.1186191758403785e-06,2.1150012926548133e-05,1.942770216510729e-05,0.14745235318158098,0.16052434556267328
18.015,59.583703517831054,49.56076936823029,60.0,-0.1161169948713961,0.11945836569514956,0.8372171298703308,118.22461766026673,51.62442437642264,17.97778519540847,0.7284967203937593,0.0,40.234327380167805,1.0699830199583165,1.5760095078462553e-06,3.27203348056357e-05,2.9981245608840804e-05,0.04816605689422242,0.05256651202582207
8.00343881306891,35.16290815725782,67.37146096346186,60.0,-0.15174717515323263,0.0987264314794925,0.7363960346074121,32.50465725294653,29.402271729750524,12.27269193729166,0.7298318349630685,0.21156595383925197,70.5523420282273,0.9400065926244726,2.7035981905796643e-06,6.598734120862951e-07,5.883223498143191e-07,4.097146727024214,4.595436823763281
7.930840762412915,35.025148393577446,42.323155505652196,126.97594131558677,-0.08603635202677876,-0.04093449766643723,0.8166341398273932,59.612669425748635,32.80096947766971,14.16071275195337,0.7359977568717553,0.22272887523160667,65.35582633915934,0.6512419323266615,2.5513948297755485e-06,2.1222450873937542e-06,1.876554488252772e-06,1.202214977398683,1.3596167048424523
15.538959440012457,49.47922041399539,9.553517964245707,140.0,-0.09634683356556198,0.016000596277339314,0.906337503511655,124.44423397403632,53.20464204619962,17.960609556147936,0.7324409568410476,0.0,63.157721930273546,1.0200117973212357,3.8298030424402386e-06,4.122270844712493e-06,3.786544045325889e-06,0.9290517743036236,1.0114244008775624
0.7206000000000001,20.543973886471775,38.312282106710946,111.18016410761388,-0.018012025501068257,0.13765997671563326,0.7294080225024777,14.398211174330969,24.444930251187277,12.558752161841594,0.7295982404903563,0.025931872611281354,59.07431013147088,1.3568586206943136,1.5219174694096244e-06,4.115303552724863e-06,3.1667394660295254e-06,0.3698190060370925,0.48059446813848966
18.015,55.494386719101996,42.188877651622036,116.4708162825565,-0.19446967686354294,-0.0327139323257342,0.7989101181482101,121.76763019496069,52.06762880483714,17.704234825173472,0.7346865902932048,0.17005403328542262,62.16881792776156,0.9941181049534532,3.623827632087205e-06,2.683532459619118e-06,2.4958156828721668e-06,1.3503945588947883,1.4519612393479835
18.015,54.51550683272991,0.0,140.0,-0.08380153199521975,0.07002072115103725,0.853980679968194,132.10987369153833,57.99468470195388,19.046533500866957,0.7400540396714521,1.1092880473874875,47.8225917831933,0.6381362362297429,2.405497999797181e-06,6.765475556307374e-07,6.237730524264429e-07,3.5555490220559043,3.8563672964709292
18.015,58.56165712526369,0.0,60.0,-0.30009674708355594,-0.011474656853746254,0.8809885184268715,138.43681204103396,60.264855818088655,20.512945319991015,0.7367662271926717,0.9062368109084574,31.95872400459603,1.0846387602232508,1.3341514176697324e-06,1.0842095016608381e-06,1.0139115424248398e-06,1.2305291695249143,1.3158459706248304
15.410393412194939,49.234731596338385,50.74343418683804,66.30831269457252,-0.17644024840154443,0.04252785396999849,0.8316044130082209,95.94229088062089,44.280646683757936,15.298804770225882,0.7318170065706543,0.0,42.96486274964974,1.107109054660381,1.5049578515568813e-06,2.3448564200514897e-05,2.1787339347732087e-05,0.06418123679930196,0.06907488002721805
14.630139491247162,47.7526159411667,17.194387725862505,140.0,-0.09105181032245635,0.06070312490382258,0.8217393780595175,118.66207080487911,50.714206823499794,17.5028524866154,0.7303546030609955,0.0,52.929882213580655,0.9939069640611803,2.5348372776037086e-06,3.6158644507774335e-06,3.3077142966020963e-06,0.701032163154983,0.7663410592044366
18.015,60.34550581996009,54.12877985388953,107.55914078196089,-0.11735620219093686,0.03698986987257763,0.7938792476549333,114.28955441455476,50.33082204029817,18.46010141581929,0.7322290746915444,0.0,61.20645132721043,1.0159344313223453,3.387599545981177e-06,1.2641263615332788e-05,1.1569899721810307e-05,0.26797950339966836,0.29279420111094356
14.879809704092606,48.22644927301414,70.0,60.0,-0.06409874371808263,0.005786146894579487,0.7980965112400804,57.67297796461965,34.13059273428225,14.942072525270504,0.7356883902612329,0.3643776655871287,75.38983693333735,0.9157208394736894,3.651263090402011e-06,4.667034419545449e-07,4.2600921052847225e-07,7.823518667680257,8.570854808215419
10.948735549977947,40.75870681981915,25.305130774411488,101.97861956150888,0.06290219726284628,0.024630640716906904,0.8352389047288041,95.39515759732052,42.60833864306471,16.02243561044525,0.7296833345593755,0.0,81.45988505698843,0.9945196169546945,5.4598972788205535e-06,5.022735884650398e-07,4.4475216833006543e-07,10.8703650843082,12.276269049617273
10.423801534484618,39.76089974747418,68.43399032484552,140.0,-0.011938193188816629,-0.034655148514352155,0.8625028368186174,39.39428694095263,32.50591426312577,13.865654751447817,0.7360108687129343,0.18474665169711355,52.27859817500332,1.0597661403925447,1.5842794423653372e-06,1.222130277679342e-07,1.0874047230936118e-07,12.963261538480715,14.569363262080946
18.015,63.594134648441376,70.0,88.9352201357608,-0.0522529617810792,0.05599669956687834,0.8255752137424525,79.83834464336913,44.51317313106713,16.048390429110512,0.7389689628204651,0.5795947584215488,73.80750402092487,0.5042324720314819,4.547945957886099e-06,3.5727499099292915e-06,3.2256944473637627e-06,1.2729539073660232,1.4099122009534915
10.74236015236063,40.36635029734332,41.6327345486308,140.0,0.047125054435584554,0.06895775571806528,0.8402319740554166,80.89541202511411,38.14929323765649,15.9225958732289,0.7293674592844126,0.0,67.97658963301521,0.8231430314253382,3.2306512716575684e-06,3.7739387828168256e-07,3.3410116318457413e-07,8.560423095274075,9.66967980854588
13.27034960551353,45.16972258122073,0.0,60.0,-0.058174146512412823,0.008601802471866414,0.8454087802789038,113.48036689960433,48.256673774701426,16.870037311366687,0.7302846307605133,0.0,61.518042446924326,1.3163990238845305,3.2748962877712476e-06,2.0552363294742009e-07,1.8640228437582937e-07,15.934402486010342,17.568970781325365
9.742456503466142,38.466935811214384,37.40935415290838,79.74913689286674,-0.15622983937465987,0.011611811097658577,0.8102318977255929,78.5151823948596,38.43438231125962,14.856162477480265,0.7322538388447271,0.0,69.27308276103466,1.469601758385257,3.3808772099461463e-06,3.017763062788838e-05,2.7336151281686858e-05,0.11203255986643762,0.12367787897819679
18.015,65.95780246741951,52.007067399201674,60.0,-0.09227978946804417,0.0026018711439035934,0.7933929744448849,124.32940314723899,54.58764976303314,18.62172108075627,0.7287577931862484,0.0,55.962693821740416,1.6062245605178174,3.0311927957516864e-06,9.004496250621616e-05,8.152709778136866e-05,0.03366310242555136,0.03718018767061279
14.059720911379719,46.669045003166254,19.015703277197005,60.0,-0.31221711098469335,0.07730834909671522,0.8675013706244022,112.90582471391168,48.368739194492726,16.830729312547934,0.72896885313435,0.0,60.46100449130771,0.7293811328334697,3.18154045488601e-06,2.514118288799995e-05,2.351594229277653e-05,0.12654696754163386,0.1352929181095709
18.015,61.05758086329161,35.124965361085934,103.72515406896903,-0.2109432802624832,-0.013262249563421329,0.8502654250481464,134.95931946591907,57.82339792280483,19.76931908022295,0.7409913523874448,1.1564621192974538,36.757310064816814,0.9046749037868196,1.547485430892266e-06,0.00014829492207664685,0.00013725967868051143,0.010435188266881059,0.011274144350098811
18.015,57.879946685035044,47.47849570976516,82.0476202697689,0.012959010244485467,0.13954764332066494,0.7968127172308181,118.04117089837015,51.48129557551697,17.56060069569623,0.7302834300876869,0.0,54.74973186644235,0.5314896570910403,2.7705454922778593e-06,1.702061440404773e-05,1.5503042091498575e-05,0.1627758802654613,0.17870979617588392
18.015,54.35696061272262,9.512287290273875,60.0,0.06911015594996385,0.09932358514485326,0.7812957931936884,130.5828465561406,57.714763535213656,19.150453933365682,0.737595704121043,1.0585698046552576,60.685446244094855,1.311771510782061,3.8047942072813173e-06,8.101457151119622e-07,7.366890292462282e-07,4.696431933550984,5.164722231813794
16.228547279556878,50.78886866498136,60.55667847557623,140.0,-0.13632704269381757,0.09961726133594072,0.794038831963964,81.4847783213385,40.93037465807426,15.43682133085491,0.7327436847773406,0.0,66.03978917118565,1.2765164674510607,3.240946878637751e-06,6.423960561347558e-07,5.930529571478068e-07,5.045091494082734,5.464852404116769
18.015,55.072012482573406,15.439942780727776,140.0,-0.09094601396022028,-0.003892926850457588,0.8590714790943588,132.25819606277605,57.56032765968848,19.042299349132875,0.7401849974083151,1.1129930736679856,52.85209017754612,0.6604921893306501,2.883294627731589e-06,1.5827494211245155e-07,1.4585566083362321e-07,18.217000045926785,19.768136603354378
18.015,54.85712774921418,31.866615556226947,60.0,-0.13915988743751131,0.060206985753207674,0.7792396225861207,126.82767775006451,53.9967254330169,18.117306030499666,0.7301143897080282,0.0,68.27447554673087,1.0422377085238683,4.609938204467706e-06,2.2651667017770686e-06,2.09802202759007e-06,2.035143020975506,2.19727826678874
8.2536777455147,35.63861181386236,31.031089947688276,91.83946297648131,-0.012607926410678802,0.04605357683568783,0.779410454065095,75.61560985987748,37.07255941741416,14.896981461074411,0.7294129325825832,0.0,70.83673589879507,1.358967950879,3.4314569706582e-06,3.406992739541952e-06,2.991178123061915e-06,1.0071805938510856,1.1471924537698859
8.762314995002384,36.60466504735102,49.61937755955971,140.0,-0.12067207598783489,0.04090150709811766,0.8393223819623337,58.58497197596853,34.075264650416635,13.452845756952282,0.7381524145809935,0.30790040250457923,49.2696758411873,0.9212594199514033,1.4854057701117196e-06,8.05430543743543e-07,7.188688198241565e-07,1.8442381924178524,2.06630991517349
18.015,59.69098507604988,70.0,140.0,-0.23049979926321013,0.07175375647183091,0.8246406518745588,73.32857183381068,40.81151546015427,17.038162677740004,0.7381380086396395,0.30474790581598465,80.27549713874859,0.9054217375475855,5.0541139172085065e-06,1.4394161641724634e-06,1.3337317427951109e-06,3.5112249278610634,3.789453122422178
13.519066898461995,45.64155885790079,58.012749207365104,60.0,-0.40147462688468505,-0.03672150753329574,0.8183819402905294,71.93820732477833,38.53616234999409,15.481669757213202,0.736109396357444,0.2231335193631108,87.41581653791084,1.0082916268140811,5.844469085519399e-06,1.6103238932767846e-05,1.5212790333032825e-05,0.3629374879128645,0.3841812683652654
16.353228422523678,51.025972917685266,34.55599439112529,140.0,-0.1029786855179462,0.07834225271235282,0.77518358653407,117.41573879118026,48.853695262186264,17.503654235899933,0.732297859061897,0.0,56.89289916886005,1.557434222624841,2.8075518885962006e-06,1.5692081872040798e-06,1.444818790555213e-06,1.789151950321217,1.9431861676697313
4.722864212834896,28.930810807643603,22.872451005200077,140.0,-0.16003264316942356,-0.05637775461086271,0.8266722547035955,43.64835631917244,29.37393473172742,14.138828715926094,0.736461032327629,0.3470655936969481,72.99202040103263,0.2592109285641121,2.9321819185260154e-06,6.813014843070478e-07,5.88422881292531e-07,4.30379499540991,4.983120153460344
15.089218176518203,48.624417364462495,56.96611246885112,140.0,-0.2213486462252714,0.05354026807391326,0.760450416994387,81.61446217752678,40.65651809230378,15.372601282554463,0.7297329532019662,0.0,64.46753382019826,1.0264784753116227,3.0594549762948355e-06,9.927453301747182e-06,9.231971946323225e-06,0.30818125085074805,0.3313977765620606
10.32163377361797,39.56713999486588,37.42746814020334,140.0,-0.06882924440880439,0.05246174832221664,0.8037400310135178,81.03209854874156,38.10604729612875,15.698867028375952,0.7275029784473698,0.0,60.947127682156406,0.7111791266211291,2.5497221529885144e-06,3.798843410650622e-07,3.401292724306319e-07,6.711837992163587,7.496332599566304
14.462115457859523,47.43341244428131,16.754727460143513,140.0,-0.14899204548383457,0.019465292678893572,0.8131416909334921,117.33786654089702,50.55694274970872,16.856510382568302,0.7295399658110241,0.0,60.12142641129955,1.0044899689716205,3.276736251351413e-06,5.964303831106566e-06,5.485054534782164e-06,0.5493912356144129,0.597393559275076
15.781527407805948,49.94013327027495,18.34731022379001,60.0,0.02159570571967616,0.0057259683746774485,0.8215322869755467,123.71216462405002,53.212729417634364,18.007733033211714,0.730657381367799,0.0,38.959210519953594,0.6871314418459598,1.563505435502655e-06,6.365380583940457e-06,5.782586920401821e-06,0.24562638712401622,0.27038165738354525
6.5321782155637225,32.36830789412531,19.5740813000453,60.0,-0.0038475026161922804,0.06437769879331705,0.8341502879009463,65.78568453187529,34.49513521408465,15.145338897475192,0.7312554820835214,0.0,76.82856928214537,1.2047658618449513,3.849719168391713e-06,2.8107083377271467e-05,2.4374160329025813e-05,0.13696615606529822,0.1579426374662556
7.342309215149179,33.90718602438514,23.79164776132398,140.0,-0.13084408273849923,0.01296122151533453,0.8450327448025149,67.60358235941881,35.752247908736415,15.052669855493475,0.7326759834879761,0.0,54.43225793490843,0.8239149571957531,1.8934429936950663e-06,4.63143482095085e-08,4.0953565388409507e-08,40.88242773340672,46.233898703015974
16.063288513486725,50.47551769648999,7.01190635693921,60.0,-0.28181067043516783,-0.011100653464618028,0.7683937766856586,125.65281086354899,53.34352942240822,17.878895554822673,0.7292951603134438,0.0,63.32794293778249,0.8619268933911336,3.867585131030662e-06,5.351256274226195e-06,5.011436554174407e-06,0.7227433957253195,0.7717517899750833
6.990416545564534,33.23951218147643,0.0,60.0,-0.06400331759281291,0.08165971462416537,0.8401955903191654,70.83126122638119,36.16090085351869,15.101652653414057,0.731505629288997,0.0,53.48932357038648,1.2574679884002613,1.8392645615942618e-06,1.0708292861517489e-05,9.397696729288526e-06,0.1717607638659237,0.19571439838679575
5.70474995741989,30.796509201157548,0.0,140.0,-0.17585588381711365,0.07311724395997381,0.8851260267108113,59.825323141849736,34.45244298674406,14.137059976376165,0.7340442888647226,0.0,57.94525108943395,1.2949894479682924,2.0613946862029346e-06,3.330610517195581e-06,2.9210754123267934e-06,0.6189239707135306,0.7056971817653016
5.680870749415065,30.75158561486662,0.0,60.0,-0.2507872586556751,-0.017851444713696436,0.8053795383273459,57.060825043876264,34.22158779130241,14.107933298447463,0.7324707430440902,0.0,58.85774225428876,1.1079564004940754,2.1191314737068226e-06,7.33323182175784e-07,6.503034848316753e-07,2.889764738405404,3.258680790024275
18.015,57.81507419145102,0.7068032218447797,69.35799835208313,-0.08670021449263234,0.023419536858515996,0.81057481221749,136.1539745862501,60.584036663298036,20.730168816453403,0.7353777950428414,1.0883219805320732,62.72773161150237,1.0601647450890312,4.29582380413415e-06,1.181096511210221e-06,1.0822679864830122e-06,3.637148838694304,3.969279196822643
18.015,55.770684954049685,59.423192412016704,119.49816457723352,-0.13615575711735473,-0.009438392117313853,0.8357027102808484,95.68275770118822,45.77672568573511,16.59086707326303,0.7310656476056814,0.0,38.6613698470506,1.0300784980815707,1.3145943200240678e-06,2.4444166759508625e-06,2.2597839405930795e-06,0.5377946947251532,0.5817345173623337
18.015,63.20909366924648,23.003220292880172,120.4511710477548,0.05428266324560048,0.0835493694350597,0.8374494452783591,140.19528734519292,63.50842787715065,20.272904596777547,0.7342370102818421,0.5800029452057343,60.71155525326583,0.8916731111764675,4.2066757586063556e-06,4.1794782970968005e-06,3.731572198950256e-06,1.0065073819209558,1.127319942996079
16.789257472545064,51.854095214473645,70.0,60.0,-0.18701579177034866,-0.02125143290258278,0.8302815891737481,63.66272556020715,39.22237153662246,15.479916809383795,0.7368496434157941,0.40969715121759304,57.9614104872783,0.9018137863937116,2.357714235397367e-06,1.9391451651928326e-06,1.80173605093551e-06,1.2158523651131146,1.3085791529637085
18.015,57.36540918956241,0.0,140.0,-0.25404915541819245,0.06610646759288821,0.8710151609521068,136.071857859262,59.92809793510857,20.071176679330897,0.7380795622206908,1.0594722378195067,52.73150091314652,1.1560875761276364,2.9668930773538642e-06,7.599723361131808e-07,7.089676603060898e-07,3.9039487838831177,4.184807352246416
12.315902411654093,43.355886863436474,41.74208459513275,103.57630069418933,-0.08807969397032235,-0.07022401095808607,0.8121061272650659,91.03341216166277,40.975523361652535,15.9029409977984,0.7301529294893395,0.0,67.07393797262176,0.9897824054503547,3.364473843461319e-06,6.125820640353392e-06,5.558550127423827e-06,0.5492282652381455,0.6052790325416427
18.015,56.740387991738075,24.937853636170917,100.10217992247935,-0.25094543416666837,-0.009108331046583753,0.8694894212720127,132.80393742972117,56.304446800928666,19.748801816095416,0.7396892347470582,0.7658709962725618,62.1800121631087,1.201472137730891,3.913251507385031e-06,6.344993221645835e-06,5.9209068798052204e-06,0.6167463653128961,0.6609209681598244
18.015,62.78930020600599,14.006965231508289,60.0,-0.04030764006779802,0.06303356783586046,0.8452506820727924,140.28229707650203,63.10739427850216,20.22666429781456,0.7341634957312855,0.7997513989202214,51.932330762317704,0.5932942931315252,3.058760259799664e-06,7.081674006323834e-07,6.391669913617849e-07,4.319261599825458,4.785541652084983
18.015,58.87015843388147,70.0,140.0,-0.21974383271927192,0.028569521491829664,0.8060745644618136,72.6492037954126,40.43879139655821,17.045376076712124,0.7372925287122994,0.30520766941583505,68.25880499198819,1.2184998536131406,3.446675971407935e-06,5.420769502483013e-06,5.024217416581723e-06,0.6358278044895962,0.6860125041628703
18.015,56.757117159002284,0.0,64.32955585210527,-0.006691728090560983,0.057450667535123616,0.8136592405827376,133.96752023294175,59.397886453865056,20.037230799935788,0.7366168329277178,1.2065363244913712,69.9173723325229,0.8728913604328458,5.354286579985955e-06,9.890785217149489e-05,9.091641608339538e-05,0.0541340900892503,0.058892407011233265
18.015,60.958977531080876,0.0,60.0,-0.11175269628243169,0.07640829328540454,0.8725368013765776,140.30210829834144,62.41519682721986,20.189535252769492,0.7350258754085723,0.7321497196279804,60.185394294421464,1.0530209565752524,4.052478596840621e-06,1.2793677179234964e-07,1.1678861139925785e-07,31.675635863456666,34.6992617540992
18.015,63.262716227951806,48.78745642308456,60.0,-0.10505849595278552,0.054870048410109125,0.9074898152925172,124.97327142107973,53.61957589902078,18.83810038039396,0.7307582631139093,0.0,50.92112997856332,1.028962280157614,2.484321650389628e-06,8.432251104515737e-07,7.659505584515212e-07,2.946214029441314,3.2434491012214157
18.015,56.71121294324509,16.023317395720813,78.34738412279735,-0.10703905743939704,-0.002727416453190008,0.8600213572970494,133.6551388560381,58.61205231074858,19.951781403978032,0.7392843248902926,1.111530618815059,70.91518198026333,0.833395571578934,5.456139636127169e-06,0.0003009326029772469,0.00028088379885663574,0.018130769421948276,0.019424899756899133
15.576071508089857,49.54963561331927,43.92256924793152,60.0,-0.17722259895599635,0.05004713251246169,0.8806693386741392,103.09639876556608,44.868761329777016,16.782901361098222,0.7270853672805854,0.0,58.17960076667301,1.0873538814839785,2.7127453322656634e-06,1.0782455478282109e-06,9.977256746221717e-07,2.5158882758474097,2.7189290616310458
13.12112774458767,44.886053896745125,1.5967075725677802,74.69476048154094,-0.046487022047470905,0.05951581354614712,0.8065720286967978,113.03232265014472,46.79497059354872,16.871331528744804,0.729562566967365,0.0,62.25094385271263,1.0774570801056855,3.263677599721955e-06,1.4658709023351476e-05,1.3288834541755067e-05,0.22264427205171222,0.24559547261026538
16.184892345711116,50.70628834659672,31.076076556109218,82.95667399005166,-0.17394295082236727,0.07620074522162723,0.8269508120918697,119.63230149561683,51.71108441995221,16.859026170049393,0.7301440824798416,0.0,60.444217705543444,1.0626370446240705,3.3877508687604493e-06,1.2444779575487684e-06,1.1530148592395706e-06,2.7222264952231514,2.9381675714003532
18.015,54.688755625659134,14.475494749147362,109.59646853557759,-0.11596865707308798,0.0401783464414071,0.8938308869413051,131.89186036162815,57.7028544222971,19.379028405444103,0.7406527744507929,0.9846816495791705,55.22852752498247,0.9087002444851204,3.142659235579197e-06,1.4448087727679899e-05,1.3365430978574963e-05,0.21751385337717985,0.23513340053283271
11.234184897187298,41.301131151470244,9.415833729661525,121.71694613968987,-0.17401456801690757,-0.021743229366476893,0.8737444021325822,99.34784467439908,43.07268305669589,16.15377209337333,0.733876149078327,0.0,55.82130769855803,0.9023998959168317,2.397214850098154e-06,1.0123357905525781e-05,9.230398594571188e-06,0.2368003653006921,0.2597087033173263
15.98214606001436,50.32130813024476,9.987948618233084,84.96293460378023,0.031527551317750604,-0.049314446342722244,0.8254526214423837,125.74277427805062,54.30512379918925,18.00976954945344,0.7327927528620025,0.0,63.34781877877051,1.5137302359786409,3.9198856866966925e-06,7.748002760919757e-07,7.031519737929034e-07,5.059220818129093,5.574734670162785
18.015,56.71161516252185,23.72910677022641,121.82711310859221,-0.19716643376927245,0.07910861425928983,0.8324416922402699,132.96955271962983,56.87829005269368,19.90385433756579,0.7405471561063427,1.1309070891856208,69.4389171583106,1.1303741840315402,5.040119239398707e-06,1.8764134389174927e-05,1.7418498995091535e-05,0.2686038766758334,0.28935439504971083
16.307625894487703,50.939046795127716,61.344495625415625,140.0,-0.00524460685410176,0.05433928312809265,0.8216772558592075,80.14015642582751,41.22198933144187,15.515186660509837,0.7338129444520187,0.0,49.44493122108489,1.1797682491447674,1.801526474147358e-06,2.0050353814936648e-05,1.8302301197894342e-05,0.08985010891953929,0.09843169198606684
3.9272216097767654,27.419674227183407,0.0,60.0,-0.24941619503724666,0.13907121627050187,0.7984232263718413,40.278942664368145,29.15046806014295,14.115874816278815,0.7353794017365386,0.3247142451819342,51.267273764828865,0.5200964025807708,1.380266346327873e-06,1.2988785551541162e-06,1.126711524188315e-06,1.0626600468926057,1.2250396988902899
18.015,54.24039302164879,32.835201903167864,60.0,-0.23949229234433048,0.0735518203890274,0.8189887529207519,124.94956778081824,52.90091789481063,17.543696848715292,0.7310147634619089,0.0,65.49912736040626,0.9183102077603567,4.124798433660496e-06,1.4293522174378358e-06,1.3381447142432394e-06,2.8857816732214143,3.082475602045174
16.787811605509166,51.85169977711586,23.19516624194651,140.0,-0.1251281718599314,-0.031280783794473854,0.8015907447147789,124.91040008819098,53.04453535791166,18.50762059070022,0.7333635813229377,0.04093092782367607,71.0463369723594,1.0171279432720746,4.952507117921649e-06,2.8328887784425364e-06,2.616200569430919e-06,1.748217987098115,1.8930150752925368
18.015,62.06839983371065,57.9118552443954,60.0,-0.06979651772081734,0.03817745158709162,0.9091573340308758,108.70083373064735,48.49443695414808,15.694206490084138,0.7293196232801585,0.0,75.95890105467264,0.9152009110199549,5.278787909446723e-06,4.2199908145335765e-07,3.8269758093100384e-07,12.509003316468528,13.793627586055816
18.015,62.63770980089701,65.50011821102973,140.0,-0.18804930806751863,-0.0456118202000017,0.8131778010504181,91.20073831771603,42.78945191923446,17.106568134728768,0.735583722024917,0.21839146534534876,44.831272950559566,1.593663779718538,1.5519299269910542e-06,2.7100852555842287e-07,2.4880765778755523e-07,5.726498543886199,6.237468495910089
17.69376677181892,53.573052130710735,9.017138899058377,75.16975886833244,-0.13021988443946253,-0.025438382835635754,0.811667652935135,130.68715948917546,56.53972602616455,19.00990939408646,0.7377636090906214,0.7576526951209143,61.7104031841904,0.8617939209351497,3.87823392515354e-06,2.29406583569101e-06,2.1246499341592837e-06,1.6905504039230645,1.8253519616576943
17.68019615035156,53.5471282175244,20.29237408649545,111.67794398259024,0.07205516154428364,0.05971150849974805,0.8615325133044538,129.04834428145926,54.579860332867085,19.546908966575433,0.7393306017071861,0.6043408774736546,56.67794374232621,0.8428751040342218,3.1355710722717224e-06,7.994984949912003e-05,7.289114746010546e-05,0.03921922420011853,0.04301717261328439
6.868822249885961,33.00835281567156,0.0,60.0,-0.03207242664080656,-0.0017138944066822305,0.8105335564159727,70.12806085004878,36.2204546262197,15.125413202163077,0.7300887675168843,0.0,57.535688053993965,1.070879244136091,2.140354722575216e-06,7.9977318458589e-06,6.950533015799372e-06,0.2676202158094933,0.3079410913824796
6.999651200625818,33.25615042076815,43.6461731426525,60.0,-0.1547387064496094,0.07103774530477477,0.7685892287362034,52.91842849492272,31.42552492857459,13.881895405230981,0.73391238849132,0.1917494214033838,54.03716744946625,1.0084261168228603,1.6362023779294577e-06,8.775378368041798e-07,7.763631570161452e-07,1.864537697756925,2.107521928549517
16.649642542609094,51.589047463762284,47.49899194935967,98.15647434456199,-0.005067465891790343,0.06051345805950052,0.8322984866459302,107.01780358991927,48.82719893935915,16.813516906263533,0.7283718027661865,0.0,49.40073514380354,1.0827269905167727,2.1334619853768573e-06,2.903923281941428e-05,2.657575025452005e-05,0.07346826269978192,0.08027852327570675
0.8843902245407673,21.63839706667259,33.825969806537934,140.0,-0.10784237148552793,0.019926046387487965,0.8301251159146068,18.976298807939227,26.007774948738614,13.22933964809273,0.7333820604639226,0.028534156592871365,65.15783168517106,0.7195172879983243,2.0083662605264828e-06,2.245719034278749e-07,1.7586692019694053e-07,8.943087847903929,11.419806853258475
5.577184631261675,30.55385656501655,22.792865729008373,140.0,-0.06656079993239677,0.0053356419805446345,0.8253137136154056,53.75202506878789,32.91082299487577,14.172473868011647,0.73460317540883,0.060632387414271266,70.65689281669047,1.573998573998309,3.0254674846409925e-06,2.502999602628183e-07,2.1524878454772635e-07,12.087367019412273,14.055677438541663
18.015,57.91708219504271,67.39706817116954,60.0,-0.19853280105526339,0.026035416180827362,0.865064929470443,78.72296945804682,42.98114302462932,15.207210759915741,0.7360402675829941,0.2171745343690177,46.34723097358457,0.8742230796565894,1.6759993285272691e-06,1.2411574853710956e-07,1.1499859576528071e-07,13.503518677375252,14.574085164901387
15.453692769699211,49.317115122347545,32.16012252082523,117.1632678921487,-0.09119285797316708,0.09703126496983525,0.8557391457842448,116.71761929911283,49.9502677813988,17.185397497935348,0.7328203623300252,0.0,51.72561182721962,1.0023377106647522,2.3864680407720727e-06,1.5850363571400397e-06,1.4543713162660826e-06,1.5056235335056265,1.640893225877854
18.015,60.051809398313004,60.8989772784538,60.0,-0.07895840281570099,0.04111982376626834,0.8178154953992695,99.26074538707232,46.105410685985284,16.619640244851468,0.7296464997130409,0.0,67.89075445900421,0.6711699715351014,3.898334510352546e-06,1.1010771670262054e-05,1.0055326581282992e-05,0.3540473480965178,0.38768850308739994
18.015,55.519952000200064,70.0,92.07560130052337,0.01851477273915743,-0.02363213075569078,0.7903912833172166,72.7429509891205,39.73113202988109,16.73670287029892,0.7395235335635765,0.6319431163346135,66.29192200573408,0.9547861406940873,3.179853015000512e-06,0.00010831789458415494,9.900016517724815e-05,0.029356673033650995,0.032119673833951284
18.015,60.54089630822447,70.0,61.70567832824073,-0.18891130885935253,0.02578731697114314,0.8628610366119461,77.01861390959539,42.621101426150595,16.675446293863363,0.7359108434645345,0.32474415776246507,66.50393326091628,1.2187511142752991,3.4286731550387014e-06,3.6380001158588356e-05,3.355345008305699e-05,0.09424609801666492,0.10218541302165615
13.59856973227791,45.79267728689529,51.034144722344806,60.0,-0.2580671104526427,-0.029340500698174222,0.7718906157170013,84.0343150350511,41.0624617486585,15.258221608945961,0.7301737237221455,0.0,78.2344510314344,0.8427367990029138,4.788886081602142e-06,1.9375818128191587e-05,1.8139037909432582e-05,0.24715787740773482,0.26400992740148843
6.71494348950215,32.71543730188294,12.364899459193719,140.0,-0.12300401362975276,0.0732716098056943,0.7881597615795328,66.9272884717851,36.034749468120694,15.059325856328499,0.7307472842231925,0.0,68.60256749682456,0.7549177905907896,3.116065515682247e-06,8.821720889405323e-08,7.747279089426816e-08,35.32264911514677,40.22141812258876
13.291008442634102,45.208659962760834,11.575185612664967,113.76953118592562,-0.11689242803960381,0.0423486862662222,0.8649452495129608,112.84892515262719,48.08771060388409,16.86499523870745,0.730784163195842,0.0,54.453209496328085,1.05202780279354,2.5410086303826027e-06,4.17735569036628e-05,3.830336320741924e-05,0.06082816065298479,0.06633904747796186
13.353328149687787,45.32668949374098,50.15124877586968,116.94774675490362,-0.17925291203525628,0.07270015822129289,0.7425424303217836,84.10746882365855,41.42431953648238,16.58562242972986,0.7267758781249254,0.0,53.8891290947531,0.8124791913079272,2.1508495596805653e-06,2.5856939520753816e-05,2.386227847498586e-05,0.08318268130511762,0.09013596760825832
10.764433079863217,40.40849848867544,31.888460240795496,113.1485728355004,-0.21582538750080665,0.05326893648645685,0.77778527634732,86.32874313039223,40.54698928216753,15.803639957393548,0.7277731026694607,0.0,56.09759883806813,0.943274737436094,2.2782243633354763e-06,4.474848630042729e-06,4.08812021268848e-06,0.509117637642577,0.5572792004169668
6.832914741778652,32.93949440106521,20.745454425286972,140.0,-0.050528821849730884,0.0526600250477527,0.8238887737633797,66.93169130222931,35.16922133031389,15.11177120736203,0.7323313448978218,0.0,62.98160978057083,1.10431297210055,2.5145904618775516e-06,9.477933029354669e-06,8.273086752012407e-06,0.2653100052605842,0.30394827677419
14.660434442075656,47.809585073231474,70.0,60.0,-0.14749005482064603,0.07540654580264844,0.8353239402012923,57.275265558677475,34.0596726962561,12.973771796685465,0.7372612481509943,0.35540835283769506,64.67160343764313,0.9790115112273201,2.581725302289197e-06,4.412453912008461e-06,4.0602019266363954e-06,0.5850996642170132,0.6358613066389983
15.762513585221045,49.903538087129455,57.69870432191726,140.0,-0.07147721597133438,0.03228552869738211,0.8174338190613144,85.7100777732652,41.583524029239975,15.471702019268864,0.7319525693513427,0.0,59.533106982821906,1.0441321096842795,2.6389348140732744e-06,1.3795325555617272e-06,1.2643494545990598e-06,1.912919563539213,2.0871878454759267
3.1234292346365646,25.892110078092124,36.49963019450282,131.31184245334495,-0.14634129802074147,0.001111875871902252,0.8286571407894858,29.019485071024185,28.054525045529935,13.227903540284176,0.7334683010802009,0.13764003933950483,50.35426459657955,1.051496850848463,1.2717869458771617e-06,7.352704593384985e-08,6.170671223211233e-08,17.296858995550448,20.610188095798765
5.073338606021799,29.596448851481174,42.52848058874247,140.0,-0.1569092418076473,-0.004785112841505918,0.8597994116347634,37.8104956458549,29.415233431762037,13.827743782762493,0.7367065961495938,0.30971046471635605,46.1966854839486,1.176501397117083,1.1337136907993337e-06,5.51240338380318e-06,4.786063410523393e-06,0.20566595219255326,0.23687811747470208
11.488062261018271,41.783159596274054,29.419287723176367,140.0,-0.2927127511426753,0.05129111438056658,0.79348317332793,91.38465439499134,40.79524823100741,15.743210432483112,0.7294659896335408,0.0,54.373811754078766,1.0880393574077027,2.148418477937247e-06,5.811034488360264e-07,5.376069300565728e-07,3.6971359957346936,3.9962626183244465
14.82460667423036,48.12201285770584,31.01250619638518,98.37271483438985,-0.20095836349783222,0.04548873453287689,0.8392158669841429,113.67427385915182,49.500724941781044,17.148600342256888,0.7285845325740918,0.0,69.23995262777831,1.3161003625587036,4.353360901332683e-06,4.54392314354656e-07,4.20607195596695e-07,9.580621775074432,10.350181706132682
8.582586400584622,36.26367549075653,13.32290378904785,60.0,-0.07994843356270495,-0.04157986669891738,0.7916251172351213,82.04228692843098,39.44222624263693,14.860012688548531,0.7284128299174226,0.0,48.86289242392258,1.1455606081030667,1.6865612816272623e-06,6.990230801264076e-07,6.201514628566316e-07,2.4127404796452123,2.7195957482038002
13.504662361963135,45.61438460279853,29.813715731612476,117.3219693803089,-0.0458805841191465,0.01081298663785467,0.8336212961689692,106.99436314689656,46.60717739586476,16.807626704486857,0.7310576088109155,0.0,55.01727810300372,0.780568590142982,2.5232267902114836e-06,2.9750648611771265e-06,2.701182919993619e-06,0.8481249680093137,0.9341191859074263
11.674553798094497,42.13753820375973,41.8832728211133,60.0,-0.34056170125188423,0.040788418528706634,0.8121373393512177,80.56049417820218,40.069286635576404,15.212792478580589,0.7340755580090326,0.026412494877640608,57.553580431152156,0.8896646038221219,2.374118003466952e-06,5.399640356605989e-06,5.025706402370613e-06,0.43968076513881627,0.4723948860894633
4.611492870721294,28.719501151856957,0.0,140.0,-0.14681262016096083,-0.0455458861062524,0.7924869304852974,47.34978519269968,30.692087127744692,14.143080733148484,0.7335497099855021,0.12418023752624319,44.574244809281026,0.9871940814611447,1.1142651746415465e-06,1.2349561912704687e-05,1.0631552514435496e-05,0.09022710137557508,0.10480738096610066
5.495891150496721,30.399788065308076,0.0,60.0,-0.2754195242665666,0.014337734994813993,0.8142246030373257,55.62365246245253,33.69616469376123,14.100747736959502,0.733357819761897,0.0,62.4246594929207,1.1332862577173386,2.3630889382797934e-06,1.4375378822075453e-06,1.277737412032269e-06,1.6438446370894462,1.8494323763450342
10.476494421121286,39.862119053524225,0.0,60.0,-0.1374520547095088,0.07932378538332147,0.7971749894215754,94.27949705823667,43.208647887055676,16.184713719981332,0.7319697766338854,0.0,51.69740215182219,1.1976031982308755,2.056606310752495e-06,1.7129980318302163e-05,1.5503550491400786e-05,0.12005888346264809,0.13265389188710122
10.808791932680949,40.49302234980664,16.606083655666765,60.0,-0.12456108385262157,0.07188395981346901,0.8059901346542498,94.11337762700609,42.805273298887364,16.192781556699405,0.731721163180106,0.0,53.54973565018244,0.9329746333812826,2.191141433953281e-06,3.6355985136113142e-06,3.286531323063189e-06,0.6026907057393351,0.6667033472576316
18.015,56.635384909667806,5.149088816622623,74.93910730187523,-0.1387515823997451,0.027605638457619302,0.8580463129061788,134.43354194152465,59.054705746031736,19.92457747639438,0.7383972350743478,1.1686356496683958,63.44052896196308,1.151941584853496,4.287471886631057e-06,2.3452486277777528e-06,2.164554384209362e-06,1.828152391114994,1.9807642246868862
18.015,65.2519197926553,70.0,60.0,-0.1607329106474749,-0.005901227598664074,0.8599348867085893,82.27798781130883,44.06471501571963,16.538056198905586,0.7354446751839213,0.2073080509938928,48.28254253389383,0.5996026479063183,1.8615910777345542e-06,8.345341338301122e-06,7.607870324591582e-06,0.22306949497568687,0.24469279815629497
18.015,57.83104219679242,63.696921629033525,94.41092574691423,-0.1459927476832886,0.07308388279353034,0.8235261110477989,91.74844803998023,45.03390248144716,17.84369868895594,0.7355821142312018,0.13365722325598808,47.974934314819535,0.8254611321888626,1.8715697351652432e-06,5.493801492060281e-06,5.062602710959076e-06,0.34066934123303544,0.3696852868019515
18.015,58.570255976499865,69.77110544358712,62.23638578812684,-0.19184390469838453,0.010125873773860594,0.8150660384796027,75.57062517565359,42.14082684693187,16.67597754499927,0.7349574244133321,0.3683280336018453,23.798704613519792,0.7800381883377348,7.544440865871826e-07,0.0002616342106398069,0.00024440499650360407,0.0028835834761144043,0.003086860323561582
18.015,56.78175260242154,11.804596195921398,101.38265493362235,-0.001817495342587211,0.053520960954454605,0.7722412175393888,133.3631430380316,58.8774320507538,20.040614009213837,0.735804413644536,1.2864959364495845,57.8296716660533,0.9324553399803307,3.521375888590936e-06,8.178254214872225e-07,7.445118675291357e-07,4.305779443964073,4.729778049445438
18.015,59.608369979086426,25.17363605676986,62.80747080665108,0.06741381437578299,-0.024231503599112338,0.8169567312751103,135.08689539074732,61.03208839503343,20.158434070265415,0.736429750095994,0.9676773188014645,65.06521383655716,0.9366579440200609,4.6894751799627525e-06,9.01458618894829e-06,8.11417906040912e-06,0.5202097003312208,0.5779358755889111
10.489721463182583,39.886932078633905,11.469033849629522,60.0,-0.2035800757834455,0.005721338990301793,0.7954506550193144,92.65532097551066,42.504556517909435,16.1307945845906,0.7311368870174035,0.0,59.88061707873964,0.9978904394776266,2.7318322650708923e-06,2.035000634719371e-05,1.8552520909918998e-05,0.13424232987758333,0.1472485749152469
13.373600194019401,45.36511532292196,66.02712845528191,60.0,-0.07925762984865684,-0.042889621226146424,0.8315540758007985,58.92352082212567,35.4946688634286,15.54094763976875,0.737516606783319,0.3741004602576803,69.40132834086995,0.8581928214133037,3.147230793601239e-06,1.4422251525360681e-05,1.3160725175560398e-05,0.21822048991913773,0.2391380985179813
18.015,59.96852424788685,47.68867826734314,126.60224286239705,-0.20681707529780466,0.06664100866163597,0.845748513878341,123.48416341690766,52.34374295717795,19.404851883425753,0.7424977736417486,0.8613458491235784,61.13961568475153,1.1349708929977906,3.511119639157506e-06,5.506706300060997e-06,5.087265138881374e-06,0.6376079361847596,0.6901782280468199
18.015,67.2057322083057,54.59919755031393,140.0,-0.19902066627823148,0.0998669429351484,0.8333325435554018,124.28026972237913,53.93391635864132,17.660230537321233,0.7371832320673095,0.4883220710018907,65.50265703835137,0.7056810708049305,4.213631024093588e-06,3.9573869634426804e-06,3.6103463081874236e-06,1.0647508224538123,1.1670988499186505
18.015,59.804064522600356,69.08146111185245,60.0,0.030841951843000856,0.0662839774903926,0.8714441151316348,78.89472010932823,43.34629967196759,16.955417927582566,0.7357689070360839,0.14492991673124847,66.31828820522851,0.7736460438193611,3.4773751536653794e-06,3.198472042420155e-05,2.8931717927723467e-05,0.10871988585631626,0.12019248778632764
18.015,61.165368424746475,70.0,109.93485572525664,-0.009828866595349303,-0.036211536842874995,0.7723674111934354,78.38109040327245,42.608275000041175,18.162916370963693,0.7313711552629901,0.0,75.58386268752642,1.05967759420369,4.581761315718941e-06,0.0002730911247153967,0.00024773310461184976,0.01677740834856441,0.018494747897733255
16.70862732148622,51.7010057497619,51.725991003266515,140.0,-0.060732751694321775,0.04146975099908841,0.9099642481549024,100.7918770418918,44.98442477951529,17.449826079752285,0.7320935650630136,0.0,38.56755466967694,1.013373120908426,1.2877159226964448e-06,1.1008609078584904e-06,1.0104312703248838e-06,1.169735353035148,1.2744220814567682
13.799793405031936,46.17533325192172,0.0,140.0,0.009713750822094483,0.07544314192766201,0.8831811954808338,118.36994252681939,50.82230130060426,16.883458761663015,0.7310879916772609,0.0,62.19300161168227,1.1718159152688559,3.53467436816054e-06,3.628572164758124e-07,3.274765390071714e-07,9.741226597311332,10.793672056254186
18.015,60.58358410207742,35.72827385020186,140.0,-0.2801503281599804,0.03920328820809371,0.8384569891080375,133.5359746325673,56.81581100850076,20.117399648760053,0.73662805317067,0.5316086668437628,63.128858450402575,1.1116469801391797,4.082582739758897e-06,2.3630373670602475e-06,2.1981191310941242e-06,1.7276843763320855,1.8573073142431422
18.015,59.035980087161015,52.07042227794993,140.0,-0.08926565505121863,0.06408481803326359,0.8560144866075754,115.31790932002382,48.07212645987239,18.37421393975549,0.7402603462390976,0.5132058397135858,75.49858189483606,1.2359029163626045,5.151325513816776e-06,8.186752709865001e-05,7.505738883539708e-05,0.06292269592569287,0.06863182417808025
18.015,62.80251965876362,70.0,75.90103807369458,-0.07580697954238588,0.09531021289728059,0.7896806986283442,81.11702015810492,44.39536693036975,15.359774116388662,0.7427444106694959,1.360902360460119,57.58552446747179,0.9061047727254311,2.632942680601122e-06,8.06458442831799e-06,7.31828915743317e-06,0.32648212738102217,0.359775710409973
14.979594674725867,48.41606174402268,63.992933955281,140.0,-0.03772347779083744,0.10500562609352852,0.8032679770344009,66.06238973233235,36.66560958906576,15.468204802651803,0.7352627987145391,0.09252761599622075,51.712625985384705,1.0149395228472633,1.7505934573435245e-06,2.1047818693383854e-06,1.9176837108462197e-06,0.831722033929247,0.9128687110613445
2.905595883509082,25.478817992302375,0.0,140.0,-0.20663703214370532,-0.04289639101694753,0.8463590089373825,38.91958320479746,29.260453937969046,12.645594316512055,0.7336582616867091,0.28581008897669036,60.265856726746655,1.148910552685738,1.903484414198378e-06,1.319909395862916e-06,1.1157823041444714e-06,1.442132634379755,1.7059639744491906
0.8077224298815594,21.493031069466,0.2787235779379742,140.0,-0.15945490886968103,0.03642835268721595,0.8473047117638174,21.70409597076829,26.461183400751544,13.232666965267374,0.7324626981154067,0.08953142703776983,52.78814983274074,0.8116871166469393,1.3191513021699317e-06,3.0140204712041e-06,2.38157325232387e-06,0.43767164648451484,0.5538991088696273
11.330087110345264,41.483226956923566,15.243064729642715,140.0,-0.02471916105349055,0.07108684991367839,0.8986292764467769,100.74161266275098,43.64347940350854,16.26520321760456,0.7342374757325988,0.0,57.29200667920644,0.386916828533009,2.5795694628523695e-06,3.84803268831051e-07,3.446249048373441e-07,6.703605898901386,7.485151034194333
7.263446501825665,33.757610514627494,8.535229947613974,70.29790351507211,-0.05982482677959452,0.013349779304232635,0.8251032503610757,72.18989953500355,36.16629805779122,15.104876450451139,0.7306064021929191,0.0,70.62574609112481,0.9243983074501265,3.3337136607065775e-06,2.5742479301493953e-06,2.2530741725928316e-06,1.2950243143492037,1.4796289004858412
18.015,60.049945701862235,43.86197661735028,140.0,-0.12256420203176996,0.027274516084800422,0.8565087153690194,125.97003852283379,54.1074369096988,18.774087602089207,0.7395199700743978,0.6227806774716298,60.093726116844124,0.7593650278538715,3.5125052269024034e-06,9.933943897022424e-07,9.093955597236272e-07,3.535861751700886,3.8624613781596673
18.015,57.05788416348199,51.924463393302105,65.49464246138761,-0.2225963935113803,0.012014248075123728,0.8643839585580751,110.16021165654963,48.89737786465482,16.763657710016872,0.728911239253697,0.0,51.55316314579376,1.0096214995665451,2.3208264293809987e-06,2.4568093480100047e-06,2.284772150958418e-06,0.94465060191213,1.0157802511762308
17.259102759770492,52.7468126520448,53.89258815151911,121.30436770256131,-0.09723359903897086,0.04059408024823795,0.8309609692896839,100.54558506915319,45.01178735198719,16.58577999857742,0.7280152939380296,0.0,65.96165107867898,0.7745639437619578,3.5684962030750146e-06,4.900679193479849e-07,4.519009111985656e-07,7.281635998175011,7.896634228088589
18.015,58.909247400705475,65.64684738713851,140.0,-0.10672772133684771,0.04052364086849916,0.80804495532106,85.12338027230231,42.524854853148675,17.027500797391596,0.7356569353867298,0.18502056026471714,68.79536756380637,1.039098018071731,3.692688686911448e-06,0.00011408319976186152,0.00010497361018631247,0.03236838285233589,0.035177304851738235
10.054083530524396,39.05933921691263,5.339564252233597,60.0,-0.1581324795558101,0.05692014603022791,0.808988964587048,92.49701313067307,41.66759511525904,15.317446421817982,0.7313548905607236,0.0,65.38273832914473,0.7752671279941418,3.2402708633076796e-06,1.60563105242667e-07,1.4514647000873445e-07,20.180668892834984,22.32414514188799
8.207736357718293,35.55155912731736,11.382774355864107,60.0,-0.24342713724665727,0.016801130008643934,0.7445797836452918,77.83234061797636,37.0962218133165,14.77702176303498,0.7271028797157915,0.0,58.77208624508904,0.8813108822770722,2.295623259921432e-06,1.46892761845153e-05,1.3505723503615546e-05,0.15627885479758105,0.16997410463103904
18.015,67.61864976897061,70.0,60.0,-0.22283289529661182,0.10578460918916822,0.8600975236315748,84.97222511928751,44.477982155486785,15.941278568500989,0.7362983443170724,0.30529548663642403,65.42738691653693,1.1225645579123025,3.454233873141553e-06,1.7355878730615252e-05,1.5873129669482578e-05,0.19902385392036576,0.2176151738861308
8.930066537867505,36.923538004569274,26.943971348664032,140.0,-0.13096817201390898,0.003369421426427866,0.8339754506831685,77.32898247899608,37.49548911668434,15.642790239579565,0.7286489849190398,0.0,53.92392499983485,0.7320885657448295,1.951680491179312e-06,1.2166038779233882e-06,1.0888749825825702e-06,1.6042037400954372,1.7923825254487513
18.015,55.111774170540784,47.40789365926366,138.90278220165396,-0.2427158105456791,-0.00421089943972804,0.8456347497197763,112.72301813307294,48.14666042462897,18.040478519519752,0.737587641861745,0.2695688030446974,53.23340351102153,1.6084623551231563,2.4164041328521304e-06,2.661042913280568e-05,2.489973549886312e-05,0.09080665782548979,0.0970453735527616
13.913927500086826,46.391422005449066,70.0,140.0,-0.10406080106106105,0.021489435330830007,0.7608707428979646,51.593019997237676,32.859534314819065,13.865827379171133,0.733157355654716,0.1639544883014493,64.77774819898261,0.9500981973907219,2.5002647624607803e-06,3.168481687166123e-07,2.8947933924834996e-07,7.891050065361137,8.637109539329694
18.015,59.0339962274606,68.32253618049081,60.0,-0.09832612669821324,-0.0022092683825911587,0.7841868489715434,79.35726676997209,43.12226770232106,15.250963475844006,0.7330570240074129,0.17741839514798854,69.07316744789827,0.6018561018234249,3.7909247740539936e-06,4.898478798789416e-07,4.481781991057399e-07,7.738983733053744,8.4585211454241
18.015,54.21897054162801,22.855281864874062,60.0,-0.036823728534749675,0.04321183054187496,0.763576457865668,128.30195010304115,55.216454640557494,18.610536357584877,0.7329977307808682,0.20663562662175927,56.34925687165176,1.0198104394476784,3.128035677887601e-06,2.888907038491977e-07,2.6535373733936304e-07,10.827747782152416,11.788172683195077
8.210635800607422,35.55648534769296,56.26855933162258,140.0,-0.09361360687506617,0.014896327791893819,0.817836121259787,44.58885043682207,31.950936764418216,13.851998839516948,0.7361079988386438,0.2257834112665856,77.12008604498136,1.0337705446613679,3.60026253446878e-06,3.756483814266947e-05,3.356184864116258e-05,0.09584128968678512,0.10727247396179389
12.877008799959283,44.42231350874308,1.3283681465012762,60.0,-0.029629203957694986,0.0958694352486763,0.7420600005669915,111.63792517659805,46.84461067134559,16.871351157783398,0.7269396201243148,0.0,70.91565940685342,1.1445457893014384,4.352115862293296e-06,6.529031634184819e-06,5.911738875629339e-06,0.6665790742238727,0.736182019174517
18.015,60.73748697689065,62.51308244881688,140.0,-0.19099996462400082,0.0351792658677363,0.8280358103747293,95.05968490089785,44.392307131077764,17.241917685281155,0.7371961825814993,0.291648532450514,69.01850989971125,0.9135403956251296,3.88622839552209e-06,2.9391322533867523e-07,2.707538749318863e-07,13.222366537075702,14.353362058067498
13.594856684587409,45.78607201068927,0.0,140.0,-0.19315490818752334,-0.057469546254439056,0.7956942034450607,114.64849704528302,48.213590511376026,16.84249515189804,0.7278958294217664,0.0,69.61172174334722,1.056921262878935,4.298225229809434e-06,7.485154662436024e-06,6.903567939806099e-06,0.5742333223092798,0.6226092460140485
18.015,61.09652166930434,49.24318778691029,60.0,-0.11788868634530363,0.044470701988299784,0.8406577162565314,121.6094114879384,51.83945159458199,17.618706482474135,0.7288719972546354,0.0,51.51832507572296,0.5239405041069304,2.4774492086118585e-06,4.527538260832034e-06,4.134846898426968e-06,0.5471956427280579,0.5991634683147183
8.681769979918505,36.451826596045215,36.35420705726729,115.87177743300151,-0.1387397597357027,0.05668467853017516,0.790551771430781,69.92304320365525,36.084581527607774,15.636687562083223,0.7318403006744517,0.0,51.69547728390192,1.1515264566107797,1.7184534821783415e-06,3.023422937592489e-07,2.7035038765784227e-07,5.6838011672515885,6.356393630747187
14.657863721360057,47.805434882265295,12.2902895983994,73.64636521638424,-0.1281399759089356,0.09024445510406132,0.840502828548454,120.36706596403732,51.688129634092896,17.599595747277874,0.7303939134733307,0.0,66.0388807123544,1.2797908986259352,4.092553593091273e-06,2.6549235846058083e-06,2.4381193718789996e-06,1.5414958143508743,1.6785698191377894
6.784593129650699,32.84814378221098,0.0,60.0,-0.041287873630293126,0.031452921000272194,0.7578475661231978,68.80175765175404,36.197218613469765,15.119485811084395,0.7279844924693731,0.0,59.57537014651786,0.8971144211065014,2.3040125441421885e-06,4.264585296748015e-05,3.766959381403109e-05,0.05402664934147588,0.06116372147564795
13.498704646976025,45.60289395135912,54.8755249040549,60.0,-0.09652950704727109,-0.04277244181895466,0.7857547958369786,78.03439592489795,39.46824237915887,15.246630135737755,0.731896329886601,0.0,69.54475099587717,0.8668347893893243,3.5155518200687935e-06,3.210463990787462e-07,2.926421022868706e-07,10.950292014353039,12.013144358232418
18.015,54.62598562360981,37.15394923706022,140.0,-0.05154243985882742,0.029179814285472245,0.7939464728842817,123.54370439783891,52.27619959440819,18.555130031630387,0.7374220208024483,0.44700833157453035,65.97731179478487,1.1341432066786727,4.134790487262642e-06,4.95876618234823e-06,4.564791250415046e-06,0.8338345336751907,0.9058005635825499
12.552839530181975,43.80629705285835,14.584534562788775,77.85608564529922,-0.1259152116002713,0.017244798221789207,0.8581683699818048,107.65408201566203,44.87136022934589,16.38205555706048,0.7306394417995796,0.0,58.74783544364943,1.002662929499732,2.7707501659235575e-06,1.0967366056310086e-06,9.992669108370298e-07,2.526358791798878,2.772782862991686
3.884086087971872,27.337451917696114,12.88911949733636,101.86407789082327,-0.21356318274536235,-0.01782188752364195,0.768780506603843,40.91955059426616,29.241040040850876,13.863818535098714,0.7329390735367995,0.3731347109107805,73.23348457096802,0.5919959820564062,2.9329574764824425e-06,2.1284001310074944e-05,1.855636588487148e-05,0.1378010381485038,0.15805667417204822
18.015,63.67262665222469,69.54703811440494,85.68794463138741,-0.10980157548484679,0.04711438235443357,0.8406833106369939,81.65361434287665,44.088770957975335,14.605303063907867,0.7412614288244089,0.7659941922127795,77.0109119259453,0.7728552693620842,4.958554821966795e-06,1.7508879078156018e-05,1.5909465920310796e-05,0.2832022998064485,0.31167324200597224
8.913831741322117,36.89290946724078,5.246751593368419,140.0,-0.11834528777357306,0.09435946037478884,0.7807379591682081,88.04197685325333,39.92754410880912,15.651433072182579,0.7284026582698296,0.0,56.288726169705484,0.9788287342496691,2.258042886969936e-06,7.1663926115070755e-06,6.404055263840598e-06,0.31508780070801545,0.35259578406819636
18.015,58.765489703612836,55.458507072720344,60.0,-0.07668243655949816,0.017531565402924717,0.8226740958026181,107.91500369539509,48.218170305531295,17.197503922827472,0.7275282925003858,0.0,63.40665268977787,1.0477728049653414,3.499640148068785e-06,2.0422760588414918e-05,1.8685485994067182e-05,0.17135979893207984,0.1872918985987281
1.5026645629309414,22.81329556633635,3.5902061389143505,137.95712824961072,-0.1835745444308422,0.01723462652336719,0.8150629854680097,24.448572466024764,26.82342553697723,13.231367909697106,0.7317719860986155,0.11110227854962557,41.82891557519361,0.8287917661513572,8.777531119497724e-07,2.888677587091786e-08,2.3500819075697142e-08,30.385984087392107,37.349894449316515
18.015,61.987294876895874,47.655754052889705,120.31435167751287,-0.031013080966822065,0.13008779450646313,0.8456489498397126,126.3928070982735,53.38419673551059,20.16249312755617,0.7420722168116698,0.9919597756131152,45.228798288221505,0.7128989100241503,2.00061335321059e-06,3.852608571163068e-07,3.4793441915192463e-07,5.192879879324525,5.749972532430107
18.015,56.838291007048,70.0,132.99205077875794,-0.1918563938190015,-0.010370148587592417,0.8112173894795126,69.37611304213257,40.238856861772476,16.455586704309408,0.7338920680090244,0.03322809498445986,64.31246453525391,0.5099433342276634,3.0268833689601783e-06,8.6601772920498e-05,8.064521846745117e-05,0.03495174829433241,0.037533327164112576
18.015,59.313047403620864,53.707892395833625,98.69358772765891,-0.14778960680871134,-0.010582020648898162,0.8867375454102888,113.83774650185752,50.649371926095306,18.440396181593158,0.7320630532412473,0.0,65.13660482510055,1.5692283305294903,3.883693552763027e-06,5.668998754380023e-05,5.216376352752796e-05,0.0685075746358628,0.07445194307564708
18.015,61.088563514661,70.0,73.78551901022308,-0.058193634581508155,0.044194632015440966,0.7927790606518428,79.28302078139228,43.20086176014397,12.890002660058794,0.7395066198534723,1.1542697089730072,46.09713108978356,0.7680668395289729,1.6721570204107394e-06,0.00017755647651403414,0.0001628283792358734,0.009417606460998743,0.010269444603317279
6.201912564446552,31.74077106591418,17.913222972783405,125.71882252871359,-0.1549513057944806,0.0028861904199635672,0.8138525859996241,61.678060832560575,34.51138644442202,15.034785610193591,0.7325438488614306,0.0,60.54667054621521,1.0813416928591588,2.268666244221538e-06,1.3982631770486004e-06,1.2280177761875545e-06,1.6224887284882596,1.8474213388545002
14.801274379082523,48.07781749659818,13.646678077695093,129.79467692598365,-0.09105819695538248,0.038951878228806976,0.806862307016031,121.00284841802217,52.10576266105249,17.964270595909074,0.729744133760763,0.0,47.5183175903048,1.1363674356035027,2.1157128506220938e-06,5.296202521718591e-07,4.84669930786785e-07,3.994773315306597,4.365265340863148
13.480993961775868,45.569493059618196,21.951627659226688,115.78369212186323,-0.07187225710951733,0.08216073932289569,0.9122695572020793,111.4759518570804,47.40700571339914,17.19042157815812,0.7317956349430282,0.0,70.95866655175791,1.0263173918651258,4.4135702680308385e-06,2.6169751910189655e-06,2.3802800913725266e-06,1.6865158994160494,1.854223074010533
11.289187771477105,41.405225529393,50.997842115802314,132.80328778972614,-0.08002537967792647,0.08094195753826583,0.7778213471351328,72.42670575169437,36.98496787517192,15.288456333653986,0.7332291905135446,0.051507301824582706,65.0693698874671,1.0722721363460581,2.8391085025604857e-06,1.5705618384998874e-06,1.4158754832711767e-06,1.807702462242584,2.00519645696607
7.833109323465542,34.83981431117029,0.0,140.0,-0.16255644262322502,-0.015824097030054822,0.7701467554031809,76.84122948092974,37.30802844638567,14.818428509039089,0.7278243412292399,0.0,51.15434020817248,0.8377488725126966,1.749065336694487e-06,2.7687127031339428e-05,2.493046799690844e-05,0.06317251099092717,0.07015774180057045
0.7206000000000001,20.750390266348077,0.0,140.0,-0.12711965183335291,-0.05727499965583961,0.8107346416156503,20.682435756925432,25.968731519039718,12.572113207956122,0.7311404743919715,0.08318164789349604,61.8023856678448,0.6808597965354755,1.7903014080571509e-06,8.546911040186898e-06,6.69335444895954e-06,0.20946765441213738,0.2674744661603043
18.015,58.35245368807251,32.985594031132266,76.20565263299035,-0.14492549371429567,0.05058996675582328,0.7931960110568496,130.8135545203005,55.78026383154431,19.061860348066247,0.7318328985936028,0.0,69.42315559395642,1.0793242103661984,4.941909400154448e-06,4.9704583961871066e-06,4.578393156536907e-06,0.9942562649645034,1.0793982148733825
17.206407589033766,52.64728935821814,0.0,62.61220912255792,-0.12661698430944726,0.0014609344102633293,0.840413566083635,130.51462551750632,55.350255499578225,19.366299128164364,0.7380598319554447,0.589053748952318,61.72608349755644,1.0854667763730095,3.7907776571253896e-06,1.2325216589154064e-05,1.1416448216862658e-05,0.30756276205816907,0.33204527232263215
18.015,62.64970978259122,41.44107201715988,60.0,-0.25938377313272826,0.019707010816188877,0.8122216853543652,130.7305431401562,57.069797359545355,18.828853842682,0.7307695554822569,0.0,59.04039637238573,1.1585152054158747,3.5552132933888454e-06,1.454683150284803e-06,1.3459091945149581e-06,2.4439777780424508,2.6414956580113724
16.809210121645915,51.892201568711734,55.96508853277846,60.0,-0.12923387458905294,0.06953989737686292,0.8458071710325931,93.35666124971956,43.937852927216,15.33090514095533,0.7323118969135208,0.0,54.671943644939375,0.9307548092646866,2.344083808810294e-06,1.2083233433006934e-05,1.1194764093204546e-05,0.19399474667162533,0.20939108580530086
10.631494947466862,40.1552691755255,70.0,140.0,-0.23079654209197473,0.0199719488416202,0.8089590050807739,37.359009797504925,32.15283955439187,13.86030073422774,0.7348594802498049,0.24762972177023962,42.63989779578131,1.2262941410356016,1.0760009228258261e-06,3.4171053957415935e-06,3.1255927106586327e-06,0.3148866652362381,0.34425500134951637
15.81517662545743,50.003592829112975,53.72616796237129,140.0,-0.2379725615136421,0.035471901108450395,0.8444075003753826,92.18513026197148,43.159078530512346,16.192309081908345,0.7311174435252541,0.0,61.295075631339515,0.9414109902686789,2.9159044913086277e-06,2.1797665609031838e-05,2.0314023449413922e-05,0.13377141128820813,0.1435414554172307
16.716906190236877,51.716778330326626,51.27390226973184,119.47691621599792,-0.15270901664012754,-0.023310874383831236,0.8569982654964605,101.44804926281849,45.11480992188748,16.581417025375217,0.7275101463824402,0.0,66.57773606288536,0.8334710611440115,3.6486166727535773e-06,3.594349380805889e-06,3.3299326376948705e-06,1.015097945747144,1.0957028473943287
18.015,57.286562288394485,18.65996877108078,60.0,-0.08452624586083012,0.08152764779173602,0.8546376620349975,134.10164356816856,58.91723974999228,19.310512079842926,0.7390194089445036,1.0342940270072116,52.047732270229,0.9222003080766121,2.8524490965727004e-06,2.9953464936886792e-06,2.747744556447081e-06,0.9522935335137122,1.0381056309910428
10.314344748754035,39.55365460454293,6.96606554135181,115.70358958757751,-0.09429561068408193,0.057177370943022957,0.7943366393313382,94.13847193734408,42.49725983458801,16.215222524421826,0.7309969421659217,0.0,54.464227101300835,1.0827022278664356,2.2456642906409373e-06,1.0788312934324693e-06,9.689087048249558e-07,2.0815713303013372,2.317725374390812
18.015,62.009888804938036,67.79597040364145,60.0,-0.17677547485443063,0.04926082918989078,0.8600634372653992,83.91958929216989,43.014891970395446,16.5201432243888,0.73484498870266,0.0,71.1635744456618,1.565334996428036,4.01907323675577e-06,6.249130077939127e-05,5.7387723133022935e-05,0.06431412351207134,0.07003367649627229
12.908506968012714,44.482180254068204,0.0,140.0,-0.1469397780469749,0.11826521790080537,0.8041947358934594,110.97589237199662,46.480412457091006,16.858841710172538,0.7300433369288702,0.0,72.5990042981681,0.9013720971593744,4.561082153519062e-06,1.436052929072421e-06,1.3135804083697173e-06,3.176123986227421,3.4722519645217718
5.911268607372586,31.188391719322034,25.94293030440705,140.0,-0.15698191846207704,0.05731866670105914,0.7856005366721126,53.30144070955747,33.62072848941818,14.14544149803998,0.7338279111130104,0.10799526893353324,60.24204398972438,1.1430421957435546,2.1854241866194904e-06,2.7620333055098833e-06,2.4203443917669554e-06,0.7912374489691577,0.9029393478272887
10.178997264420497,39.29642403410498,17.7837288977749,113.3222139795762,0.011302013884854092,0.0653871628636975,0.8312986254532507,94.11062206087168,42.43100298537391,15.983894557963726,0.730141857834375,0.0,62.12723620387386,1.0957717167203993,2.94626179127125e-06,2.6728134320676132e-06,2.369017772557263e-06,1.1023073125579532,1.243663861622648
18.015,63.49695895685106,31.737893589826946,61.44674855535821,-0.06309841111498704,0.03540220364575921,0.7976657888356135,138.90280023079794,61.620014439764546,20.065040198373264,0.7356346397014709,0.9536770020661268,70.8499121183567,0.5082262895142786,5.738500916343986e-06,4.5918501055273566e-06,4.155925333901403e-06,1.2497143383309417,1.380799811183549
7.8791148105898525,34.92742077135821,0.0,140.0,-0.16791373931986414,0.0473999107823611,0.8185159980600666,77.5425446688842,37.29404261917381,14.817795613064526,0.7302307397408901,0.0,69.48219261503397,0.8444416618607197,3.3157393416155767e-06,1.3207303880419413e-06,1.1790111779832435e-06,2.5105346039106067,2.812305263540683
4.683614930481595,28.856748631177748,0.0,63.93416358734025,0.03959208018154518,0.03303451534418037,0.8597782374474063,51.45048022936579,31.80833909290182,14.207444149672815,0.7350943079956742,0.018355587553329816,50.36457752803116,1.1875864818758388,1.4396404593415178e-06,2.9042761391879907e-06,2.4272700799554278e-06,0.49569682438806534,0.5931109484808358
8.568638291683246,36.23765870143682,0.0,90.81441605582846,-0.07462044955067712,0.049971822811826314,0.8295763359923909,83.87178680276745,39.45886714263534,14.865713468298157,0.7296957408653652,0.0,70.78555617328139,0.6841098391085135,3.662042580304485e-06,5.380708034306615e-06,4.769978221341294e-06,0.6805874908944756,0.7677273166406067
18.015,56.59834313100729,70.0,74.79364454198185,-0.045390273197334116,0.07895368303579305,0.8506176652654114,73.54766911364302,41.36016125239497,11.879012330871104,0.7382916327034026,0.7800082098338431,56.0457472654878,1.096536103361067,2.315381563325468e-06,4.5624143472940096e-06,4.173744916003622e-06,0.5074904178088806,0.5547491784769769
10.914516022357523,40.69352739703156,41.798226556184375,117.14530959529182,-0.17162820384447144,0.04214499867951768,0.8540001547163539,79.07901321778256,39.96307917401884,15.610401549561411,0.7319293577656587,0.0,70.91130902721683,1.1785915960493691,3.711531652186664e-06,1.5659558866332867e-05,1.4252408761168045e-05,0.23701380631904256,0.2604143421916906
18.015,59.334891475471785,70.0,140.0,-0.1907099283739569,-0.0006142086550150247,0.8683259922173387,73.14242950809496,40.487796107453,17.068484839137163,0.7388343164626262,0.3049724069406716,63.460492755720225,0.5171213325430482,2.959121769125145e-06,4.675075337784085e-06,4.3162846575089e-06,0.632957023218309,0.6855715051085097
18.015,60.24889723835348,66.0329820330648,82.88836170952197,-0.16294625564285242,0.04721441103259257,0.8793389894499309,89.701445170855,44.65986484897389,16.872990410329955,0.7436096830837856,0.8412808172823105,48.513740028673006,1.1256262383556779,1.8847911575994538e-06,1.9743588686262745e-05,1.8182931698029907e-05,0.0954634533543975,0.10365716535159553
15.840308794183487,50.05208881539327,0.0,140.0,-0.3141540938049973,0.06424193334488912,0.8212217540742863,124.97525650143733,52.94026720944489,17.86932609538036,0.7315728988628535,0.0,69.36477913894078,1.0809068680921365,4.681411602998047e-06,1.4248473358991608e-05,1.3386565409163867e-05,0.3285553115094823,0.34970968728045465
18.015,54.423429338306796,25.489151846573733,140.0,-0.0705401459367111,0.06886707939123951,0.7895775264121636,127.72897870454567,55.43688282526441,18.54258772918871,0.736931064853346,0.6005351901024316,64.62627285862267,0.8607568175541854,4.199927668052201e-06,0.00012499975877476742,0.00011594756935143058,0.033599486184768566,0.03622264521408341
8.941136125725793,36.94465742414811,22.03088566365532,140.0,-0.1892923462129832,0.05761773052723389,0.7669427085749932,82.20437079377187,38.62875746707785,15.590877841036301,0.7267024055181905,0.0,50.88206062877331,0.9263015319481277,1.7899527711399884e-06,4.672783357959386e-06,4.218117634815817e-06,0.38305922488169114,0.42434870861967944
9.633298030747778,38.25948592355289,47.406665713307866,60.0,-0.043306904962412476,0.05534881608303016,0.8673405004956992,67.5076603456252,35.91974556502047,14.885152610982587,0.736006476884439,0.07324286523906685,62.51646562764675,0.8735797854971722,2.532831064516042e-06,2.0116720709877135e-06,1.788924779359547e-06,1.2590675692348026,1.4158398909443364
9.551158954544324,38.10349022726625,30.725099979426357,140.0,-0.08349806115508009,0.045887490271541334,0.8074188911809517,81.01415709007696,38.067058602106634,15.684942649339481,0.7273554503185268,0.0,60.299015116139,1.0956616631832157,2.4804748503465303e-06,7.574780571023192e-08,6.763215107316215e-08,32.746491163525164,36.675971575460274
18.015,58.98763630877295,66.83732937608585,60.0,-0.11450442886786139,0.018896507267206646,0.82808558809394,82.97855038473573,43.09998821242713,15.244972536263306,0.7342912968888488,0.03325567782793042,53.26449962905352,0.6768232977844089,2.19149752371611e-06,1.3359328623616633e-05,1.2249447215695626e-05,0.16404248936896268,0.17890583020824574
6.267987919835123,31.86649010845277,8.590892811583782,60.0,-0.18284817100523298,0.054872424915458004,0.8241968911625567,62.7115857469132,34.42848589785781,15.014343519555325,0.7323763228901207,0.0,60.794623528722056,0.9073566898791398,2.286719872792978e-06,8.705914577865385e-07,7.681331722627824e-07,2.6266279692278602,2.9769836212862826
12.469228925225197,43.64715201419638,39.51586768313622,140.0,-0.1265642227236434,0.011121922808368052,0.8803657069795691,92.69415497985858,40.939917086421296,15.816523351386607,0.7296955518781888,0.0,53.18995341418326,0.6345177867879087,2.0773945363032584e-06,4.402869670602056e-07,4.010646757265686e-07,4.718273970665118,5.179699589697974
14.83560491136601,48.142895295602194,32.37103319418617,97.5087629900188,-0.2672567286724507,-0.061771748614380555,0.8959237636983847,111.67212429598716,48.710022626898855,16.77444555513694,0.7285164681595522,0.0,66.65429383376195,1.0478562072899902,3.942804579372425e-06,8.853726189306021e-05,8.535753357042262e-05,0.04453271419365491,0.0461916413753859
15.652216108393246,49.69467120887477,0.0,60.0,-0.11212579810633568,0.021648957363897194,0.8517847365690308,125.5333647545305,53.59720144527682,17.954149736281057,0.7325012201610349,0.0,50.640916443659265,0.8709578040899681,2.4632621546134123e-06,3.227965950613962e-06,2.9685514668108923e-06,0.7631004144095441,0.8297859013573677
18.015,56.88027487374123,22.16602609301809,140.0,-0.02447777640020922,-0.05686437198959411,0.8622340053381129,133.4565225423868,58.00685214509017,19.4619878889837,0.7398044765752585,1.287043229732869,66.80450705466596,0.9506593776335741,4.722141447827378e-06,0.00012415959784355498,0.000129260412652767,0.03803283459227554,0.0365320004084506
13.061798179929852,44.77292960986543,37.58802488903105,140.0,-0.03324623410687447,-0.020939399367462044,0.8230949363036119,96.43667044593796,42.11541641184585,16.336588064751535,0.7305882791925495,0.0,53.147962228025065,0.5098380814806929,2.1383549151629426e-06,3.897844671442941e-05,3.545971311374763e-05,0.05485993145979689,0.060303784982792444
18.015,56.3254513005084,70.0,110.7094121908292,-0.002923396924884192,0.11524182736499457,0.8063955872991485,71.44822336799344,39.573595589290605,17.81259684844838,0.7334177797019042,0.0,42.29337429204314,1.1247801152650745,1.3091692953203758e-06,8.483894700819535e-07,7.731737627904518e-07,1.543122989484902,1.6932407155093692
18.015,58.927013303015855,70.0,75.74823034803644,-0.18211617583257572,0.01999649413310515,0.8313475204596346,75.36356398805347,41.09883378049125,14.117729470912085,0.7394682075499868,0.9611602490893234,59.90013928817449,1.0260799787171264,2.642559535600358e-06,4.8174154323994735e-05,4.471222383248337e-05,0.054854300458039254,0.059101500866985325
15.831241519438896,50.034437226741005,23.143177799702265,140.0,-0.19573301471027976,0.02202493976781847,0.8768025788880113,122.11972838107921,51.32644618366097,17.923309952473954,0.7323379658513036,0.0,56.99415459073418,0.9569404197246111,2.9783249043956504e-06,2.8228914490855053e-06,2.6195500686443104e-06,1.055061789698112,1.1369604803686826
18.015,57.36464241266843,44.951436959707515,140.0,-0.16416125525938097,0.05304460138144812,0.8422029216949152,120.52343457665388,51.363806461438166,18.376715636873012,0.7411297530426342,0.6184402870384819,39.124701388493634,1.1009291392383085,1.4992605024904199e-06,2.3764142393722876e-05,2.201730383858011e-05,0.06308919032931054,0.06809464562428943
2.7777807106696386,25.236109160552633,0.0,104.1877213990273,-0.19490887283395225,-0.0857736351219091,0.8078903856704553,37.2024099630477,29.28555444693398,12.635150507273122,0.7322290432747421,0.27185511903849885,68.69916780823542,1.207947400899593,2.5323312605628883e-06,2.2978418878215084e-07,1.9338640260753267e-07,11.020476534892007,13.094670702893826
18.015,61.906723063215374,51.94346984734661,60.0,-0.0707316132475978,0.06728924490982263,0.8074377896189995,117.2489273324833,51.766984666550606,17.446033814961808,0.7273100870873798,0.0,56.55429605299597,0.8593838921707054,2.9601376073799468e-06,7.359770161267136e-07,6.676521859490632e-07,4.022051697970821,4.43365223641428
18.015,63.42384259196744,60.82486273565041,140.0,-0.05642083138997618,0.05154233057839635,0.8225817325363162,106.41364368368433,48.734648066094195,17.703200723788942,0.7355045943105446,0.17163377748766181,68.26844697011371,0.8179842397440098,4.166693415752811e-06,6.364274731094755e-06,5.757889689406715e-06,0.6547004319903196,0.7236493994351152
18.015,54.50431050329598,16.768388642551,60.0,-0.19883130014052433,0.02476719016700833,0.8133486006055272,130.70045748136423,55.88434128300629,18.95798789841296,0.7373712072618327,0.6123988502843535,69.3001402982805,1.1669871973752004,4.9287483325447315e-06,1.2447060470496531e-05,1.160692922349909e-05,0.39597689303650635,0.42463844119649796
0.7206000000000001,19.32762154518773,0.0,60.0,-0.08222915599511277,-0.005812345544862837,0.811295105226011,17.178398831578455,24.763910360503097,12.565868287066488,0.7316728743851945,0.061017239421713894,68.3405118149787,1.1762286471023509,2.1168825243380777e-06,7.30572401939222e-07,5.674235095813614e-07,2.8975670566244385,3.7306923111097205
8.318599201066082,35.76167482253366,54.25831499227115,140.0,-0.1412466776433534,0.04182052130433337,0.821006498894328,46.45046611733615,31.841677343085745,13.842480657199776,0.7373295975796529,0.30287887894596627,45.91624056101837,1.1336192171690738,1.2147968131313517e-06,2.8025241022234713e-06,2.5021452006638297e-06,0.43346525090276805,0.48550212545980986
18.015,57.228340478761325,70.0,95.3240170489379,-0.23085370917688827,-0.021887541213752013,0.8565225946560832,71.44020292662756,40.1299994777509,16.66960463808007,0.7382293781378322,0.36220980098349775,48.167706515881285,0.8699493411265043,1.6787091841226578e-06,1.5450468351809667e-06,1.437624035520275e-06,1.0865102247376441,1.1676969378959599
15.195955123573937,48.82734430663273,58.48691570759857,60.0,-0.1726914794158555,0.07777191025700039,0.8169886741647624,80.15731350423802,40.25263519562946,15.217312950589369,0.7341468071510752,0.0012238312869186172,46.847362866549915,1.1588806190383014,1.5917739049862466e-06,1.4922074277768667e-06,1.3787246968170406e-06,1.0667242873584384,1.1545262869817716
13.284710105226191,45.19624034973482,62.83441141909995,85.35028033751951,-0.1537252854667724,0.07210157759512266,0.8181434083846513,64.25078702262337,34.96998978873895,13.670147256925151,0.7403093158781693,0.6872323304318497,54.466380727326474,1.223097748171875,1.8449931984782585e-06,2.972949304282906e-06,2.7245926636687163e-06,0.6205935620295693,0.6771629473574005
0.7206000000000001,19.789134825806844,0.0,112.34463640956949,-0.18040268969497986,0.011183897839262618,0.7607032250091559,16.146833156164657,24.660239236953938,12.586336739273365,0.7294242553615146,0.05535178275253226,49.41802152123539,1.3099127084624853,1.0745919777361505e-06,2.8342014454621437e-06,2.250565182220059e-06,0.37915158763915174,0.47747649622666094
18.015,62.28352136385691,57.85575494183194,81.62003892096863,-0.21052875229964538,-0.04043692023684726,0.7924323747092443,109.15299495373205,51.05886073061264,16.83707939894918,0.7341640889684264,0.16891862298855703,70.73198241907033,1.3227360865098836,4.7111551556810085e-06,6.725935256114224e-07,6.192220951042177e-07,7.004461054540072,7.608183223643047
4.4163486488346155,28.3485173428726,22.86490988985207,131.75003900461044,-0.11227717685275108,-0.015515833535870618,0.7678523030825702,42.90710087849788,29.490891805914554,14.156032283599199,0.7340265801401925,0.40099282946157394,75.51564631766847,0.7886936189488902,3.169406027012661e-06,3.02672676471195e-06,2.5815372386829724e-06,1.0471397894134953,1.2277204370794212
16.18095492801754,50.69881600076657,27.432188746107567,107.52128831874394,0.07288110862749676,0.01846261240602313,0.8320601767339657,122.1179422905897,53.54851301377123,16.883110131701308,0.7327395267172705,0.0,58.193603189315,1.2583185874641927,3.2337036765760936e-06,0.00040357687121850516,0.0003734080618518986,0.008012609015012898,0.008659972847235011
18.015,58.572410193981035,20.92452534806307,60.0,-0.11621664473541406,-0.014062266494851651,0.869133804557178,134.52904926820642,59.39149906429409,20.433345501848514,0.7381072905427336,0.9698290127214927,56.08073909884171,1.089055538320231,3.3293047411315787e-06,6.731526014960504e-05,6.256961073126972e-05,0.04945839522468388,0.053209612497520764
18.015,61.91203139342697,49.12640705706801,123.4805500902043,-0.06550370217152361,0.08737895718435362,0.8522153227414394,125.26473595218857,53.35049753588958,19.3933190022507,0.7425666416964276,1.0144447166214967,52.91876004346068,1.0802288839345484,2.6623986881802855e-06,4.678560049130873e-06,4.2447538953301825e-06,0.5690636991342826,0.6272209776659355
17.686432525053604,53.558670475282995,53.66126296371682,105.26334619235695,-0.26054098489340777,0.004613187968155321,0.7932890087181589,99.82886168221363,46.63184499805137,16.586231946627787,0.7282359062072357,0.0,72.32537264335963,0.7400697087159365,4.5416627101147e-06,2.9491336212893893e-05,2.7706165822327212e-05,0.15399989601451294,0.16392245463480076
14.71898550455571,47.92120475065614,40.32310905539557,140.0,-0.05855577110108616,0.08895570263004687,0.8101137275419235,106.59867329053299,46.180825815585145,16.951290348281507,0.7324819073480509,0.0,47.72493968247406,0.4187529198825076,1.9182339009230858e-06,6.441821782886984e-05,5.886876923957817e-05,0.029777816983682603,0.03258491600387382
18.015,63.00000189869651,62.052590159970194,74.9394883502927,-0.12133390242976838,0.015817747530398833,0.7977613889745592,101.23745490871298,49.38531189570262,18.127492339438767,0.731971931245281,0.0,52.606345901070206,0.8466404607700759,2.444091843375854e-06,4.471468119950453e-05,4.0788597099276635e-05,0.05465971752031492,0.059920958728418704
5.691970642405823,30.77213908786751,3.314081716107598,111.929632471518,-0.08822698211552127,0.0019233267742743553,0.8406245673920817,60.2438522396,34.7038707944413,14.164317347820292,0.7325776547477879,0.0,48.71440432067252,1.3439820102836517,1.471111057970777e-06,7.047869706982106e-07,6.089875307494453e-07,2.087313073499916,2.4156669614571036
10.52631043678575,39.956251992071074,13.288858760618552,140.0,0.010818130921928001,0.0555601729333015,0.8661009390426518,95.48453526932585,43.336140162142904,15.983601793792518,0.7326018459467856,0.0,55.36971276778343,0.8245154475737513,2.3750194807505695e-06,7.185187117562414e-08,6.378999575095416e-08,33.05438594557157,37.23184886268071
13.75057027894672,46.081973775605825,0.0,101.98506484783,-0.14064121090692855,0.07079248104320231,0.8361256648655387,117.34785939186094,49.51333987276175,16.859733745200842,0.729994328880339,0.0,83.46202139530925,0.8219858029450757,6.726015504607184e-06,3.4852519716054446e-06,3.1967981329977125e-06,1.9298505701752506,2.103985057792824
18.015,60.59022467988872,24.028823982633103,60.0,-0.07030541815276362,0.0027098560142243236,0.8592571135774857,137.07230089683983,61.37870626160351,20.06372181961933,0.736926814847048,0.8543028865967093,62.553881427536155,0.7365363093439623,4.339456505130111e-06,9.575997362544924e-05,8.758068061346878e-05,0.04531597431410375,0.04954810210121567
18.015,63.29082975953866,70.0,82.30533128010873,-0.1703774768936998,0.03410246464523001,0.892806371496917,79.77413091000211,43.32447505517936,14.642561314200952,0.7451350184721272,1.1541790365645128,77.2517255864933,0.7696175713201874,4.90813450999851e-06,1.799661375499498e-06,1.6468017668727126e-06,2.727254458431799,2.980403961625017
4.60713437938782,28.711445143122962,0.0,78.88556338072533,-0.1617801410470308,0.03614444829751312,0.7932982835653505,47.04445952871325,30.64496359641401,14.14129771411085,0.7339723876470587,0.13191405186149416,63.43621049657192,0.8450086187325457,2.230410200743979e-06,3.415905837040923e-07,2.9468236451302524e-07,6.529483853325722,7.568862169372856
18.015,59.08660142827157,68.52792529734354,60.0,-0.19077649443907396,0.08393229464346055,0.79178973093166,78.86058997770637,42.99055552149391,15.623191016545208,0.7341100807303228,0.2179681748667032,50.29523023786148,1.0531664222707044,1.944464004800233e-06,1.813077193174248e-05,1.6754249830905342e-05,0.10724661984170457,0.11605795690198091
18.015,70.9018125328774,70.0,60.0,-0.09234002965332347,0.05107198589523227,0.8631718731050728,89.1598157256579,46.514387240929274,15.990261908046234,0.7354409031751098,0.1380762770851419,58.50749402978369,0.47217130368387583,2.8664473458125137e-06,9.438779240813453e-05,8.748373766220881e-05,0.030368835552567468,0.0327654878770773
0.7206000000000001,19.0959,3.9228253371010204,60.0,-0.1875277555541489,0.01321697202333335,0.7793975660601183,16.097764920353733,24.654749810937204,12.587576566045435,0.7305171760536614,0.04618483360353245,59.54870659396939,0.42589799312747434,1.5769284218283842e-06,1.0081296091534252e-07,8.023323336400513e-08,15.642119897188683,19.654304777599034
5.8383559453872085,31.05039561068876,0.0,140.0,-0.09798299763323881,0.1207801560426176,0.8460973694580473,61.8951756558905,34.678575596097836,15.076883107969747,0.7332524082198286,0.0,59.245236089971556,1.116060065481596,2.1769483624405433e-06,6.247426891736633e-05,5.45748077387717e-05,0.03484551960615908,0.03988925390009151
18.015,62.24027115591614,60.1646858620105,60.0,-0.22661370228719296,-0.07483551202852033,0.8294185833357973,103.15697292600784,46.99279857108043,15.648140358811819,0.7297669685985904,0.0,63.108122884081155,1.0211402516929375,3.376901445361157e-06,6.934860291254708e-06,6.398822358811829e-06,0.48694585089473835,0.5277379580182938
18.015,56.05172326563877,0.0,60.0,-0.13784768427296973,0.052163600562133455,0.8320331887916427,133.6395899070144,58.76451557632175,19.925118635224827,0.738353183754853,1.173383367621204,76.1705239118493,0.958477468967059,6.436513933207138e-06,1.7241760259337497e-07,1.5930154403644337e-07,37.330955983576914,40.40459226016453
18.015,57.95051825552655,70.0,100.08536948516405,-0.19840136609006775,0.061033053237893826,0.820768148237508,71.3828022470827,41.55158369471112,15.888864990190651,0.7341304493536143,0.0,59.31650091006656,1.6527180217113058,2.603169415049736e-06,5.926699601947339e-06,5.4918420203644334e-06,0.4392274942017327,0.474006609330141
0.7583703629071151,21.39978412436374,0.0,60.0,-0.15968807496564066,0.06434423318911357,0.7538993430953181,21.594644834469676,26.458856373714013,13.229234232442959,0.7288447505541439,0.09453350798665323,45.91805276296329,1.0609200264979035,1.010889853687039e-06,1.4829784231827832e-06,1.169954450749797e-06,0.6816618757793234,0.8640420599615507
6.040866400580953,31.434848405883972,19.822083178179938,76.18447871777909,-0.159054576860069,0.023738629793456506,0.8351343944943808,59.19611807396785,34.0522432184961,15.030976422181613,0.7330689494072086,0.0,48.739167460252574,0.9361679397168345,1.4542410375971289e-06,1.6221975767844885e-07,1.4227972392656116e-07,8.964635741102004,10.22099985481942
12.848016626140069,44.366541802514746,67.5788370005601,114.18343993318305,-0.20126388890682215,0.016909559848672574,0.8100432420194432,52.93273267869197,34.79527619951058,14.452421864630821,0.7328937275786453,0.0,65.92347065382732,0.7126518378451495,2.7565586882323713e-06,1.1119781775478465e-07,1.022976724424451e-07,24.78968332194416,26.94644582244304
14.928669821867846,48.31980356313575,26.49876469832848,60.0,-0.12821222442698602,0.03017194318348749,0.8708931843205235,116.2135748103665,49.91812461473054,16.859905655688948,0.7282988913679865,0.0,60.047934350027845,0.6451796166274715,3.239674121277176e-06,2.6988096913325502e-06,2.4807902628968305e-06,1.2004085103450075,1.3059040781199267
3.5751773171355734,26.751019401568207,0.0,66.00069422344731,-0.06670586269768204,0.031635025842878674,0.7994779821881435,43.14825922468246,29.604918769484943,13.916720732260462,0.7347387419087925,0.35503704051408996,50.11742849300371,0.7112633069539902,1.3377343798178035e-06,3.558095697910041e-08,2.9679234943717605e-08,37.59691962764138,45.07307490757845
17.738310561251446,53.65781529514753,0.0,75.7480779210598,-0.17203822231198618,-0.018633735142101124,0.8798946818511175,131.11948647803013,56.79369215419612,18.982648695230534,0.7398616265172995,0.8765398453429379,49.89787600873641,1.3194142530094581,2.520466860112886e-06,8.337452620608131e-06,7.75502216909871e-06,0.3023065886914802,0.32501091617199274
18.015,59.63453593682157,70.0,76.21091745103647,-0.003651026257873252,-0.06278695713725657,0.7706073253667278,76.98631469759309,41.43219835041599,16.149886816153337,0.7378645356677266,1.0545290612145473,61.79834848461252,1.4734797350427238,2.8359009046185514e-06,0.00022333011743432148,0.00020319401456540484,0.012698246601032453,0.013956616343665582
10.81727738040794,40.50891835765158,27.2288640295511,130.62184529005873,-0.17636133119005293,0.06107885998570825,0.8987419036602431,90.06964300729885,41.226135626672175,15.83893324232406,0.7305420006779745,0.0,43.18482858668487,1.278466771902083,1.4083246356121086e-06,1.5649242830461592e-05,1.430220946980461e-05,0.089993148605936,0.09846902596311564
11.237956412713304,41.30838492373903,9.74786581343399,60.0,-0.18619007813896266,-0.010502960142570095,0.8356409664120048,98.97097670306376,43.41657013826105,16.14394949544259,0.7328460860730073,0.0,57.9007248408432,1.002804171810939,2.601253435783383e-06,1.5632602594550077e-07,1.4263945205036917e-07,16.63992556613859,18.23656357614738
3.5530415110501217,26.708598816565665,6.16978164688598,101.18151389361816,-0.02938325964380986,0.05473430778453351,0.8181526641844845,43.70003676921958,29.69721222663852,13.929895608344149,0.7356380407097276,0.35702447531072035,54.80558476099711,1.0053556763344917,1.5906055308740173e-06,6.379414873592611e-07,5.285451270843668e-07,2.493340788131337,3.0094034536811147
8.229070920532681,35.592561989964175,0.0,102.84019701602642,-0.05022932085135674,0.03172418620501748,0.8267633359371938,81.38834225723676,37.5901638451765,14.877334991124274,0.7295290150785476,0.0,56.48105535796401,0.8387473706177492,2.144365247267787e-06,1.642567728334283e-05,1.4488630638502849e-05,0.13054957858221003,0.14800330692185898
18.015,55.02597591955044,26.356730206336046,60.0,-0.0602718100475043,0.11113390863698391,0.8714186571179969,128.66693754693682,55.163700174239175,18.599611834943335,0.7362484657988503,0.09524111376660485,39.005156179694666,1.0540116354257258,1.604712083197729e-06,9.084931838443653e-05,8.415708999913611e-05,0.0176634465919409,0.01906805574211515
9.896216150080116,38.759507197813576,0.0,121.30295928797264,-0.1296775439292099,0.02823539712830477,0.8170976235925117,92.56648271878109,41.77200703537221,15.87103201930623,0.7311228999559608,0.0,55.40865507843193,0.8531516085848714,2.2916686955905896e-06,3.3194870526092074e-07,2.987300197512248e-07,6.903683187404739,7.671370615845828
18.015,54.51306618694771,19.06330875282997,60.198613584392334,-0.2971467823225262,-8.067724938049496e-05,0.8526695906522949,130.30250794641873,55.03553794814173,18.88347340851822,0.737471451438529,0.411295043879725,80.12438174375725,0.9010923476242924,6.785620125171111e-06,1.9065051731088625e-05,1.7938418735946684e-05,0.3559193135629456,0.37827303649532107
15.433894346504623,49.27911188798258,70.0,88.62692388354112,0.05677828592448632,0.018054834302830468,0.8205872668561522,61.30166724957154,36.08030481359093,15.019944508504308,0.7382608003599295,0.5651231648343045,60.99431633673041,1.1229159480683966,2.4082410179216173e-06,1.5966729043474968e-07,1.4427172886579401e-07,15.082870206943102,16.692397303714554
18.015,63.63453870957956,62.98241296066712,60.0,0.039729808050810986,0.03982630348167577,0.8306922289838335,100.27694065027049,46.93596073919802,16.203301246526646,0.7310489046240695,0.0,77.2115740538813,1.0263758975942658,5.303588025325057e-06,7.651927559698285e-06,6.84078146365741e-06,0.6931048397868232,0.7752897901359802
7.484429937799688,34.17711955176678,42.45037818328636,63.828144446204284,-0.18453383352499797,-0.025811391883091686,0.8532474983880121,55.57766694726254,31.37658816323224,14.78641114653919,0.7365690643021656,0.18303751186228784,68.04387929911536,0.9425452597144787,2.6605489569570163e-06,2.013949335880324e-06,1.7965731092530255e-06,1.3210605200224934,1.4809021371043523
18.015,56.85965178533931,0.41567258991982214,60.0,-0.022957166433108453,0.06644285182776308,0.7982340599774473,134.07327924022204,59.35520893338681,20.02326964493564,0.7360035501992384,1.1944907320545617,77.83246025832267,0.9247676482271566,6.8366772276618146e-06,5.025265259762783e-05,4.622463619347988e-05,0.13604609655937921,0.1479011581409947
16.646709374763006,51.583519625518335,53.9490081637397,60.0,-0.07773588968953091,-0.03413496797392555,0.817042030221967,97.18782641600731,44.0488453012604,15.348190477132443,0.7301112130216473,0.0,43.27264569365802,0.921881809700404,1.521835927349907e-06,2.5128619313939786e-05,2.312162766765743e-05,0.060561860098126745,0.06581871956526025
5.284552915661642,29.99743204274778,70.0,140.0,-0.0835735537994705,0.06713498901146857,0.8499771259687356,19.310986285667344,25.542781843581093,13.228345638871815,0.7334154275443653,0.13646851039557117,56.08728782254658,1.1061527195885579,1.4319153347957512e-06,1.2278852119654435e-05,1.0557246048522716e-05,0.11661638407581455,0.13563341502267254
18.015,56.070310815206405,70.0,140.0,0.012563731397042185,0.007341934795334833,0.8114212718115809,67.74415016031591,40.834671371701596,16.623646548668972,0.7371328772626462,0.26409504406929746,59.16681779147636,1.249499602979394,2.5531048512363955e-06,2.5078829240974063e-06,2.285914243372644e-06,1.0180319131744417,1.116885665609895
18.015,54.268446884196436,41.46756035549839,76.85839467416879,-0.1420758150267217,-0.0014793815384328169,0.7592526424398915,119.16461964293305,50.32581524947227,17.828780669374687,0.7267750745369286,0.0,89.72528882784235,0.730165618594399,8.137990009458458e-06,9.288846267256657e-07,8.615858860551679e-07,8.761034228917119,9.445361328652703
18.015,60.924072099956526,31.647964021085834,60.0,-0.3792918283160565,0.03004938990226551,0.8328961820611528,136.01942806666165,57.423213828575584,19.259224867525806,0.7354998794157925,0.22675283346724978,63.55208142413105,1.115038541884154,4.186131324233259e-06,1.0080122052332622e-05,9.475099569539442e-06,0.41528577754319496,0.4418034125668544
18.015,54.75957534070172,0.5344176361074204,140.0,-0.25559011530115366,0.0032998872250877397,0.8762978419896972,132.9006476656497,57.938857909275704,18.921934592992823,0.7399547673031406,1.0102485723861225,68.10358770484586,1.3850013311585325,4.908278708184278e-06,5.696459372439704e-06,5.336312800559493e-06,0.8616367443839311,0.9197884178884085
18.015,57.659327402066054,57.43417137560996,60.0,-0.15439419835185475,0.009236509005401952,0.8811652931011663,101.32824637442762,46.359839609644574,15.315393175946559,0.7298746522640084,0.0,64.99213300846833,1.3429422585047845,3.5426162922947196e-06,1.8896155867699742e-05,1.7439276684694267e-05,0.18747814725376563,0.2031400932702632
13.352570394972659,45.325566272565915,16.77191950614182,113.4954677832845,-0.027322061089057686,0.11065671780593332,0.830513346852615,112.40067801723242,47.71454248430274,16.877614369462965,0.73097524759595,0.0,62.15542598008018,1.2070838599167966,3.3132755069608157e-06,5.11453859019696e-05,4.7142388749504e-05,0.06478151349393224,0.07028229996079008
13.896452395985877,46.35879768984279,22.078227466805544,94.83775739632627,-0.1440662380022036,-0.05944864527000469,0.7998383511500028,113.38242082857676,48.813044133443896,16.85481571071362,0.7271160057208376,0.0,62.773025797794645,1.3066751193765962,3.4597257948082387e-06,1.3689462364401095e-05,1.26001036566539e-05,0.252729121328031,0.27457915340094974
11.401695238012994,41.61928131210348,26.879073562473906,60.0,-0.1935341714197764,0.04999455771741337,0.8039810308314321,92.96984947417683,41.57264408746514,16.13725754656275,0.7310520680396403,0.0,49.825686171103996,0.9918393431462356,1.848843442265865e-06,4.221695147113792e-08,3.8588067644524276e-08,43.79386426160703,47.912309558942624
4.407294576300119,28.332029536384123,0.0,134.58377531842984,-0.12954435779273082,-0.020414785675334706,0.8168795095031234,45.52077085953485,30.742273040824397,14.149744745380925,0.7349868067164014,0.1850289322130253,55.44778173278443,1.067726700660308,1.6844550335708472e-06,1.7082364860320543e-06,1.4618028904930244e-06,0.9860783605457067,1.1523133826905545
18.01216710363526,54.178092753430235,0.0,109.1528355670089,-0.02464550763479874,-0.033395538181383216,0.8436585027543322,131.4452427128459,57.660854335030265,19.08619386858065,0.7394284319264551,1.0983285417447375,52.43122064183924,1.1901944764052574,2.821515613021659e-06,1.0656199857746523e-07,9.777264606944807e-08,26.477690458954356,28.85792424005311
12.145954960705309,43.03266662265704,70.0,60.0,-0.09873358892568412,0.049334828005070684,0.8400911095978448,49.606219894614256,32.285749940752794,12.989305909077109,0.7359760662681916,0.3212157598548928,72.47176918262184,1.2304928638581902,3.1495387912287246e-06,1.7789837088487717e-06,1.6132325327365988e-06,1.7704146336825513,1.952315445738018
0.7206000000000001,19.0959,0.0,99.0950869916715,-0.2464339736656067,0.10918550220129375,0.8551078539598662,15.553301180171344,24.60335715053305,12.602966223675345,0.7339583725679644,0.03272325967361799,55.91176803136456,1.1502317297371114,1.3698020308103113e-06,2.594435009498535e-07,2.093236618664097e-07,5.279770068609555,6.54394261306454
18.015,63.53147252700885,70.0,79.21265598232313,-0.19172872357000598,0.01013036085141056,0.8547254996860677,82.44878477820748,44.10300414218445,15.343155769248567,0.7460172428537469,1.3870232170925494,42.488627019809684,1.240733555947454,1.466616132716438e-06,4.392444397891342e-06,4.0272325962912805e-06,0.33389520728378685,0.3641746776848846
6.104366340974448,31.555674624843522,0.0,118.93775810949694,-0.06815985892117044,0.04676393435873801,0.8590576281437527,64.6351791483814,34.76242418177835,15.098316907840827,0.7324934440266103,0.0,58.43702696810642,0.8290413863534699,2.1270678725587697e-06,3.189201268320353e-06,2.7617745693443726e-06,0.6669594339146322,0.7701815695492199
18.015,55.73432746370301,70.0,60.0,-0.024132693860886484,0.02359878934318994,0.8641644105759247,70.80312828197509,41.986453132760424,15.571509855512238,0.7368968237831964,0.37623080632567313,56.21165331928117,0.7996477977903002,2.373169695742337e-06,1.2255184288527986e-05,1.1220420171149746e-05,0.1936461859626092,0.2115045300927586
18.015,56.011924503681584,23.166192726361835,95.13533762020721,-0.03800783175413658,0.02371419484835705,0.8581777769375477,132.0091407850776,57.204086206143906,19.28745289839484,0.7393083003920589,0.7524982086799911,51.142262832735305,0.9360241815453381,2.676399960581805e-06,6.110359433410488e-06,5.602943800605819e-06,0.4380102332356538,0.47767745953340085
18.015,64.38716054633645,54.212131950092996,60.0,-0.2037460646399537,-0.03138722731789777,0.8245055968421364,117.76342755200021,53.208556881385924,17.409954517117143,0.7273108246873413,0.0,60.54207839390138,0.9944492264758716,3.500080091466387e-06,4.304996822972921e-05,3.949745150513015e-05,0.08130273343731113,0.08861533992925535
18.015,56.48202080503375,70.0,60.0,-0.19384951904339787,0.06744652268363635,0.8678577538533836,69.72211309655285,42.135014371100766,15.47786532491586,0.7370042834657271,0.36589262478161194,88.30058472551784,1.2975071302667278,6.541519959867551e-06,5.946839293905448e-07,5.521590216096129e-07,10.999994512331206,11.847166674553643
18.015,55.312601157298516,70.0,79.25476838389739,-0.24240479484682043,0.04267356320703212,0.8760109172671605,70.94657925021599,39.629621962024494,12.077751461624445,0.7386222408570077,0.789865297968491,67.65984487925564,1.4449952954175291,3.307508578086668e-06,2.288697056506779e-06,2.139155173691237e-06,1.4451491378832344,1.546175153053235
18.015,62.64092917094167,48.13895484232553,108.4786384607363,-0.09887821948785512,0.03699023223143474,0.7982908504820151,127.39557905081888,56.2940353439404,19.05323180147693,0.739723492213686,0.8636108817667154,51.611045744632555,0.8050287746545931,2.6861976421383107e-06,1.7201618201289816e-06,1.56366410291886e-06,1.5615958979585383,1.7178866209974637
18.015,55.114900323154515,70.0,128.4094037320438,-0.14106193689480084,0.045362278663966825,0.8255006916236881,67.2415716535882,38.971728034702465,15.421010803743012,0.7335023038733712,0.0,55.66492093282737,1.1726899709917789,2.1497938486262613e-06,1.2370041805102009e-06,1.145339900147467e-06,1.7379034626540886,1.8769920163869844
16.77425472704737,51.82605987895632,17.05127431484012,109.20623018067784,-0.15689176387167253,-0.01080110768539227,0.805756010226996,126.31698853007042,53.755507801171774,17.935242469121548,0.7338253952540714,0.07014590557231698,68.06633902408618,0.8752995325659532,4.563777017208981e-06,3.0167971461813602e-05,2.796836731976108e-05,0.1512788827377995,0.16317638298408785
13.197877007159539,45.03119756646874,64.10535916356898,140.0,-0.08178699978497911,0.10004743791701737,0.8389655791709176,60.22299311816311,34.45751597765767,15.24667080093326,0.7368352811411443,0.13156891799874054,57.64135745541296,1.2037725952615776,2.0411270734347427e-06,1.020165667622865e-05,9.279107060971232e-06,0.20007800087909905,0.21997020403179834
7.7828443748510185,34.74454274558468,0.0,140.0,-0.22679363789574253,0.030727319095685813,0.8404897961405715,75.87446498437045,37.14799059256892,14.785529061948822,0.7312249097076522,0.0,56.29456885028129,0.9938507105384926,2.1009213229633015e-06,3.7633916668323737e-05,3.437474964373503e-05,0.055825210580105145,0.06111815634259332
0.7206000000000001,19.0959,0.0,140.0,-0.135147563588813,0.1061950408135892,0.7733394108122328,16.578106256895726,24.710392165852685,12.581939104246466,0.730822508644557,0.05292316032137662,43.32501030971187,1.1964870673754262,8.502564320874929e-07,3.797348241204342e-06,2.9962307017835454e-06,0.22390794261677488,0.28377535534275333
7.9185809490299395,35.00231607797658,0.0,140.0,-0.25555339717256065,0.03857328127190263,0.7761433114497138,76.12808563480202,37.06606163917768,14.771320159503066,0.7288816015446425,0.0,64.71915607791455,1.0437001753095219,2.812644237626615e-06,4.567766050837482e-08,4.1323102284588424e-08,61.575925875427174,68.06469219702315
14.605427406744097,47.70564703197075,29.420395720818654,82.35982435799247,-0.15443610656892998,0.05426944733821488,0.847961521031752,113.33148344821664,49.162752058541415,16.79224812842782,0.7275595110728734,0.0,63.27647151259611,0.9745524833175068,3.5546207141969582e-06,0.00020387096012368483,0.00019013688269424765,0.017435640230665683,0.01869506149373984
18.015,61.036107477423485,70.0,60.0,-0.23868473466699638,0.02654208061736275,0.7607821331839095,76.77630773968463,42.66884705639888,16.6466242058825,0.7319892541542649,0.22072377122617806,60.414295143912895,0.9883318021984956,2.7944342121550916e-06,8.220446378004554e-05,7.638192452300313e-05,0.0339937040357341,0.036585019683727946
18.015,57.809528938696715,48.45482704699003,60.0,0.0031961824581788895,0.09241752352506222,0.8153856627354015,117.43730624178232,52.30024973770032,15.983087985898765,0.7273673783587473,0.0,58.921197182084676,0.9946915749629835,3.249654614086189e-06,8.043102971530387e-07,7.303868020738793e-07,4.040299652495767,4.449224171163875
16.92547000728945,52.11367554105404,0.0,60.0,-0.04768465946350657,0.09266346999466066,0.860000813553906,128.72992570300804,55.07911022627723,18.555538970934006,0.7382442712218646,0.4540175131634305,75.71207387411707,1.185745108823265,5.942280550295368e-06,8.20784737505401e-06,7.5411138521670675e-06,0.7239755174244168,0.7879844631423715
18.015,64.79382888910324,12.705612676590963,76.59684856851639,-0.10491143942370093,-0.009097335141083414,0.8815286910302463,143.59236488740254,65.05927133333097,20.48765071620057,0.7340588141662621,0.6354120092892896,62.8780015951511,0.8905525271773698,4.643949354842382e-06,6.610261581406294e-05,6.000893114904894e-05,0.07025363970323258,0.07738763657209352
8.940154815639836,36.94278888275995,22.801410013976323,140.0,-0.06607749423088694,0.01994777836894843,0.8019268464533583,83.25838986690886,38.31145343724687,15.698048157393178,0.7274713360396029,0.0,60.212390897944246,0.6750110806848819,2.499825942290181e-06,2.9535154549093044e-06,2.621176380658199e-06,0.8463899987843283,0.9537038257846859
18.015,62.491865184745485,50.42188933736852,60.0,-0.08905873335031306,0.05043631860911007,0.857981721491927,122.07696093662956,52.79009884804541,18.209659699604913,0.7292350013939797,0.0,57.263665609898176,0.805615194677131,3.098678833584363e-06,6.851858190524518e-06,6.228827435834212e-06,0.4522391951820525,0.49747386093212004
9.528173579754881,38.060080003997676,6.082718641223995,137.3118235201041,-0.19223309664837074,0.1035052961941027,0.8527486793677345,90.54131380424784,40.701581987597244,15.823261290360904,0.7317771916944927,0.0,82.32254834108606,0.9217088409490701,5.349007949129391e-06,1.88385177856253e-06,1.7055346593154944e-06,2.8393995801574916,3.1362645841956573
14.397786831815264,47.31148331536901,0.0,60.0,-0.011086396570444884,0.08059510302393433,0.837160757478039,121.49641489638738,52.34148737086181,17.646007637472508,0.7308192483635544,0.0,62.42835244838965,1.138531620742922,3.670979012481778e-06,7.151089313961615e-07,6.481306564244694e-07,5.133454291103101,5.663949044986394
5.174369992657524,29.789004872984904,0.0,83.32688149623414,-0.2557283494265659,0.03826183463392578,0.8676001077992833,53.83305652246164,32.80098059377979,14.108258333476273,0.735212216028854,0.017503084789644463,53.95422998144013,0.4297093069988558,1.7178379593983918e-06,7.76364693107777e-07,6.853279609514036e-07,2.2126688328933537,2.5065925473310773
8.222306574388115,35.57876857648975,53.465541545199116,127.24073306434835,-0.2568284650942096,0.09986634309469454,0.7295773065472225,48.03409076938609,30.647156725268903,13.785848252415157,0.7309064072377349,0.09750903774397773,34.374838742049526,1.0489220208740557,7.440333922089228e-07,7.06780778381706e-06,6.407630794064943e-06,0.10527074518247552,0.11611677016379945
18.015,56.116975511822744,47.57307596150635,60.0,-0.033996760678229404,0.029834862344353372,0.928938816896345,115.42377983970448,52.020516671637075,16.64572282694824,0.7272831531123576,0.0,73.83392720219261,1.1952462659674272,5.296475849604885e-06,1.341478317855856e-05,1.2282934282621332e-05,0.3948238133338209,0.43120607240394276
18.015,70.19443549605298,70.0,60.0,-0.07831709680352036,0.0698906473449885,0.8990493893338384,89.13473531366124,46.295477554509525,15.996821988717429,0.735833281279769,0.1857554554538287,48.475201985361814,0.6683496819099596,1.9673380065925336e-06,3.074683595512551e-07,2.7509131964400474e-07,6.398505555055585,7.1515815516769585
17.441877227857628,53.09410640538563,47.317319472203586,123.69848291099126,-0.14291055380365295,0.01478634383531584,0.8448193791469828,111.23861857856433,48.83577715334697,16.936080150683903,0.731501550629855,0.0,59.32685967546281,0.8676902652556062,3.0823784536656116e-06,7.84081166629725e-06,7.2655148544423986e-06,0.39311981780085736,0.4242477670775023
12.27744569322842,43.28338505973519,0.0,126.8506609771805,-0.1132839227627989,-0.01744262480744291,0.8379934791933317,108.21192296051824,45.49872436160683,16.386896512866013,0.7313424098781139,0.0,51.844303855503,0.7356564551213183,2.19260307984668e-06,4.221422360838624e-06,3.836701447625103e-06,0.5193991248511555,0.5714812866671941
12.027806059195244,42.80935662920406,0.0,60.0,-0.052393052209811955,0.0558741236572616,0.8445082180135002,107.64753459286406,45.47034619295143,16.42613833856625,0.7323488172037238,0.0,41.87947626862225,1.1681286785048013,1.4782697330685926e-06,2.5621317998045787e-05,2.3155265557545783e-05,0.057696865289340094,0.06384162295158206
18.015,58.905272797575655,41.26240050432667,60.0,-0.06796668672254969,-0.0410651204526471,0.8210359872777476,126.05172946459301,53.87187100043266,18.91630703364428,0.7311022128370411,0.0,60.227996189625024,1.0917133187308752,3.501727368335221e-06,2.123787389388418e-05,1.942731600235862e-05,0.16488125816321025,0.18024761464270644
12.49033385218169,43.68753942707792,13.605443378797688,97.99043785917323,-0.29040798053250383,0.038070009845332174,0.8459863164532818,105.19649878992132,44.61957531166557,16.437059728781097,0.7311368758345875,0.0,61.17115748230464,1.253623280750209,2.9932577640331053e-06,2.6308956025604747e-05,2.442297846117148e-05,0.11377333867295866,0.12255907971224285
11.61020010233937,42.015348231189904,33.28695654744399,60.0,-0.11259058043691962,0.06974013302076772,0.8894769909802597,90.48037375564964,40.8160775114892,16.19886102994234,0.7334406911431492,0.0,55.4124212833104,0.9798439186571783,2.2359093864199784e-06,1.3718883873815025e-05,1.2446692607612433e-05,0.1629804149510746,0.17963883715200693
6.643342943851719,32.5795788097665,0.0,140.0,-0.20170473760183955,0.10680121709555215,0.8198840328560841,66.29560477513775,35.874496926987085,15.000962126324199,0.7324678082060275,0.0,48.876375031854785,0.5705531778638002,1.55110111685374e-06,1.725798469804957e-05,1.5355117762562578e-05,0.08987730282487964,0.10101525373094114
9.863024809145044,38.696205769480386,11.003631904056917,112.67862605088987,-0.15904584592553242,0.016944267291005934,0.7916329434544233,92.16780827335919,41.66607023367522,15.846532604512262,0.7293250304206049,0.0,55.85593569204762,1.003515943280409,2.318968015336968e-06,3.525701349105427e-05,3.189449195367867e-05,0.06577324015051239,0.07270747622206603
6.665469650435922,32.621225796659225,53.37506428012805,60.0,0.11773813575952856,0.029847300817634294,0.8158975189404529,43.29864342981116,31.01814462647074,12.026256482820633,0.7350946892825304,0.22993028010212907,56.40493642435272,0.7593623885572215,1.7664287728176645e-06,1.680502986219233e-06,1.4269974689826554e-06,1.0511309931032886,1.237863984493959
7.3308336128387115,33.885390806053636,31.3109596059405,98.5933438367467,-0.17933300865114146,0.09725238029728715,0.8395516823557733,60.04570521391389,33.19120513785609,15.014619871551892,0.7337299981408729,0.0,89.91540774684051,1.127085167516105,5.387452148214422e-06,5.739770247354132e-06,5.112821737140889e-06,0.9386180833105441,1.0537140595140537
18.015,62.445527073493665,70.0,60.0,-0.22169134633078624,0.05388895534836954,0.8361711653053716,77.9133854847697,42.96941350744246,16.80277413586812,0.7351635257084056,0.19392832759208845,60.82365580108114,0.9541125129139111,2.855563934641416e-06,3.5935151988410023e-06,3.3129403115645304e-06,0.7946436223679828,0.8619424638208713
18.015,62.10138257689443,70.0,133.39229636823026,-0.19777803742392577,0.04689062380217063,0.8628117209408172,78.53856987340848,43.44035926900923,16.453939039082126,0.7382825928069694,0.2833905890648088,45.35958597031183,0.83695308791388,1.631529891352882e-06,1.0284098193458014e-05,9.457404274543376e-06,0.15864588811401484,0.172513497783371
18.015,62.265839812416445,66.36600282665822,107.41827253336524,-0.128418122278922,0.03709374808891001,0.8217432754107189,91.46705388480368,46.536662083868265,17.597109785097786,0.7358795872524725,0.24223966250723541,64.40842005135333,1.1195099009788456,3.4923923193182608e-06,1.421541941735992e-07,1.2969680113531255e-07,24.567634740719217,26.927358953708126
13.987901990573908,46.53260559494893,25.515027899266443,60.0,-0.048515750457453405,0.02809196677677622,0.7815517173918277,111.8459772665932,47.40098586570161,16.86772505244448,0.7255125954522109,0.0,52.19392052587733,1.069276192788654,2.302621716084048e-06,4.409044318932995e-07,4.0057829870228346e-07,5.222496190832781,5.748243785406346
9.91327951366761,38.79157697134303,23.23993909828536,99.56487034253814,-0.19123933176655028,0.13697265143968315,0.8196354572015714,87.95474888827026,41.10557845176853,15.825181503599163,0.7305183952324902,0.0,61.15519504527862,1.0055052162190756,2.7620265713599843e-06,3.4647930934506652e-06,3.144028273228069e-06,0.7971692672156708,0.8784992790551873
15.752113915749833,49.88418192127636,18.57905182030128,116.95458257533512,-0.17505456506746875,-0.032726634337803616,0.8815874953340268,123.59427160377996,53.15253752668659,17.927439326619332,0.7324146201452961,0.0,72.65079659773369,1.1045894492318837,5.217981141964967e-06,4.380142460424689e-07,4.054077744418225e-07,11.912811487549295,12.870944937228298
18.015,65.10637441173535,70.0,60.0,-0.06098468393693043,0.05873523535859599,0.8888512428704842,82.73920512566522,44.23309017403285,16.60601472556487,0.7357911139166794,0.15871106620172634,57.06105566190911,0.8199963267228249,2.577141323642072e-06,4.328181558840818e-05,3.9149137446395507e-05,0.05954328136669681,0.06582881493036194
18.015,57.34528412549212,14.570169902651092,60.0,-0.029373410118729334,0.00943866989000715,0.8178474524658021,134.1458104035871,59.0585227483127,20.01756792794756,0.7370775878722488,1.1536663341659512,65.32282228481735,0.9955928362988933,4.574994688405277e-06,1.341981610775577e-06,1.2241342932459187e-06,3.4091336659682177,3.7373307108930063
8.995995332219545,37.04883327013621,27.462045155208084,140.0,-0.08661718123101436,-0.0008365441084859933,0.8483670272616464,78.53468661047415,37.61081813492537,15.681105658482457,0.7287007953151481,0.0,86.7188487904752,0.8687021153790413,5.5981115484680355e-06,1.1244328572169689e-05,1.0025355320752238e-05,0.49786090050086756,0.5583953255881198
18.015,54.835555339742086,17.70294380913487,60.0,-0.13048706997293713,0.01769742283845231,0.8299625022920155,130.69624562293305,56.084087394476654,19.008900162371482,0.7381391470766631,0.6846839595036935,57.01610073243474,0.7647448145229606,3.2646336068888507e-06,4.379702042450126e-06,4.056403254533473e-06,0.7454008458215857,0.8048099269322562
13.861948588088,46.293969256321965,0.0,60.0,-0.12946074550200257,0.03346689900536241,0.883777263355967,118.41446199386705,50.37160337334365,16.862833998315214,0.7304626692048548,0.0,59.163107761282156,0.8955160353504242,3.1600447439625217e-06,6.727895941902138e-06,6.162761683200428e-06,0.4696928685060936,0.5127643914215836
13.5114496655626,45.627102020869884,49.38245770941997,108.64896400773631,-0.15755208003432192,-0.10272510747877647,0.7896911102879294,88.81353583949341,41.47558714501998,16.578012779375403,0.729295765190613,0.0,47.15957143818375,0.9721958513576545,1.6657243038815476e-06,2.5806469821607288e-05,2.371023532730787e-05,0.06454677123202907,0.07025338554793158
18.015,54.95240936429747,34.899044270289,133.13685678791916,-0.04803255683578776,-0.007141471240276905,0.8775522297095297,125.52265010618093,53.86111580868972,18.557124099948226,0.7397532585179939,0.5037214744889544,64.78911445209441,1.0331754133490314,4.097065307047963e-06,7.607786472175052e-06,6.990377461182911e-06,0.5385357911966501,0.5861007262910604
18.015,54.51147068028301,46.52680904444145,107.07770895810853,-0.16526848389990517,-0.03195127060250422,0.8419047261811401,114.6897283245883,49.04680915265368,16.79867474121681,0.730349315959009,0.0,51.25624564610348,1.6471001531964755,2.2834708506987668e-06,3.3739605776693854e-06,3.135803853804146e-06,0.6767923922442831,0.7281931387158077
12.978645344735869,44.61559020340893,0.0,60.0,-0.1876590413852742,0.06401273246266387,0.7960238214357143,111.61057607227546,46.34157006001342,16.84927730133814,0.7290664233910343,0.0,63.41212335401088,0.98863538769639,3.365752271189669e-06,1.0099377310781215e-05,9.281139402771949e-06,0.333263345612079,0.36264429668887826
18.015,59.36750610982943,0.0,80.5865633411756,-0.18555952624610206,0.09525755520181914,0.7948557041681156,139.07264520851624,61.30544937595911,20.255805936389716,0.7342124908187069,0.845058338064238,77.19497963876857,1.2299822455662668,6.917164367707146e-06,1.0621241037330897e-05,9.818036628905777e-06,0.6512576396105798,0.7045364189559014
18.015,57.88135495739375,70.0,93.13907522932736,-0.024346410808777474,-0.011554808530158353,0.8464698503365573,73.65919276350938,40.67881899457506,16.71076027339132,0.7402926303635948,0.5662316420905329,46.676211845504454,1.410598027896854,1.591352140353148e-06,6.528575499679522e-07,5.94228912526853e-07,2.4375181698232105,2.678011969471841
9.626541488077985,38.24695019245112,11.556819874181702,93.81587428665893,-0.20218193433637832,0.10775374644732102,0.7981573436153786,89.63783865138413,40.6652348426442,15.814346465254546,0.7300985300447609,0.0,61.732663462705666,0.7947206170965818,2.7933879426006466e-06,1.6032374604928767e-06,1.453931154519946e-06,1.7423419870328423,1.921265621082972
18.015,54.760084407242395,68.81284355604167,140.0,-0.14897175297882037,0.04380065685277199,0.8385409697641,70.05650121498222,40.55773675461981,16.49233834354807,0.7376353599540786,0.21669188676680678,54.810294533427836,1.040158572018754,2.171740263929339e-06,0.0001527657183824291,0.000143009705651301,0.014216149322799437,0.015185964155640384
18.015,60.39362592852455,67.02200683116229,60.0,-0.3299013058827265,0.032445800524701245,0.8824769870792957,82.42992953062765,42.779997006030115,16.399101343842297,0.7353765994610465,0.04707428439651488,68.35708247478496,1.2187337893882206,3.657938098430581e-06,2.0027548183905167e-05,1.87365084429484e-05,0.18264532756786608,0.19523050997301838
4.068903691649048,27.688478732213806,18.294761902241,140.0,-0.07996645474711361,0.09540710324270686,0.7897757577847273,42.32163990092466,29.572726152400485,14.171673835040473,0.7355207653288709,0.3927217383344321,57.37734009646213,1.2380101030001436,1.7346315624163595e-06,0.0002792114779443296,0.0002450906837148234,0.006212608361187135,0.007077509173848074
18.015,56.81781711339221,70.0,140.0,-0.011629970686986,0.11603950253663851,0.9181512136783676,70.82288376851314,40.78697149801244,16.607985768737294,0.7392257677054589,0.27452480451294775,55.295716023961475,1.0046539923480422,2.224139270849018e-06,1.5781596626634382e-05,1.4404864120075819e-05,0.14093246225133957,0.15440196119234975
18.015,54.237603628194734,60.38328069685028,140.0,0.053325033106468314,0.06279159551722119,0.8171811564981788,90.9128201375363,43.569764333223866,17.318491114426067,0.7333695925436939,0.0,72.32964736500908,1.2696293119337752,4.230466116521393e-06,4.565285408472101e-06,4.166539486501133e-06,0.926659723983661,1.0153428595186416
18.015,55.2384023654353,1.6325775572273855,140.0,-0.23421322552175405,0.07866111809275864,0.901211714302935,133.63262823239273,58.007636183099855,19.356698505266486,0.7401931770172135,1.0742022536844584,71.84812646328042,1.0307311861451443,5.554867162711154e-06,4.950204627248812e-06,4.6236626980289205e-06,1.122148998070489,1.2013997398813732
18.015,56.89059072603085,70.0,140.0,-0.07001800074517259,0.011597154165003377,0.8812289128895128,69.16696316861731,40.695006002157804,16.560924621424164,0.7389961618870916,0.2847030568083423,68.03124880673704,1.1709013954074636,3.4438459253831325e-06,3.899134190175109e-06,3.5726725429526226e-06,0.8832334968262455,0.9639411068267058
18.015,59.692329851862,15.723212365466551,60.0,-0.13842038216455757,0.037879074864096335,0.8226974186047774,137.69755051187926,61.454278458213835,20.286256704255344,0.7356343379038706,0.9156209688203085,60.92117796287882,1.318054972780317,4.0846470710060936e-06,4.160931188677098e-06,3.8200414195484135e-06,0.9816665755303543,1.0692677440887435
18.015,55.669180532719146,0.0,71.90985332598959,0.03192002309578952,0.02312882312705068,0.823953325267082,132.76624194297062,58.97077328653169,19.385633891415125,0.7379376916594345,1.2493545598754285,53.355767621457716,1.202130856191554,2.986550867181167e-06,4.764109840768565e-06,4.338584679512287e-06,0.6268853924449745,0.6883698458818358
18.015,57.36365339692516,47.131380196936966,129.23147683123213,-0.18624217062423004,0.07820066259146649,0.7977278440060472,118.89680514308364,51.233951671203336,18.291429852388152,0.7390002597036968,0.529148044293756,62.50463279347465,1.1441856306010434,3.6025738654495873e-06,4.2155060551545195e-05,3.934733707361448e-05,0.08546005671239713,0.09155826374500449
18.015,58.5004166308628,13.780789233225413,140.0,0.08472860568096972,0.04356866189161127,0.8140256198394266,134.8633340831265,60.88050427049024,20.369047605479725,0.7350467105120881,1.1679996080090609,68.73403932184178,1.3589015575147552,5.2655812794000126e-06,1.5429783950138566e-06,1.3877609083677677e-06,3.4126085604411367,3.794300046679649
17.53208104573175,53.26605433232537,0.0,60.0,-0.09620338031700154,-0.021098643411261615,0.8368519667396669,130.59191252401524,56.18971427990352,19.035464447804166,0.7388178316139783,0.8214117411039431,79.2341105892432,0.7185181133975118,6.7549887446528646e-06,2.4056976315144015e-06,2.2196426452086296e-06,2.8079126221696273,3.0432776011194123
18.015,55.04329268015808,70.0,140.0,-0.18955166350527108,0.04701106534903651,0.8148962069608734,65.89938816447716,40.064915410270686,16.463983985453932,0.7372711983376684,0.24618099401866553,54.011719512582665,0.9016327032567383,2.08704253164582e-06,0.00015651121688256225,0.00014605295581859336,0.013334779277908411,0.01428962885378406
18.015,62.960365131250754,27.784807622475054,60.0,-0.11684960788485062,0.10438484688142843,0.8161404182014823,138.29971664232966,61.70252368789134,20.028059708231343,0.7362770664475323,0.9454595415736498,64.16271435255456,1.0305548247210643,4.595453544668691e-06,8.864331996670159e-07,8.066864514459321e-07,5.184207390240967,5.696703516504641
17.40305011094766,53.0203238955812,49.83704865784254,120.23452047692929,-0.045954365892262455,-0.04629056786359594,0.8162689645766221,106.36570273061022,46.86800842412168,16.58124925956479,0.7276259959157924,0.0,70.49646137837273,1.5722803638397047,4.286466730474263e-06,8.956537987454812e-06,8.232306684645217e-06,0.47858522304915185,0.520688416342569
2.047414364002597,23.848670740718728,0.0,133.15016041965623,-0.04587503711409269,0.01954342714785495,0.806330521011686,32.424160451441985,28.261039381053934,12.569030650083318,0.7321291445418922,0.18280927913497746,62.42533058089122,0.8199714874970159,1.987602371023183e-06,1.4724191992509308e-07,1.1814184567307266e-07,13.498889256771054,16.823864226087714
18.015,63.8943599924406,70.0,75.64051963364706,0.0791606169776111,0.07918994637721524,0.8193141791022454,83.32796194062577,44.72309775345731,16.1657264192295,0.7451394926762961,1.4843383394532492,68.41815071719473,1.1225949254283374,3.8340716979671875e-06,7.6110488896047284e-06,6.786972714916504e-06,0.5037507646552912,0.5649163270600176
10.953868485800061,40.768859966193965,0.0,60.0,0.05171956240359819,-0.0013466454724051608,0.8368456171060396,100.64499722265066,43.919270288180975,16.31526539037603,0.7331076825883781,0.0,32.64020415435483,0.6132923067386145,1.0209546867670345e-06,4.046294150935439e-07,3.586765736360402e-07,2.523184545372229,2.8464493134224806
18.015,57.363553186744404,62.977228158884174,60.0,-0.16865569189938953,0.07248388745814609,0.8077569572100819,88.73077085036975,44.214250630961004,15.22079025537682,0.7322471027928599,0.0,39.97145502567894,1.1766773470200622,1.332048241964671e-06,1.2312467048360977e-06,1.1382275914093164e-06,1.0818694878391508,1.1702828608427707
11.751340285864627,42.28364973411634,18.967535176628537,60.0,-0.14321191054191895,0.07135459238399995,0.7828356785221848,100.80453908360026,43.58411864492763,16.178413729987966,0.7299706052386837,0.0,76.20964698497878,1.2555436098954842,4.772449994980373e-06,6.413287402179476e-06,5.848406675243444e-06,0.7441503390848374,0.8160256733141281
5.081169559044175,29.611893616808793,0.0,125.41916920717071,-0.23398228920984082,0.0072346266661413436,0.867328244500292,53.101429852046316,32.47180906731444,14.114359243924811,0.7351707862703051,0.027605758154962714,42.17417140963699,0.8917691060041881,1.0752784003685081e-06,2.4934296983496133e-05,2.195173681658927e-05,0.04312447233143283,0.048983750550248194
12.444752122009291,43.60064840961485,46.39740302581043,87.39798128385756,-0.24304706664988596,0.002848555459298297,0.8615773424104093,86.1074292649118,39.75557285870912,15.242904687213183,0.7332580655150224,0.0,53.04812259519326,1.5361776456553418,1.9829269824280417e-06,1.6454689429405585e-05,1.5215660361327053e-05,0.12050832019256613,0.13032145403744397
4.604523588937057,28.705801134966485,55.318865610181895,60.0,0.02257685204014527,0.09812641537428891,0.797383413562065,30.542774536073985,28.87951735005883,12.108624015976721,0.7320198900843655,0.24334489486262256,66.42811314266817,0.7289460245563888,2.3261428678740806e-06,7.4122566317962e-06,6.215384551977402e-06,0.31382384386094714,0.37425566325321363
4.023834055613541,27.603157665085668,0.0,100.20673429426895,-0.2307348569558344,0.02984921446033709,0.8663765855181343,40.6790898844287,29.20245038600003,14.1165323682915,0.7364801970325341,0.29683595580445354,63.9781619741946,0.8535610753261569,2.1646777945483314e-06,1.7814018927252113e-06,1.5430875559488069e-06,1.2151540892531443,1.4028224038248587
10.864916469178457,40.59929590470915,42.32805282148527,116.74199020375013,-0.09093687169143602,0.04144486657363877,0.7827891823323874,79.72554363406923,40.21045065811926,15.679082030350386,0.7296832405247164,0.0,66.12786513220047,0.7042817906374259,3.2074783768144316e-06,5.760992715868635e-07,5.187502945680905e-07,5.567579295803384,6.183087335853883
18.015,68.17051411267629,70.0,60.0,0.019957986763889116,0.06291152244328731,0.8458195179555821,87.11295738375169,45.664610804793355,16.030990921187126,0.7353465408362938,0.18788282815008253,87.24464772704752,0.9982493013226947,6.8931712182307e-06,6.908944813725064e-07,6.130076107591671e-07,9.97716931323141,11.244837906162354
7.1446865820643755,33.531926049657365,14.812426025996608,75.20459656153854,-0.17080677486287008,0.05446643021876008,0.8747710861362495,68.0091022791922,35.94422464155483,15.0221918807975,0.7328565712259637,0.0,39.97640887928696,1.2079053766789793,1.0822522829063294e-06,3.278183694019474e-06,2.912114188791033e-06,0.33013777869761446,0.37163799657032937
18.015,55.00228764260072,37.919664828818625,60.0,-0.14337691829952898,0.009187515238518077,0.7465014662097027,122.72007879696083,52.25307757468197,17.09993935050516,0.7260443494892475,0.0,59.52808914757662,0.8332786781627425,3.3227741057517165e-06,8.141301596188711e-06,7.541745934317078e-06,0.40813794532648784,0.4405842008853884
18.015,55.58911331813044,30.911136783694005,110.25783161819217,-0.13130097942218621,-0.046756697059526564,0.8379518913002076,129.04426042036627,55.19340893434371,19.370657490390904,0.7388888658510827,0.5684624302373129,58.359947146303966,0.7947975902826138,3.3693479545552815e-06,2.8472309061003482e-05,2.6334166807069495e-05,0.11833771357764729,0.12794587272268546
14.448214095522896,47.407175290431255,1.7405413766826214,140.0,-0.14250889290273655,0.043381864313002,0.883133436922816,121.147372326109,51.95471414225171,17.94244415838838,0.7307606635495155,0.0,58.05726056379319,0.4288864079166933,3.1532114257098674e-06,3.263606712131071e-05,3.020556404380463e-05,0.09661738388970534,0.10439174124134963
13.394463599729551,45.40542537006499,0.0,140.0,-0.13752751653490958,-0.02585184503945474,0.8020860118457659,113.5962288435422,48.01270736314992,16.853834015778997,0.7284955427706835,0.0,71.3940728223916,0.9799860098622152,4.53355582813323e-06,6.500784610272102e-05,5.988408411792815e-05,0.06973859464547727,0.07570552167426353
18.015,59.32347728678995,55.421168049299254,140.0,-0.1477493458284754,-0.03848287714523272,0.8306667315977323,109.54955154449272,47.040219667408365,18.34740861956844,0.7375378575497165,0.35826958010210624,56.95024884945548,1.0420500435985318,2.7226605708167715e-06,8.517670749413245e-07,7.828938983912612e-07,3.1964848735252263,3.4776878149280037
18.015,59.7642762533542,38.22250033388125,130.705978667549,-0.2315861054187246,-0.035379939909645296,0.8759315698240594,131.6222422365136,55.36896664116221,19.51762713465064,0.7413353900257763,1.0545480055327245,54.25583193609907,0.8809042207008929,2.9111069113669014e-06,0.0003950630775344324,0.0003869254392183088,0.007368714205171904,0.007523689621566634
18.015,58.17817641689095,32.286043272155844,60.0,-0.27515308821984164,0.050653111975216575,0.7971322848973181,131.50282746916574,55.0935699591032,19.405183943955212,0.7332366947210635,0.004931017650965225,68.62392405839087,1.1071365295989386,4.7553667656171294e-06,0.00010012518054146948,9.371649984371937e-05,0.047494214141741986,0.0507420440749188
18.015,61.671384219500325,1.7547410327521362,60.0,-0.14980918081023128,-0.032918723332858814,0.8055734385447105,140.92578105428322,63.38003396016101,20.163454817379822,0.7327309894329184,0.7041480906545953,77.31517858243441,1.1766598325397,7.178937428652671e-06,9.057355460965851e-06,8.30904936820129e-06,0.7926085555095492,0.863990224456536
17.372256438114384,52.962119806483805,22.976584446040256,72.66222410962183,-0.11917744754508323,0.005517785023743918,0.8324328074248113,127.9011417427226,53.87459423777057,18.918500846739747,0.7339275671802468,0.0,50.65423798838628,1.0911806567905995,2.468767288897589e-06,1.623028989837649e-05,1.5007739577989217e-05,0.15210863788357465,0.1644996087564282
18.015,56.50424583769932,70.0,78.89383898702734,-0.09423205200310493,0.003193363044052872,0.7662426955704551,71.70740636792361,41.25795217668362,11.923129962371316,0.7359123690762032,0.8877032760446693,62.991576774417254,1.3402064637727882,2.945532260150801e-06,2.35039671315306e-06,2.1607821134765356e-06,1.2532064241186611,1.3631787498516736
18.015,55.06960992829971,66.45201382127695,73.24253800688977,-0.13748939851885994,0.09277926652514175,0.8279418040231046,79.89179971896812,41.88961145779149,15.221397542679044,0.7409257135872525,0.9435327527101692,58.09679955667692,0.8418784334224925,2.5319826615920076e-06,3.0749718296437382e-06,2.8472620987367926e-06,0.823416539033907,0.8892692607102588
18.015,57.97665986729819,66.49893320166599,140.0,0.11266995183689761,0.0974197711787288,0.9081336890651671,81.89185789998882,42.78121098526991,17.22218159657137,0.7378008714006666,0.19370957609720643,42.329423205425364,0.9971539669637888,1.4215756630680843e-06,4.07986413059089e-06,3.6651956248745504e-06,0.34843701102913843,0.38785805958631225
12.272534268031116,43.27308576662216,70.0,140.0,-0.18206975277710502,-0.01974615131363739,0.8261843406826392,43.27326443389969,32.745373109594155,13.860398601295827,0.7361869228395339,0.2446726324383024,66.08778115945267,1.135822592499196,2.599515930678901e-06,2.6395817716099727e-06,2.4187567758574583e-06,0.984821140469297,1.0747322577555831
16.576645397674195,51.4508396931334,0.0,140.0,-0.06047189867426867,0.10369447164881844,0.8267862962000951,127.36981701309125,54.614148920607434,18.547458710964445,0.7360464230208973,0.19847027556788122,43.18527042881711,1.2216950065525696,1.8678574337412335e-06,2.432201274544199e-05,2.2402821404362513e-05,0.07679699263751413,0.08337599090878368
14.816882448560454,48.10646778069911,70.0,140.0,-0.10452786585997803,0.025785988290158886,0.8561345222884895,53.070059949444584,34.188313168403354,15.242303222413675,0.7364220732980913,0.12155649830288273,51.40246598729624,0.8081288548839715,1.618593507556609e-06,2.7537454400100376e-05,2.5311019669189873e-05,0.058777891523288696,0.06394817469668598
18.015,62.02240284429354,56.469943438876186,60.0,-0.1516705722719757,0.03210900324504432,0.8542651074222485,109.80900826928114,48.98179738944571,16.53733072743488,0.7287610063743702,0.0,67.85679480574655,1.005600529906769,4.126156754912058e-06,8.808544849932396e-07,8.060588686568295e-07,4.684266045309091,5.11892730835857
18.015,55.515695835821305,68.97335769209708,60.0,-0.1847348419142054,0.011720824562231376,0.8367645314687696,71.74142598634228,41.7941424649783,15.482085890012366,0.7364593094433256,0.3842186483435165,66.05903559894715,0.8607047850410892,3.321709294112294e-06,2.7972058414075066e-05,2.6040839158062507e-05,0.11875097802744707,0.1275576902092212
13.289971690363547,45.20694457912264,0.0,60.0,0.04124828401531734,-0.0013384082056806003,0.7858204028085322,114.10534858134334,48.539361714703894,16.8800828540329,0.7283776843165461,0.0,66.22407243676238,1.1783490849501987,3.8696925452446425e-06,3.652115063061402e-06,3.283134081844854e-06,1.0595757467731193,1.1786580897330243
18.015,57.39396454264022,70.0,85.40236691159325,-0.06000882486705241,0.042559297890771494,0.79992519688107,73.47757067302304,41.37473041281762,16.85996351517744,0.7404588223694359,0.9741010866589515,37.24548538087708,0.8976465137749877,1.1288025565292144e-06,5.221673984622569e-06,4.775767820254838e-06,0.21617637559400524,0.23636043438748677
16.352214774361688,51.024954165307875,0.0,125.0099392829848,-0.10927979638935637,0.05221183448686423,0.8730400155930848,126.79662836676339,54.241545785691926,17.95648502549639,0.7354487615944257,0.03502656933269703,57.29017078321766,1.8053023133734714,3.1561042223258345e-06,6.135138926042599e-07,5.651327171560361e-07,5.144307668288848,5.584713336379741
18.015,55.085446652967676,17.05618007847089,113.93824611307014,-0.07217390782386647,-0.008169866512396843,0.8069096450120199,132.15789900513525,57.36838796606516,19.417870681956785,0.738647591995862,1.038216787581679,49.16282637125805,0.8312080612988224,2.494623044021005e-06,6.756687354431087e-05,6.228548573138707e-05,0.03692080028514287,0.04005143437075113
18.015,57.17434653678967,4.181445169278653,78.86077784418532,-0.2613399593401222,0.02997341301774368,0.8425086917876862,135.64511280031633,58.69353133061134,20.06270084418358,0.7377120540478067,1.076742520909217,64.29710632422689,0.8666030075496818,4.397379677993953e-06,5.4433244323377826e-05,5.094569756506956e-05,0.08078481693778777,0.0863150351877599
18.015,55.840273140411874,20.56405852425631,60.0,-0.10114727744313096,0.054085818106220845,0.7856908123766206,131.15848701860943,56.368908829569826,19.028733764886383,0.7364479743077652,0.7098295608256024,55.8262527554336,1.2582344001925485,3.124962735649817e-06,3.095122754828818e-05,2.8645213310163676e-05,0.10096409684476795,0.10909196946147515
18.015,57.916040664996096,28.947547880902746,140.0,-0.06104422511937082,-0.006665375861028634,0.8506075464435459,132.86779425845322,57.51584871367629,19.698824427591454,0.7390434672440587,1.040769901221856,76.44169791142829,1.1477265650579584,6.345755940731598e-06,2.658690013487529e-06,2.4291434582604127e-06,2.3867979751455004,2.6123430129877945
18.015,54.818285150572386,70.0,60.0,-0.005167545213256949,0.06419930859692585,0.844106606086176,70.55254383833133,42.00567701903399,15.582313040903596,0.7370473179202781,0.4015615812340997,56.95507049765387,0.9015770282273486,2.4356326940749428e-06,1.2412365691036894e-06,1.1354299989349845e-06,1.9622630807870411,2.1451192027333503
17.575447910374198,53.348111013907236,26.07998987228054,74.47880661910199,-0.20051281590190634,-0.0023167597259323353,0.7823843691322361,126.58798927594452,53.630503723671346,18.854680612950776,0.7316230897733498,0.0,61.43662469650048,1.2119498458710374,3.6323823989195056e-06,8.207986102166089e-06,7.657705311622862e-06,0.44254246458347674,0.4743434555265893
15.423215794324229,49.25990888803597,0.0,60.0,-0.10669649099417107,-0.005943971401637132,0.848998845736196,124.63054213162096,53.16899410572933,17.955309063151613,0.7317985708323985,0.0,54.245853142609036,1.044320171420997,2.7884043447300657e-06,3.7279504817804523e-06,3.4244666766407353e-06,0.747972473979412,0.8142594476829247
13.183386725800123,45.00410309600153,27.396919599698077,60.89686239299864,-0.1508352161653998,-0.014044701461741744,0.827215716644773,104.93271174801052,44.681722599216556,16.167458442989588,0.7274352832233056,0.0,61.02026981404506,0.6934048745271273,2.9978945951654015e-06,2.3542056978430972e-05,2.1593394147454574e-05,0.12734208391017177,0.1388338755220097
18.015,56.27748464308336,38.18263224266255,128.8632785257876,-0.0594084615651375,0.04700061467444039,0.8465713080094533,125.33922918030305,53.89351423939829,18.04411303611719,0.7403392076420013,0.6070972537759698,68.28801988050715,0.6638533431478726,4.616460867981523e-06,1.3294802288177455e-06,1.2183193205705712e-06,3.4723802339556116,3.7892043490039318
18.015,55.95367072074217,55.44589303140814,60.0,-0.13991527348933738,-0.054065990504872014,0.8706407085954779,102.95105864662092,46.65474451015239,15.954257129528845,0.7295738494076054,0.0,64.95219703156204,0.6422126900261547,3.580705190124436e-06,5.748000737318209e-05,5.3251204256214314e-05,0.062294793507543154,0.06724176927335075
18.015,58.356150284463844,50.88226424711617,140.0,-0.22400469128399755,-0.11132170704646793,0.8729515595717446,114.33123754966685,48.21540363530852,18.307498734665554,0.73980935557532,0.46833332187998467,44.227083640527255,0.7184277868208593,1.7377951129137293e-06,1.7814633575762153e-05,1.6538771055391075e-05,0.0975487430332612,0.10507401711370008
9.850799551623245,38.67262575765197,42.770103310242014,140.0,-0.200349986819331,0.009599506263514232,0.8413317624951849,70.63958843052404,36.39651111596874,15.184070598728423,0.7321527670690299,0.0,51.86261382542912,0.8560141106854855,1.7517368140253579e-06,1.7794997673985927e-06,1.6152609340354926e-06,0.9843984506871721,1.084491537629713
16.13952711014682,50.62072918570464,0.0,60.0,-0.14615323131383104,0.02641670851983078,0.7773539475879416,126.23669749661882,53.776254967788304,17.940263445211862,0.731276979462034,0.0,58.94181843192394,0.9205638490542762,3.3464419878592774e-06,1.612402123769167e-06,1.4900669365261496e-06,2.0754388365829,2.2458333285758063
14.712981425868168,47.909874725193895,29.844107898175857,140.0,-0.052157544103016956,0.03127810350605297,0.853383648224623,113.89879256915535,48.363643352919176,16.874352014669437,0.7339719344366875,0.0,52.93106821228714,0.5966143302966668,2.4323328884475433e-06,4.89634003864908e-06,4.462124264568679e-06,0.49676551653847834,0.54510648835161
9.966171085828343,38.8919832171324,31.682528561868132,98.35978632890432,-0.12173065287016764,0.011360027737675667,0.880823981716713,83.02017653498332,38.766111915871996,15.877690680664893,0.73231814288674,0.0,59.024858232606654,0.8079426738946804,2.4225092171596445e-06,8.437139389851152e-07,7.589601154634874e-07,2.871244749225818,3.1918794779884427
9.7741632083138,38.52792488851293,0.0,101.66736086715501,0.012629436795230639,0.03636530633739491,0.822771990970373,94.4495903334893,42.26837242848956,15.984468383799081,0.7306819270961011,0.0,62.035462243388594,1.1687636940140627,2.9238835684921526e-06,1.5398752082610354e-06,1.360691091192632e-06,1.8987795587631175,2.1488224531031492
18.015,56.23455598679113,0.0,140.0,-0.2299676038126418,-0.056341230122170655,0.8563976294526868,133.87588768041198,58.49955570495829,19.841869631849057,0.7385274771158985,1.1145018074259436,49.84725056010531,1.0622534354538253,2.6008607261469437e-06,2.9195203926392164e-06,2.7214116823228938e-06,0.8908520497765019,0.9557027858155396
18.015,58.54808114712989,33.75417783435464,67.84451709400061,-0.1419685717130592,-0.002459853522451417,0.8235826004078041,130.68363746422858,55.784115481566616,19.058853695824574,0.7323446600900196,0.0,50.89703203095972,1.1395675047714204,2.5781002584173376e-06,5.849183137835551e-06,5.384066668220342e-06,0.4407624445438966,0.4788388438119967
13.62639941417142,45.84541896643856,56.53651010034564,107.9640556547451,-0.15770903235554218,0.06094901201748283,0.8475296969140027,77.13984361830441,39.059016784505936,16.118242904041853,0.734607515356162,0.0,71.07537598731092,1.223914564938824,3.6456450782012264e-06,6.979728457640224e-07,6.407235372660735e-07,5.223190415395877,5.689887862957184
10.885638729046777,40.638856401355724,6.142984439787252,140.0,-0.14742168232028144,0.09304743504018492,0.8560711187898343,96.63918921290646,43.1745824603296,16.178559751255566,0.7341696997143842,0.0,71.80167677587676,1.5856418958174432,4.116313174298115e-06,3.922794878959891e-06,3.557030886845685e-06,1.049331739565627,1.1572329016092386
10.15455315441983,39.24995662197179,12.035483377447054,140.0,-0.1458216749670656,0.10651447023769402,0.8124355130603752,92.63738920183819,42.305704824683836,15.861434545317199,0.7313280566205319,0.0,53.39253329478446,1.3900319888252652,2.140835501107483e-06,8.863404520871709e-07,8.003863734033039e-07,2.4153647687705146,2.6747525598224353
10.095145958617502,39.137314391793836,5.553386426685378,60.0,-0.21287705274107063,0.001398337739196558,0.8609474080452424,91.82134463394604,42.06073100288649,16.124598026797212,0.7327126089630118,0.0,60.85217172521047,1.3856046888648021,2.7873897844453365e-06,3.047664180920528e-06,2.77441752898142e-06,0.9145987283951419,1.0046756680738962
18.015,56.11219587316835,42.22883487315939,87.75558953726687,-0.02917849322072015,0.02241998472321922,0.7661471974488546,122.89738460520684,52.43732219482245,17.714137012329573,0.7293458857410711,0.0,59.16738418042385,0.7587600088115333,3.295222431338668e-06,3.8240781172099e-07,3.4957598192836597e-07,8.617037441020969,9.426341057990404
15.35525277762251,49.13022825705102,25.8146185018998,60.0,-0.1775859714124275,-0.09720914708175855,0.8073294005829006,118.30407626651673,51.00290021530758,16.841449330470912,0.7272224240640015,0.0,59.253462409378685,0.8598394082017663,3.2111209827167755e-06,1.3269891757842375e-05,1.2277572377232883e-05,0.24198546915946278,0.26154364104351524
18.015,66.54738998427179,58.93271629243608,103.07372244193358,-0.10093629244455382,0.0026991795171061234,0.8446355312946404,116.7366345071768,51.976771591235455,18.295801152177695,0.7339042187528294,0.0,68.85343518211124,0.8775741029150067,4.527108595412554e-06,1.59320710085537e-05,1.4388445562914437e-05,0.2841506664753135,0.3146350017878909
18.015,56.394951560976146,0.0,60.0,-0.1544152715823967,0.08995420170321164,0.8138963165813993,134.1520572209502,59.003800190790756,19.910698643930154,0.7376990463573774,1.161125845005666,62.73774813358882,1.4180862350670207,4.173541582836443e-06,1.5711450903808128e-06,1.4530176413362922e-06,2.6563692993018635,2.872326848694125
10.556415267674149,40.013402121773204,26.377044536792038,70.63757735385283,-0.09155940883377567,0.07471479847191986,0.8345592002585024,90.23099476237348,40.876019226468806,16.21582921594932,0.7315924548398934,0.0,53.07147496057018,1.0888278518689525,2.0512788167003027e-06,1.516507878485631e-06,1.3639011096377056e-06,1.352633142103217,1.503979139107223
18.015,56.025997115670606,30.80988251314483,75.63212044470808,-0.2760609048145621,0.03184206143571437,0.8485110224016486,129.1937709516532,54.298313817914384,18.79831264529406,0.733779819630012,0.0,43.83779754937827,0.8035417398631062,1.9234633735638524e-06,1.2795722648393332e-05,1.1985072359193325e-05,0.15032080847777426,0.1604882570515673
14.925065354208012,48.313144946248435,0.0,126.7064345582713,-0.08877762614001385,0.031179437521042977,0.8494846930028859,122.28583380621893,52.345333625660246,17.96410168676296,0.731115020735196,0.0,58.39847343796483,0.9419380703268482,3.1944765540969175e-06,1.4712834941830498e-05,1.3476558751516183e-05,0.2171217557137548,0.2370394855984672
18.015,62.545120274251694,70.0,140.0,-0.2426961161986946,0.023355146523355002,0.8575777065316906,78.0916566629259,41.70334204147018,17.02538844054443,0.7375371910215762,0.2370945275652274,49.80025167964518,1.3105176995492953,1.8440847795993586e-06,1.104506657327168e-06,1.020298009256704e-06,1.6696004205732178,1.807398194320491
11.421965449176998,41.65762850446267,34.04468342167395,139.54916913742704,-0.2521622738215163,0.06172648705922946,0.8476199633652765,88.58446853044374,40.41828601852108,15.780995109818306,0.7297652693888018,0.0,65.1189636207656,1.0798152561534269,3.1076543368674556e-06,1.4579293795162668e-06,1.3419522577848666e-06,2.1315534075447187,2.3157711601433553
14.63301706412031,47.758189665520845,18.592553431874713,60.0,-0.17810220822186115,0.00640330051859164,0.867672820778841,118.209367498267,50.730240568275335,16.851460626322513,0.7293321675014076,0.0,56.476363190368694,0.8627306879232505,2.892588731955662e-06,4.7478012093194194e-07,4.38198540034303e-07,6.092480717764307,6.601091668925288
13.889261532434928,46.34537426556166,0.0,94.53258749654262,-0.1342079122299722,0.0791434765320987,0.8154691362335,118.39182237843569,50.35039295579245,16.8597806943026,0.7294838641852268,0.0,66.85522750528045,1.1508623789197245,4.099775132616431e-06,6.4640459689116295e-06,5.927343006845709e-06,0.634242880130186,0.6916716525231369
18.015,66.63562983777975,60.00884855849598,120.19480073655072,-0.02037166790733219,-0.006212568752360833,0.8619241426761214,113.98410662703498,52.53745155375356,18.577856488771562,0.7372663981088844,0.35272283527923337,49.59657516186,1.3105310189060246,2.3050913638703275e-06,4.010688379064283e-05,3.604187778879489e-05,0.05747370890001977,0.06395591754064936
13.429262378197656,45.47148875397943,0.0,83.21586459299944,-0.11645730157830388,-0.017728115013237428,0.8124546026269669,113.74591161859883,48.45125861650422,16.858226330269883,0.7289569570116908,0.0,71.89077933983704,0.9622565391938204,4.647945531367493e-06,2.446521677458175e-07,2.234503006601008e-07,18.99817841056899,20.800802315489694
17.682585231742795,53.551559542146485,30.789007453578574,122.5379381758421,0.02546280339999092,0.0037479831045065352,0.8419956734291654,125.85030163033426,53.747262222866766,18.596583508276645,0.7372463185517567,0.2962713493426043,77.46659679155688,0.729470594017344,6.129748054195852e-06,3.841549704549969e-06,3.5068706528844744e-06,1.5956446032536606,1.7479253331325482
13.11925123942894,44.88267969855829,0.0,128.48547685188805,-0.03581942558995847,0.009393475598065233,0.8877969242741165,113.2066876291578,46.831203869174296,16.875614926039713,0.7309618080703347,0.0,59.73846218887505,0.775167132437635,3.0020335454869057e-06,4.101000204674015e-05,3.7275232335751235e-05,0.07320247246184994,0.08053695060694793
7.186109352077779,33.61066660739126,7.262963146016812,100.32248476812296,-0.07988523477543016,0.06942091873287574,0.7949862961534403,71.8371165203444,36.12366162841019,15.090710279602876,0.7300058014034283,0.0,62.03624687685163,0.6654402560102868,2.510911425009433e-06,3.108317112736922e-05,2.732377698965008e-05,0.08078041377182833,0.09189474156375001
2.147194037805158,24.03814129660529,0.0,140.0,-0.18713501364902588,-0.022380837470389943,0.8579228210139732,33.69462048950689,27.996602796128197,12.638624072134764,0.7330159706131534,0.16601986534823066,70.06506891105082,1.2990631785354716,2.528890155142314e-06,2.3834491080357137e-07,1.9738993047148086e-07,10.6102125135219,12.811647225883648
6.1084331343373774,31.56336094243106,8.281937084156425,60.0,-0.21730910108782187,0.04857360442939732,0.8300330383345165,62.1298362908563,34.32576190962527,14.988589838750883,0.7328984711570234,0.0,63.5222115368097,1.3305497529158763,2.4956993328989995e-06,3.928450209828819e-08,3.4815802207827946e-08,63.52885233609079,71.68294781781215
18.015,55.88714409572838,42.24864767400036,138.39198431977778,0.056333029617712735,0.022382134290610506,0.893594004039803,121.98243794484789,52.06924089161286,18.08920925999559,0.742038542695083,0.6313454659705847,66.53588308265452,1.1413647637219342,4.1954042781884e-06,2.4466489184115307e-06,2.222322733015623e-06,1.7147553319224222,1.8878465381557636
18.015,61.85895235844776,52.88906813415019,60.0,-0.18912166030004363,-0.01609111457044963,0.812423679691843,115.72419544726849,51.20073461724719,17.416327905494548,0.726843519501111,0.0,45.25266486628402,0.8280903129351935,1.9154002149259583e-06,1.0539560362391576e-05,9.68814294230115e-06,0.1817343559946486,0.1977056104904051
18.015,73.74814559202213,70.0,60.0,-0.05639415034023523,-0.011493095757159656,0.8495366855577352,94.18367025082405,48.689561722386166,14.41615818748833,0.7338764151223273,0.0,44.64623004947482,0.6208038365725397,1.7881536130040044e-06,4.424178634017603e-06,3.9278188720305e-06,0.40417753461735323,0.4552535825257167
10.615371702466893,40.12558074853137,13.223133094130265,60.0,-0.10018191528171139,0.04672024422962399,0.8537933226774889,94.08332153974709,42.900851484505495,16.210345402190843,0.7329485007022932,0.0,57.312022374139715,0.9387452799828154,2.5185417705460332e-06,5.03545653528023e-08,4.533296238353178e-08,50.0161554945459,55.55652307118915
16.672456296910166,51.63238163553938,56.030428436123,60.0,-0.2477046264154792,0.007302291893548624,0.8025295567406238,92.39268559324593,43.65641628860851,15.269766633253923,0.7312585429041857,0.0,63.68105472799074,0.8650166275370746,3.2033546103335747e-06,7.093220326102133e-07,6.628539241028196e-07,4.516079387165861,4.8326705083165225
18.015,55.14965867064105,0.0,96.47924183025974,-0.1103704274399521,0.10228643984401851,0.8040033196323367,133.15585908827276,58.36277335304558,19.454227163768685,0.7384873951063083,1.1569581930065262,50.45910970746692,0.8266235632122271,2.665926567128911e-06,5.413143558446133e-07,4.997062617348214e-07,4.924913847831106,5.334987314094605
18.015,61.87256702590493,44.2453014280169,121.38412509077038,-0.21418907164130851,0.057466779167307275,0.8563487769733488,129.2704133298055,54.06520914558296,19.53683236275418,0.7418279256425429,1.0322982001163223,60.53011487487735,0.5843857823655241,3.5708699532730086e-06,4.502299022482438e-06,4.149754514436358e-06,0.7931214553812852,0.8605014925221482
18.015,62.60247125161862,70.0,103.35144061192742,-0.030308708824326555,0.06916524705094641,0.8521509927529508,82.57261150846972,44.05117957914848,18.15648019916988,0.7347600797449091,0.0,49.144904828220106,1.179563550355431,1.9031561090891864e-06,5.782350201107927e-06,5.219396802452186e-06,0.32913193474939173,0.3646314279449001
18.015,64.85050827418137,49.49932770022343,60.0,-0.16246637171760342,0.0032509604454426084,0.8911749308444011,126.16133587470807,55.08162851877192,18.801062559927942,0.7314252069965453,0.0,61.889683469578024,0.7413729766550998,3.8063161575339056e-06,7.961749632245837e-06,7.267572189981329e-06,0.478075339384947,0.5237397108736094
1.5036220031776544,22.815661008117036,0.0,60.490261000795115,-0.0308015348716687,-0.0017664722957698902,0.8180304243315061,25.83959604517364,27.073927938115293,12.561765211608412,0.7320499833514489,0.14145293767745035,53.48040487694332,1.1663177126425972,1.3781199747632396e-06,8.19553638566596e-06,6.45972589984628e-06,0.16815494555958282,0.2133403175506308
11.017788162033634,40.890271545533714,0.0,119.69995014077317,-0.11397504285265013,-0.021059120823733846,0.7923543378809664,98.9194398698515,43.29790818800604,16.198016003096196,0.731539475897608,0.0,44.921226360824434,1.166977987994544,1.5876594129943822e-06,2.114314601404968e-06,1.9109156835154776e-06,0.7509097330829472,0.8308369786748484
10.602796029898057,40.101711745659834,0.0,128.4406942421033,-0.19863664399347716,0.05360870691058316,0.7850992037664257,94.07779633821208,42.96901654969587,16.137732967490976,0.7315386965042605,0.0,62.32799388548447,0.9521455948509934,3.008150716131724e-06,8.644742955359881e-06,7.88317481940992e-06,0.3479745704025383,0.38159127319174346
18.015,58.68382871155035,31.797895385705264,60.0,-0.01743498571272252,0.036249388372293946,0.8959215264536747,132.1426364331854,56.12195110413898,19.436022820197724,0.7370640844604169,0.3078019744835815,84.24804848551759,0.9156706862957793,7.79282012515745e-06,2.3652368132321546e-06,2.149681804439244e-06,3.2947314541871893,3.625104007981427
10.29464509431796,39.51612369888282,20.832733208690893,90.7342558663216,-0.11473001702436193,0.0030642606734705637,0.8656887331451824,91.36094964853251,41.99318623335734,15.88250541944537,0.730895515169782,0.0,48.93166418917191,0.9033406276928375,1.8076665675063601e-06,8.00803012754955e-07,7.209402163512845e-07,2.2573173910616946,2.50737374127227
3.893791271455339,27.356320389522647,0.0,60.0,-0.10503549729989335,0.04954885016819743,0.8079843799013655,42.56817243322693,29.512769772801516,14.16092271152027,0.7353878527724775,0.31640876902403425,71.1588321490405,0.8984678822630638,2.7674496313109874e-06,4.62776756865511e-06,3.912732416861516e-06,0.5980096429335678,0.7072933532037482
9.039984945538189,37.13261209534006,12.209766369643614,89.43446339747858,0.047117578838778276,0.08316695485858655,0.7818677110986846,90.62224078130325,39.82218592949959,15.79539499786228,0.7278348393037833,0.0,62.8466986411654,0.8215769776033587,2.841335804683213e-06,1.0856759594854094e-06,9.507943823934498e-07,2.6171122054042297,2.9883809341938616
10.387378698436756,39.69238688537118,17.310190009715264,60.0,-0.07996491544185792,0.08534402342463625,0.8253514022768543,93.14537154162872,41.5340782300362,16.225734143144468,0.7317821066810423,0.0,52.491530126555745,1.1914263138371617,2.0369510729051078e-06,7.258404070230086e-06,6.513198351716898e-06,0.28063346338894823,0.31274206049139613
3.867237375538178,27.305807488656214,0.0,60.0,-0.19932770205302575,0.07671868555689633,0.8158610537462355,41.11152514729087,29.278749356076926,14.129960817418855,0.7355574529372668,0.3276930012278083,70.90879003259566,1.3845786887967246,2.715935967397536e-06,1.7928920895308315e-06,1.5395320050709843e-06,1.5148351555883373,1.7641308907198137
9.620419580465393,38.23524227765188,5.9704530754076615,140.0,-0.07130485987043367,0.02915219524400789,0.8671332076920839,92.23293499317994,41.5687003284296,15.918740235379133,0.731287041021985,0.0,67.11203792259717,1.3283703403173053,3.409620918623826e-06,2.729884303922435e-06,2.4394514941481254e-06,1.2489983233812185,1.3976998217849341
18.015,55.049228881434544,51.27097661790006,104.17608188272203,-0.03174033139487002,0.02492110806948468,0.8667197737392606,110.69332314028622,48.62146017781913,16.81048371912049,0.7294172337132991,0.0,59.86679051180085,0.9429080279438619,3.125197168986783e-06,3.6435184289740375e-05,3.343581726250455e-05,0.08577415566597789,0.09346854435920811
7.632650351849291,34.458937085910904,12.372873186710944,118.45894771069777,-0.17133761502888373,0.05003493054328456,0.8288395234017056,71.3290845715034,35.93849769547714,14.815336679164245,0.7311138529931096,0.0,58.87590559223519,0.8702188724301243,2.2324439515751306e-06,8.950841655934425e-05,8.05425073540363e-05,0.02494116237767446,0.027717586960163767
17.95887614132992,54.07631595588072,44.36357881529307,132.87347736221278,-0.22079857884441784,0.025018656981042907,0.7829463813730898,115.88919997945008,49.94632474710767,17.57751965967951,0.7346165365190335,0.18589071450485137,51.346385658189426,0.9881184553868316,2.3529898613489413e-06,1.7572896512664564e-06,1.6422800353698781e-06,1.338988060194386,1.4327580014811514
18.015,58.0834414082975,50.34332215210667,140.0,-0.19789664524241363,0.02482162067283186,0.865980874933119,115.10150565774254,48.495204023258545,18.324602598996776,0.7401512063283298,0.4843793484981853,45.04544604110967,1.1618342882522212,1.7871156233466572e-06,1.1800994513232866e-06,1.0927850262192151e-06,1.5143771326583553,1.6353771148655525
16.408476454523417,51.13081707489549,52.337086875164815,118.5729263600356,-0.1285035272659257,0.0410138978748628,0.816362007765245,99.06446489833642,44.93022769345647,16.585613022132545,0.7270723546152108,0.0,71.43560893155426,0.8151557928622867,4.252695093381838e-06,1.6027359630864751e-06,1.4792726588592987e-06,2.6533971853930285,2.8748554689445753
12.047423275655692,42.846554981237496,0.0,140.0,-0.30189860670230634,0.03104144421091781,0.8635274955243806,104.88183447565447,44.57151845679776,16.271538974374607,0.7323875281794282,0.0,60.45344794434178,0.9380840293290483,2.92449649076286e-06,0.00019102105770696132,0.00017924031232323775,0.015309812048309498,0.016316064465949447
13.284950585720548,45.19731239707483,9.210696289390114,60.0,-0.11350600407041782,0.12413620469780445,0.8636985488603468,112.8186394250754,46.59409543494152,16.867561180334352,0.7308879731173608,0.0,57.838648182681204,0.9708963348932188,2.786420447274269e-06,8.965978345227914e-07,8.184203240872979e-07,3.1077706637082434,3.4046325161605493
15.06805997005676,48.584910506164114,0.0,140.0,-0.11192340492775385,0.11752133154341773,0.7980728941900631,123.1298584976885,52.811925499437045,17.958199942815604,0.7303295025314971,0.0,68.88981471691248,1.2563799346026159,4.593703908796558e-06,2.2050261945108236e-06,2.023897360410527e-06,2.0832876816756607,2.2697316566808365
14.816093192342787,48.105770613001674,35.63710815437743,123.37841213525299,-0.12804800478161865,0.011217955593893497,0.8783278098850459,109.92815195053356,47.3909528225845,17.17453802716263,0.7326915269163256,0.0,58.72222487387514,1.0869499793488129,2.921150221324447e-06,1.006895998874115e-05,9.252467380469024e-06,0.29011439360080893,0.3157158086815507
8.5148446992215,36.13503238528066,8.603402385297226,60.0,-0.11105198088115348,0.05674803418639367,0.8138966094359282,82.54309933548485,39.346107802388275,14.847676715775018,0.7296075913358314,0.0,62.177985087249034,0.927138269019913,2.740984321878614e-06,8.994283822900612e-07,8.006131950213598e-07,3.0474736797828337,3.423606229479501
8.101990085160958,35.351458209072554,0.0,60.0,-0.17146789959012004,0.04565824260403683,0.7800754620693491,78.98936425277046,37.28098307525331,14.816400382913896,0.728460454919131,0.0,55.23245096001413,1.1559422941106503,2.0246418496519318e-06,7.2987438232165215e-06,6.543098420939302e-06,0.2773959326003145,0.30943166668143773
13.497781508705922,45.601376581402874,25.69634269153601,90.24094154709921,-0.05748995838398843,-0.015735732945409402,0.8265554485910808,108.41390220758618,45.64714539148978,16.804034119454133,0.728080696285751,0.0,62.31852722375276,1.0994143468021658,3.1904404267724156e-06,2.4316974544989462e-05,2.2269210853414217e-05,0.13120219461799,0.1432668830419409
17.430591647224222,53.07283803905938,32.6568439376513,91.05267024949744,-0.13153958635502452,-0.06166238716991213,0.8470162950009879,123.27764933297985,53.34449251537944,17.91634101787039,0.7338361244950589,0.0,53.80540062790743,0.45232815355776235,2.777451055126004e-06,4.639160679396464e-05,4.305549971697185e-05,0.059869688658581645,0.0645086242961703
17.39497157449388,53.00482127246784,70.0,75.83539086936541,-0.1721960355843771,0.08139660454595266,0.8563939247094869,66.67841895343022,40.472274774257436,11.983399261392488,0.7361567617430976,0.4990474247543259,71.05182956901862,1.1014936764451642,3.7774056567631862e-06,2.0155471923480973e-07,1.8727376591861206e-07,18.74134066968949,20.17050086131563
15.5344667976114,49.47064964499977,37.064367566850514,60.0,-0.09567073932875138,0.0667761638904646,0.8077481866277697,112.65986083785789,49.51112201240228,16.629860117390905,0.7256941272055653,0.0,62.15568113082731,1.403339273002205,3.432849832138858e-06,9.62915639027408e-05,8.857221229719181e-05,0.03565057719496803,0.038757639028145816
5.5844850018159065,30.568169917508946,0.0,60.0,-0.15136473491714353,-0.02830084703233204,0.8705335354895158,58.10670686512727,34.521737454111324,14.141323582139464,0.7335913813834398,0.0,73.03430223838676,1.141875615325544,3.429259387768289e-06,1.749690287657231e-06,1.5250918511146753e-06,1.9599236573233412,2.248559249242513
12.736610342944513,44.155788948906455,0.0,60.0,-0.0905749721992441,-0.036765468011735705,0.8661902503309957,110.51024925272954,46.21000548418247,16.864751360474912,0.7311036524939933,0.0,71.61320923765096,1.3365601144972723,4.384799677819455e-06,6.986389837569476e-07,6.345498618722157e-07,6.276202416074882,6.910094763683766
18.015,63.879953935191345,70.0,60.0,-0.08493501903297701,0.0004777184254506129,0.8237460930820462,81.58930166870275,43.148921818974465,16.58931351606636,0.734366835519935,0.14416813877892556,68.94491253344442,1.1406274300215802,3.762609508771702e-06,1.1910844474290258e-05,1.078717508586014e-05,0.31589779523134176,0.34880397127360446
17.777576358665947,53.73168067296865,62.99403672492258,140.0,-0.10736347752023824,0.1224605948946434,0.8145070682166675,82.30755294119298,42.296345814781965,16.4544108066787,0.7345009653608661,0.006505690861885314,58.85626050330258,1.0849598937415583,2.6196105797054847e-06,6.396297807638903e-06,5.914491086321147e-06,0.40955106508283023,0.44291394499926445
13.482660763582386,45.57271992970769,25.110491603156163,60.0,-0.0507943794952275,0.11460847999315514,0.8114832726465783,110.45555968149768,46.081467384885705,16.745489508009367,0.7275936370706848,0.0,72.23316357287196,1.4771693883531676,4.456122981898372e-06,4.283880480565244e-07,3.885487775411832e-07,10.402071211170675,11.46863209838836
18.015,59.670792808901574,69.59242385753437,140.0,-0.03616846523187242,0.019011001872842343,0.8259632853662745,77.52606268979447,41.54660587370675,17.19381159114872,0.7375260643593378,0.27898726609206875,62.46575592457717,1.1380265480788214,2.9176422895187944e-06,3.90808808207239e-07,3.547608831598123e-07,7.465651306332942,8.224250271145193
16.736804270323557,51.75447133162302,64.5397759962219,104.77032814750689,-0.19128411496716652,0.10658412999939246,0.8263840641395812,77.83266392508985,41.69193805785208,16.076639830128915,0.7326771761527159,0.0,54.27226676835305,1.0323922490645723,2.1889588207238827e-06,1.8155117940103208e-05,1.6879267309740985e-05,0.12056979348443929,0.12968328426558182
18.015,55.39363112987556,70.0,60.0,-0.059107691010780124,0.07632924834068686,0.8351125394076534,70.56518411073861,41.942763032992026,15.553769356496026,0.7367252221702528,0.38889193962939367,69.8169324869095,1.1816123129366314,3.7610600269866235e-06,0.00010883446174332704,0.00010029760582458721,0.03455762050678975,0.03749900105855396
14.098767084247834,46.74307562136074,19.59135168073551,140.0,-0.37285625775534764,0.025813648115558564,0.8448978588182586,112.37222184464461,47.67725595179912,16.823148309277254,0.7303753679376332,0.0,52.13725222655118,0.8156490137159912,2.319806101699651e-06,7.636030611807132e-06,7.183865692715891e-06,0.30379738107815796,0.3229189131489231
16.030246660628745,50.4126351750974,23.016403008482044,60.0,-0.07081632279472033,-0.03772536579844486,0.8518167710224598,123.06560880972006,52.941074379376545,17.617934929664248,0.7306715050833852,0.0,63.67118313506238,1.2714470154351103,3.870420148903767e-06,8.744342939415434e-06,8.019770970069135e-06,0.442619894452871,0.48260981059792063
18.015,56.263530937283214,70.0,134.02522067480464,-0.13272144861025142,0.1122555067791793,0.807327638863391,68.52191422448189,39.84687213586054,16.50839654056285,0.7343881860779211,0.022921727985275385,75.63782351331304,0.7390651954227905,4.299660035538602e-06,3.441868014590395e-07,3.1770604761206845e-07,12.492228107852908,13.533453542529525
5.244570080640326,29.92220609217734,10.113200279634242,60.0,-0.13770392835668857,0.053278459712303036,0.8472718611042732,55.421901143199705,33.29187718739144,14.149068305808774,0.7343966247251852,0.0,50.83236808613967,0.6026703852110094,1.5484779912789296e-06,3.5510739524563976e-06,3.0880193048136264e-06,0.4360590660771216,0.5014469918841347
18.015,60.06217460070218,55.965807198074586,100.70182613788931,-0.0450985581264266,0.03768908232199002,0.8347003486961762,110.76384795082078,49.67557024051492,18.48363626514051,0.7324510456319667,0.0,59.031419392072564,1.2012471569532808,3.09235331577751e-06,8.610391031261972e-06,7.822449545693284e-06,0.359142030199328,0.39531777069499047
18.015,59.09275236852852,0.0,60.0,-0.04257964673213219,-0.04699304602255694,0.8717632177717458,137.69163299995557,61.2411243617072,20.35735731827479,0.735368971971349,0.9154491569631455,64.01417572856833,0.7296981671408114,4.55039930229778e-06,6.016278280359198e-07,5.471796663799194e-07,7.563478765856059,8.31609721977193
18.015,58.94525161555744,70.0,60.0,-0.19746299332982536,0.01801312652339578,0.7970922031972001,73.12630692492706,42.12340716635326,15.475354602564204,0.7340659284277833,0.28303047892195105,50.214028361518935,1.0829826474154622,1.8985133185761164e-06,2.089520828316173e-05,1.9329303471622022e-05,0.09085878890740808,0.09821943772383653
10.17366770215987,39.28602026435425,42.57455173225172,140.0,-0.08657514396219029,0.037407058219086284,0.8381150964245805,73.44222504507309,36.65137818512832,15.808630919446772,0.7309577268135776,0.0,49.57215213964418,0.829254773778332,1.6188164234434103e-06,3.646895444814385e-06,3.2732972080750883e-06,0.4438889043954488,0.4945522268646603
18.015,57.98756080743194,65.40152864869758,140.0,-0.052268393469211444,-0.030470146218834877,0.8559513269535106,84.80094494383916,42.41453925390888,17.075018926927868,0.7365825637444625,0.1654469995795945,42.38419819804375,0.5698597287311746,1.4291000138001863e-06,1.6494351838913505e-05,1.5084452577207566e-05,0.08664178063842745,0.09473993215766675
7.16952034710094,33.579396795945875,0.0,140.0,-0.14262700908003903,0.0011414336592935,0.8203162201654818,70.86521146123067,35.99596339234475,15.044000250949988,0.7307401834246292,0.0,54.4928397414243,1.2814828113723946,1.8997353436583242e-06,7.225530534140355e-08,6.391704118059994e-08,26.291984162023084,29.721891197850546
18.015,60.62867658038292,70.0,77.67686258328978,-0.12445914966208305,0.03529777476021203,0.771110783571508,78.28796437087449,43.2103512912556,14.921286196242754,0.7397111576999476,1.1601231000520298,67.46843084187027,1.044425750088635,3.5929156576929757e-06,1.2658949858441138e-06,1.157997703473703e-06,2.8382414796415176,3.102696703901164
18.015,72.93674969508056,40.62390797249823,60.0,-0.21178188966585743,0.019983699994277872,0.865794780095099,144.19430309777883,63.706821895193706,19.900591223799044,0.7360678620765526,0.8555570808558443,53.931985280396766,1.0069771477519078,3.3041706365074386e-06,7.835831368618122e-05,7.110081777954725e-05,0.0421674546205828,0.04647162634264259
14.879178214012532,48.22548837473874,45.42230961177876,140.0,-0.007978984061110084,-0.011464746453242936,0.8247070296467174,101.03827936730444,45.627439689698534,16.355900176016245,0.7305648239699695,0.0,51.28913028928016,1.4206644069674803,2.1324472626745345e-06,4.9398274565766806e-06,4.486412633936193e-06,0.4316845641714637,0.4753123345240791
13.035634799261816,44.722833040872025,70.0,76.63331545987484,-0.12827187922417244,-0.01236770634201029,0.7792516081240355,53.26937569288007,33.69513834137008,13.870433036316568,0.7323069778955145,0.27395294517494423,74.74673453887766,1.0406866668197694,3.5317945577982695e-06,1.5505435518121677e-06,1.4160694430117059e-06,2.2777783659611193,2.4940828821832532
18.015,56.83090675758371,70.0,102.9598030269182,-0.08777891058533635,0.09358772522104149,0.8340549053981543,73.36555975205748,41.1646932786065,15.847012843771255,0.7346367473062178,0.0,66.17151424316162,0.8864818380298898,3.283231200464079e-06,1.0224691625039769e-06,9.385341686986137e-07,3.2110809018666213,3.4982543097143277
16.041554718489422,50.43382533978921,44.55435872807085,106.98424172832063,-0.007988953483824418,-0.0450223713994726,0.8134995720141884,108.25053687738516,48.32073634421172,16.810307392529772,0.7254594843365922,0.0,57.84493911578131,1.2633674079475106,2.881652954556927e-06,4.983643595565578e-07,4.541069802024001e-07,5.7822211787396025,6.345757894477959
0.7206000000000001,19.0959,0.0,124.27883470673879,-0.1628633457694551,-0.08854856323918632,0.7942917048801268,16.41602029205264,24.678934243143747,12.577447613451048,0.730864306729045,0.05002631489143662,66.50009716857762,1.1457451478185419,1.986049803977746e-06,8.189210953985607e-07,6.479606114183302e-07,2.4252028860132797,3.0650779831052586
18.015,65.58778783647848,70.0,60.0,-0.0853548639581591,-0.002889256995869767,0.8433739143681536,83.47402049342516,44.188604429774784,16.588994722242628,0.7350345520287641,0.18458834832786955,72.02540642508151,1.2576195592249433,4.249836111869466e-06,0.00018650011392547426,0.00016973328898608122,0.022787311076751984,0.025038318277199996
18.015,58.07835709022175,7.71331208009267,71.58421798046139,-0.18732490870485774,0.04192763769246855,0.8224825602157064,137.00544916708668,60.13534617775996,20.629799665889223,0.7363478719089499,1.0627279933463771,65.79071690548318,1.101678979238375,4.72801647849427e-06,8.23193608602326e-06,7.615427517478191e-06,0.5743504843923433,0.6208471510815361
18.015,56.61996155789906,0.0,60.0,-0.06233579719305684,0.11712552915904506,0.8435296016983964,134.28076854131942,59.2581040293912,19.991096637177584,0.7382972904552227,1.1973185910898119,51.121561755107216,1.2697708856603107,2.7571642723529248e-06,1.4010542437657081e-05,1.2843172196742705e-05,0.1967921145538454,0.21467938217414845
10.14430144314737,39.230549825576446,16.02048384385848,89.4495471006023,-0.2895489122809746,0.04528645454513808,0.8475857473884181,90.28028912496843,41.76894152605644,15.736909454453826,0.731922282982988,0.0,83.64722082361683,0.660685035566952,5.70830891144815e-06,3.4423877986747235e-05,3.1735601846666396e-05,0.1658241094639534,0.17987082580089048
14.316987470690343,47.15792014892598,2.916325949364765,79.6089508982264,-0.23476262519219854,0.07600011961220816,0.8418132813123659,119.6789351212329,51.26115079442009,17.555671183578095,0.7300371681616323,0.0,49.95535235319462,0.41153088849002906,2.316379844593926e-06,5.095154016917284e-06,4.727413253965421e-06,0.4546241069264876,0.48998886286298615
18.015,63.96285056491945,15.576327130115118,97.29399280457659,-0.1694828896498526,0.08803278292638159,0.8377559996120015,143.89105248838504,63.817975528301,20.15738342757754,0.7345122296209408,0.3800632049296595,50.69835892115754,0.9642984347742974,2.934951067394889e-06,2.1982755842522305e-07,2.0092138245217958e-07,13.35115164094973,14.607460050168747
16.71144401656599,51.70645413539103,53.5126488438644,60.0,-0.2084304468841834,-0.05525728469480707,0.7224268433294845,96.24247777408301,44.1183718881204,15.284488840565816,0.7253163154676489,0.0,71.1350654946316,0.8004334086995147,4.136682161576477e-06,6.710647414865883e-06,6.246764364158477e-06,0.6164356292080876,0.6622119741399504
18.015,61.38676855419195,65.64216912437549,65.5738033384788,-0.13506767553848603,0.039495304001697325,0.882327439453223,89.96317494028145,44.75070539978132,15.962127937563777,0.7383567465769617,0.5565427502763404,46.415559042392694,0.8141503204479861,1.7518336215033891e-06,5.985457708783309e-06,5.478597245130881e-06,0.2926816472084793,0.31975951929307017
14.46247208500487,47.434083497488956,26.56270097061914,87.00716708493633,-0.07121301471630498,0.02457447489772992,0.8205576008629986,114.6077825343531,49.72007955210069,16.86921338818913,0.7274202201488571,0.0,65.61951984792104,1.196134684730068,3.884192926513322e-06,4.255020553895955e-06,3.884259156915477e-06,0.9128493922213612,0.9999829490259328
16.62368733055764,51.53960123397027,61.08691026791399,109.28745964360309,0.07861298364398529,0.02189029887311665,0.8496189363765008,85.37341059620483,43.43378262930648,16.09174576343761,0.7335096528566233,0.0,59.31514773468478,1.3108904382915498,2.7284379810123053e-06,2.087690122209566e-06,1.892612426769668e-06,1.3069171291209567,1.4416253124097012
18.015,56.71755676258945,70.0,75.65171417418121,-0.1756710670077971,0.012926581016664686,0.805091868917808,72.60524693021964,41.10823765439925,11.972101290220118,0.7366920481135076,0.8023896231159522,47.61792633201662,1.10890184356337,1.6763995795418307e-06,5.5666330762985566e-06,5.156462893226092e-06,0.30115144227478446,0.32510649533502356
18.015,67.5889376748394,70.0,87.86765614554206,-0.2895293821876543,-0.017412726531080374,0.8404224133441227,84.89138182733271,44.81348924144363,15.628716159872571,0.7388447598335927,0.44286982940774405,51.72369360523346,1.2581957376733275,2.133429174598528e-06,1.061589829492928e-05,9.78830724767893e-06,0.20096548735942277,0.21795690721747837
12.927539380743431,44.51821922047288,8.40488545130465,66.69577580227833,0.0135203618253278,0.05407847280774282,0.8520715208795521,112.32968751105983,46.982286851074214,16.88161909936695,0.7308900010518086,0.0,57.070605926171055,1.094263061544953,2.7295697314288173e-06,3.039707089400994e-07,2.732678877065136e-07,8.979713015594236,9.98862235273082
18.015,57.075916482152735,46.67398077688412,60.0,-0.12507182676726353,0.03525273326313249,0.7837089419098465,118.14908936133169,51.97102343676925,16.00141935247534,0.7257927293301246,0.0,63.15563837107029,1.1917540845796966,3.7354796341488763e-06,3.8670233729504935e-05,3.568892171340036e-05,0.09659832056558658,0.10466776396739076
8.342044327667478,35.80619987114632,56.07592765927768,140.0,-0.18441883084449687,-0.050361097067849414,0.8404832205176096,44.25967952459453,31.755981584726854,13.832182169999585,0.7370346672330002,0.2646894192063682,76.42069950244029,0.38589938112699673,3.517341565418223e-06,6.364234095873886e-05,5.736183169520636e-05,0.055267319090267525,0.06131850154485499
17.662327134507336,53.51267433708808,70.0,126.03676857441937,-0.04154204781811817,0.03283420819821853,0.8406708113984459,65.95921374503764,39.322783044701694,15.469068455537522,0.7329342862091294,0.0,55.43874954934755,0.8694799988057269,2.1592013775450083e-06,0.00018314350445113178,0.00016991483525762195,0.011789669439907155,0.012707550663667857
18.015,62.92688402350352,70.0,78.16949129369993,-0.28802568354968877,0.1433452902202457,0.8448484801150702,79.89114835336778,43.81751914474785,15.31634204055386,0.7456743245570057,1.356748068944353,51.96348050368751,1.3570433001427789,2.1023922397650697e-06,6.255776497087091e-06,5.804272057919179e-06,0.3360721471977167,0.3622146272238613
14.662445949642608,47.814564769469406,0.0,106.2619199793615,-0.10686330835247643,0.061693936941186425,0.8215713100358553,121.78100189730422,52.28930447187142,17.957976619961585,0.7301844919314948,0.0,53.7343268309207,1.3144928408669105,2.6821941752328274e-06,1.621922786284674e-05,1.4880704378351453e-05,0.16537126168483698,0.18024645252242907
6.2379566957436365,31.809488928612875,0.0,140.0,-0.05382702425905471,0.0876009336549314,0.7886028548544831,65.25352453170838,35.156566673594185,15.109849693166755,0.7304900663472538,0.0,63.00103181938033,0.841038150943731,2.5212237473816146e-06,1.1660105298645297e-05,1.0226112381423137e-05,0.21622649905867808,0.24654762761669782
10.340561019439937,39.60305925080828,55.47641547939557,62.50523935851676,-0.21071853768983956,0.07467536063858114,0.831024609050902,60.07948147457635,34.1540179887687,14.45097859829271,0.738628631291289,0.3914392663499256,50.75384717489253,1.1804528626971447,1.5690029834450005e-06,1.0901883935785867e-05,9.937860704694738e-06,0.14392035291209493,0.157881362002165
16.375575150429903,51.06862784312324,21.483114273051473,92.22240093919072,-0.15646204714770462,0.029138145340346346,0.7920334861157597,123.69914539283126,53.762349986478974,17.936205254622685,0.7314604448119734,0.0,52.08738672717949,0.6450500163461799,2.6184566048541803e-06,2.2117409563406845e-05,2.0480843089613423e-05,0.1183889368846524,0.12784906331234452
10.379328879604843,39.6770581009236,4.63578024305723,140.0,-0.12128275199093638,0.0640321252110186,0.8199634624378255,94.5123507568249,42.84070316141218,16.19614005329067,0.732398926755565,0.0,50.40971760846357,0.9782642621395713,1.948384568043572e-06,1.8884127958120936e-06,1.7025581716038369e-06,1.0317577662916058,1.1443864888376547
16.04445960478699,50.43944137770491,44.306971703072975,60.0,-0.10277423205324161,0.13082238106459707,0.7830139953044394,106.62190849766812,46.64627800941118,16.80653272445498,0.7252345340860913,0.0,59.64205343387272,1.1073025391839424,2.9697945308918874e-06,1.2569349695987255e-05,1.1566525028141077e-05,0.23627272712764047,0.2567577144964843
8.000115346665307,35.15762555933321,0.0,60.0,-0.13088485009702613,0.02414547634952541,0.7904159139782636,79.19142738676234,37.38641845721103,14.83646134673094,0.7286828234899497,0.0,64.60558988975012,0.8509184638875569,2.8306896486258964e-06,6.224256889964017e-06,5.548495426262479e-06,0.4547835506580868,0.5101724758080366
13.171176943947811,44.98103849036681,16.668431642800552,60.0,-0.0032951866469036334,0.005311321412025744,0.7661313555983608,111.57366938472441,46.921564356880104,16.87323742188971,0.7263233242714777,0.0,77.14912956079125,0.9246071005553914,5.294753101570807e-06,3.2718612746896986e-06,2.9493543013161493e-06,1.618269436583297,1.7952245002263794
9.138317326385963,37.319353069346995,16.5691366139017,119.5441273190541,-0.005146077279010272,0.012999036592457118,0.8765281546888684,87.74660658378373,39.72482236744845,15.750212595857471,0.7296328654134322,0.0,80.36609160114338,0.9780602155376066,4.930942218894106e-06,4.5596587879749284e-05,4.034291733520854e-05,0.10814278980476245,0.12222572249604559
14.959830702382888,48.37888907280005,41.20292709385445,60.0,-0.13339115826542108,-0.005717984738595323,0.8300988300237703,103.01501357140637,44.733533090644755,16.797247326722474,0.7258543216354397,0.0,68.85545581504208,0.8894597497694962,3.896148427003889e-06,9.64827722450763e-06,8.876576676998984e-06,0.40381804298774354,0.4389246630516472
1.9314042507171356,23.627642379829858,7.107922209593777,140.0,-0.2041499296159287,-0.008993827495330136,0.8727876860471251,27.672836010116686,27.962033500690563,12.648399100057734,0.7331569290926877,0.1311718136243146,71.26502658226251,0.96878786244754,2.6296878762462317e-06,9.761698327224426e-06,8.153136949584995e-06,0.26938835724028554,0.3225369440629948
17.334614367087543,52.890459953293174,32.873273112084995,129.04264803624454,-0.055136878711637624,0.044479499193461565,0.8361988340787974,123.7492520155622,52.32376807302158,18.04357104212097,0.7353205048825898,0.07748727330323996,66.5493645225259,1.1737654833627955,4.216849950171159e-06,8.155431490488516e-07,7.491435143510702e-07,5.170603119024628,5.628894690256935
17.863805541685608,53.8959215016414,26.442477992774947,81.52786859820037,-0.12628718905763267,0.07143148295551764,0.8481372169907513,127.99499710810913,53.861966274974456,18.916271686078286,0.7356208950449544,0.0800490425802595,84.20490489896767,1.0414404908270587,7.46608720887253e-06,3.90793575504063e-06,3.6198192820597462e-06,1.9104938455660223,2.062557997266699
13.630044969222977,45.85243186314199,50.748891096864234,71.8691928487469,-0.22045261320834486,0.02855941222779458,0.8682531422086484,86.87530868745442,40.4671596387174,15.26635614439395,0.7323460966090286,0.0,79.66646982128619,1.0461471697476323,4.919314019456263e-06,2.7692304919188404e-05,2.5620284458918486e-05,0.17764191293616727,0.19200856365760754
0.7206000000000001,19.0959,0.0,140.0,-0.058478231044524445,0.015771074946923494,0.8288153086101355,17.407355274923532,24.789692025574766,12.56179930788357,0.7323034296468934,0.062359906507578965,61.044183655757465,0.9557315167759367,1.6600800522767022e-06,8.814136458250035e-07,6.809474684855883e-07,1.8834290348691693,2.437897384314656
17.44588730328244,53.102034014412446,11.213093334998945,140.0,0.025121835974749304,-0.01645566668437585,0.837337298815476,130.11023030399585,56.166330914636575,18.597135428645498,0.7384668285091158,0.7311285817895082,62.66115590940611,0.9498906456610028,3.977358576467374e-06,1.0055737670867696e-06,9.17203144508537e-07,3.9553125853612023,4.336398757767619
11.193591302405872,41.223644038981796,39.196892311106765,140.0,0.058430832678221564,0.057134227782026335,0.7973399962383577,87.02463965751899,40.38597186754169,15.800845202634518,0.7265917264106598,0.0,62.02715127205946,1.2486127496210628,2.7910514277494674e-06,7.395042191074562e-06,6.564120572946217e-06,0.37742197483580603,0.42519807440050444
0.7206000000000001,20.33695161844454,22.532345912226617,140.0,-0.22868657789749752,-0.04505280763131011,0.7894556233782665,16.697146809712834,24.61079360580055,12.586444266475308,0.7314682746108635,0.02651860735004116,58.722637573106,1.1408536114454508,1.5162091896246245e-06,1.3455654419017085e-06,1.079548586251761e-06,1.1268193596602352,1.4044844381566632
17.890934814092383,53.94729126421559,40.659149706596246,119.87568756552844,-0.12794886790652274,-0.03139664452282702,0.8054460443740743,119.83585655993647,51.38637986711402,17.172494848616232,0.7343780669657897,0.10587206345499317,57.455970920264996,1.4615690241937127,3.016410753569447e-06,3.4727201301464242e-06,3.2193457146823768e-06,0.8686017417252287,0.9369639115838321
16.516225207758936,51.33543736183841,70.0,60.0,-0.17615868341146504,0.1131748707453329,0.8416689482896946,63.3301183604162,39.241263263212495,14.87798461196565,0.7379675740055448,0.40445931621764186,55.00094539624791,1.064813855310892,2.115353108922136e-06,1.1699075240831604e-06,1.0850719535266336e-06,1.8081370239753842,1.949504917205671
18.015,60.53349462185917,70.0,139.14406615468368,-0.18503167468323306,0.022180189428585597,0.8747724387396278,75.67301084453206,41.260930522106456,17.073286207143674,0.7388406970422122,0.30173295493192087,56.00935076162285,1.2576051442720166,2.3027514571693907e-06,5.307596233879118e-06,4.8906032342787356e-06,0.4338595770474421,0.4708522337345159
12.404798512950356,43.524592086602894,62.37315653591875,87.82453860252886,-0.05524192441568078,0.06954906924267337,0.7936718125453436,62.00102792044967,34.891213156136224,13.676237442489926,0.7380790428713859,0.5848722702643117,67.18718630649582,1.2130351303391442,2.8711359860344245e-06,3.3481400626891956e-07,3.024510711517032e-07,8.575316242082042,9.492894090609195
12.808745232097356,44.29209242383075,55.607815863824506,67.16689445562758,-0.06783481195959923,0.02908024830273187,0.7953187017070248,74.76354797391495,37.86095428329602,15.260932100226617,0.7357213808863249,0.2513417589359801,66.39801793929523,1.2043654748045813,3.035342551033546e-06,2.433922049875404e-06,2.207240936229635e-06,1.2470993272725928,1.3751749984387558
18.015,58.75660243878541,37.75611940627239,134.57951982404552,-0.030756630736553006,0.11910769984945249,0.9310044915280903,130.370154247092,55.8524415583679,19.68509164263594,0.7417780115893351,1.0312927786453505,58.777227418881424,0.799126447240902,3.4601869833699796e-06,5.4252173811461915e-06,4.933594976173689e-06,0.637796928726742,0.7013520566809014
14.757306028726713,47.993923465127764,54.65168370210107,107.15374161383698,-0.208849966584158,0.04166147027684764,0.8121682106283329,87.67410077243957,41.70552749633024,16.58930473718278,0.7316548299246433,0.0,60.40786931264527,1.1934618983035454,2.725534126111703e-06,5.600989452665368e-06,5.192158009012959e-06,0.4866165432278561,0.5249328162549184
5.413192692178489,30.24255443538694,0.0,140.0,-0.15759686668651696,0.04790399319922856,0.8174893072465874,56.710399060187456,34.051029239679636,14.14294306287518,0.7330436144572737,0.0,35.49063602631027,0.8394490164283237,8.70033699626043e-07,1.3868283367936911e-06,1.20798040176176e-06,0.6273550060547053,0.7202382574726841
18.015,63.622873700754184,39.24508367851263,60.0,-0.006199353554413506,-0.047726170997505146,0.8797194348655354,134.51725074621672,58.75848076773279,18.937812633656357,0.7360596261492287,0.2084625899868409,41.436939931911006,0.738720225954351,1.898369326147603e-06,1.6625689819407512e-06,1.4936924530179243e-06,1.1418289086156275,1.2709238252573687
17.787505048437,53.75117654130464,4.461278387588923,74.6030035421197,-0.24801676759323432,0.0006928182759762005,0.8649583716965958,131.22859661622334,56.5598039424604,18.9268656698169,0.7395519778572837,0.8110080152385135,60.28928507004786,0.6953699519401526,3.6995628416839735e-06,3.832616741596869e-07,3.5913655961491377e-07,9.652837972373261,10.301270485106977
7.675493334215587,34.540865009182745,0.0,140.0,-0.1815556428143481,0.0850323482620124,0.8302437050737195,75.10688999952595,37.25738237091957,14.812239986373095,0.731156009600106,0.0,45.05791224387383,1.0005197893865516,1.3780805893149391e-06,2.7849762845979484e-05,2.4946501137194294e-05,0.04948266873711943,0.05524143773654386
18.015,55.03719516884056,33.73857125713751,107.00227226847593,-0.16198453379968838,-0.011428063001084109,0.8563654083986743,126.95385472824141,53.54911897090459,18.905445490784572,0.7373179330394896,0.2737624931394145,55.638947485091926,0.9595708140579833,2.9584781750415396e-06,5.555715438975999e-06,5.15940701606772e-06,0.5325107463723576,0.5734143799525949
11.02127061182616,40.89654087075357,26.746524753470297,60.0,-0.0012618270562832073,0.03963668503386654,0.834029966315034,92.95968986631705,41.15679282973086,16.280101323120093,0.731801451452607,0.0,55.439213168064164,1.19887098379868,2.2510294911645565e-06,1.6686434946707922e-05,1.493735148483162e-05,0.13490176292022543,0.15069803327921966
18.015,63.793297677043626,57.55199506207301,64.96626518363603,-0.11245463281108045,0.06667406967825998,0.8592545010303613,112.0498644091031,50.899063146227235,18.12570057203562,0.729494596449902,0.0,51.87868522340684,0.9113834113976572,2.4491122676448975e-06,4.047857775841236e-05,3.6801117419171685e-05,0.060503911038127245,0.06654994302887725
18.015,54.242359392742145,70.0,140.0,-0.15195868366420717,0.002599315409591178,0.7661305168267787,65.85989245416339,39.85335417706215,16.492308660334213,0.7343232966210608,0.20941880047647807,66.98818182571408,1.1756640469048065,3.258797347136454e-06,2.4659105729133926e-05,2.291753515115635e-05,0.13215391437680124,0.14219667715757925
3.6378978761073,26.87022898675014,0.0,60.0,0.0264192062283556,0.06550259706280742,0.8430031522839972,44.52116133050163,29.831523638659522,13.949155793728014,0.7366901578915228,0.3346745748256561,73.13163939455697,1.0413168167032265,2.974050669757239e-06,6.519641464853494e-07,5.363720276478982e-07,4.561678254532775,5.544753485372949
18.015,56.78043004102834,46.244215878290014,60.0,-0.14701880804229556,0.05396716678682002,0.783199216598944,118.06932677891253,51.913369700747246,16.00613161851769,0.7258740711286767,0.0,71.5200287872052,1.3495696328282176,4.911103791565435e-06,4.232296860756296e-06,3.9111018143874334e-06,1.1603873624989147,1.2556829314694342
17.449010625994216,53.10770715600674,51.16068018926329,60.0,-0.05619517378187053,0.06488995408091174,0.8360001606568472,104.54997552821084,45.78589542112985,15.963189338009352,0.7285206742809057,0.0,56.58526113940823,0.7933141069509236,2.623254321737812e-06,1.1502927480412357e-07,1.0570508208929125e-07,22.805101798692498,24.816728485409012
18.015,61.521738825323325,53.44065890062681,60.0,-0.06686288968395984,0.013627100412991847,0.7947676029523195,115.45460993461958,51.25945973966186,16.53489139641359,0.7263687108020268,0.0,66.40273579252874,1.139696306773795,4.1119968839502486e-06,7.346603704855707e-06,6.669281471339631e-06,0.5597139915458406,0.6165577058969576
18.015,57.02488844170765,70.0,60.0,-0.255603114602297,-0.03369550052722357,0.8090926131079051,69.35415285428806,42.060663957286145,15.439085044231112,0.7349028869677036,0.35299931094434184,40.05133038228637,1.1862814744605301,1.2708945881701736e-06,8.181239379587e-06,7.636646375829538e-06,0.15534255009591594,0.16642051047337142
16.687338503398887,51.66092554608401,30.38179889625999,60.0,-0.1831057131126776,0.028372626241698458,0.8533549156600266,121.38275163233442,52.201186493992914,17.569711577107856,0.7300815998621945,0.0,56.81028981624085,1.1168290160388379,3.003695400032524e-06,1.4279630552618095e-06,1.3258622585537003e-06,2.1034825718805537,2.2654656474716055
18.015,57.07310662675646,16.62081108249279,60.0,-0.19151677406353063,0.049832812029068405,0.8243151278189931,134.21189856537174,58.612282149864434,19.235921779712406,0.7381435175443639,1.0122619316179662,49.48032207937378,1.0874249265207374,2.5686274868039578e-06,0.00010540277068839193,9.864705783577793e-05,0.02436963914732122,0.026038561546154415
10.771789148827123,40.42253046789181,19.111964711732035,140.0,-0.1262577006395134,0.040600445729382977,0.8524861409242687,93.77999918565317,42.38463510676297,15.876108450957986,0.7320421787038736,0.0,57.817563133406715,0.6339072934685352,2.5432100575586657e-06,2.480421519809261e-07,2.2418074118034033e-07,10.253136562668724,11.344462705263346
14.913385786507213,48.290711146059955,29.39299780945258,75.24282025638801,0.02745354437149243,0.008245163796231062,0.8182248705806369,116.59066604831692,50.23580442397212,16.8799338416486,0.726872738482975,0.0,48.405405302058746,1.2542185872915859,2.1070320725140005e-06,2.2237183683757266e-06,2.01221278320112e-06,0.9475264954766024,1.0471218998827936
18.015,58.260631360914346,0.0,86.29544881168698,-0.04743145194763017,0.055053433799076346,0.8694872144660363,136.44935204574142,60.69684320796296,20.76817446773109,0.7364258776005789,1.044118762605837,48.26349004348597,1.2045179990775041,2.5338215599688445e-06,3.2751815886475923e-07,2.985554742902816e-07,7.736430763874456,8.486937196486448
11.543218194476154,41.888440397840576,0.0,75.95719331209952,-0.206192730214252,0.01709607214265593,0.8123903798352042,103.14585385185073,44.0821941889959,16.508217364271417,0.7320040836921959,0.0,31.946215735514038,1.1615641232581195,9.720543000695833e-07,3.209198529453251e-05,2.9412326447698076e-05,0.030289628115814687,0.033049214988080625
18.015,54.878126655859184,0.0,140.0,0.0377228780050131,0.04852687878236502,0.8772849529721507,132.064577611419,58.774848091798496,19.131108017663056,0.7399394832595422,1.216391751459276,57.37428812985491,1.4182338693284893,3.4412928272881834e-06,1.247746966999067e-05,1.1399499362847848e-05,0.27580053635111396,0.3018810491365712
12.820911414626776,44.31559600584089,12.8490717852764,77.30666675864589,-0.19799510514443347,0.03128971651226658,0.7886476273426247,109.47659556795435,45.81466469032481,16.84601011721632,0.7281424299976745,0.0,59.251878534656385,1.0548002304829427,2.8784190530591557e-06,2.768412815720178e-06,2.5468585944337144e-06,1.0397362115629278,1.130184086132651
3.9813170031988405,27.522059179700232,28.996235742775895,61.58887507763826,-0.22716927291403807,0.05660619947087544,0.8459233523560145,36.682690330337834,29.227704667920214,13.862117185160937,0.7352240541146854,0.31659293496189217,58.6483967375482,1.0961602624290172,1.7966918413047964e-06,2.6506965372564802e-06,2.2918686033285875e-06,0.6778187604848971,0.7839419060479197
8.006473960708835,35.16871389143349,57.97046643322459,101.61196516834822,0.04955786169160421,0.0024177043004750807,0.8061846306499729,46.51583473216965,31.54796591048569,14.642972113882553,0.7354126635160187,0.306643619222449,57.023222322359786,0.916137988380334,1.8334296237120924e-06,3.569372099765536e-06,3.103480149599662e-06,0.5136560639986305,0.5907657002248261
18.015,58.91465135999435,18.54804137159183,60.0,-0.23876611666015105,-0.013641099085747715,0.8110127539857707,136.43549804062113,59.57416027008762,19.94222427258786,0.7361603955556446,0.9100792637197035,59.85781000782946,0.9857484009339936,3.8263198561028325e-06,1.680171987304475e-05,1.5620015016091553e-05,0.22773382040736523,0.2449626234136781
18.015,59.27250510944744,11.719536463787058,60.0,-0.2572795518479683,-0.005857353253289785,0.846031334843934,138.59035879515915,60.62082705221338,20.19417629439043,0.7361997554911248,0.8812066376863794,56.14477467858459,0.9213769454544042,3.412861445783904e-06,3.594355888089399e-05,3.343034232441969e-05,0.09495057117446516,0.10208873761041115
6.5213245863916365,32.347835689722785,0.0,130.90953606963268,-0.05117296691916376,0.0027879359340549454,0.847671945603666,67.35315008168254,35.42740509756665,15.110893301761775,0.7316098260722692,0.0,55.97347179713989,1.1168727136459198,1.977602894827371e-06,6.863465494498633e-07,5.952660334079636e-07,2.8813474714960043,3.3222169313195584
16.388015338778434,51.09195927407873,54.62199682251887,82.74022592787222,0.03777295816951805,0.05511693869266407,0.8547216256651732,96.07496676942009,46.23317323443479,16.84913658382083,0.7304516264156287,0.0,54.23088897285627,0.7346006902390938,2.4336579551579083e-06,3.6533389919799734e-06,3.3197602462106126e-06,0.6661462187057973,0.7330824441119932
2.6109400597852566,24.91861062755383,18.69729406561622,140.0,-0.15223974152004843,0.07812759670091023,0.8349256743224953,33.07828553620543,28.865444644227583,12.626101839505077,0.7335942358183482,0.1925665319498352,44.26980207002748,1.4795262851452624,1.025715921360905e-06,9.844867734024271e-08,8.186541455443854e-08,10.418788236392333,12.529294903635144
18.015,59.95970927420573,42.692315330920145,120.83533872971357,-0.16707709681027116,-0.03231793595334877,0.7890768282306034,128.24781651868398,54.10873736379619,19.5001899546371,0.7392968232549585,0.9432129492942134,64.26163123453954,0.6690282869707566,4.0565493555671e-06,0.0003746552060139118,0.0004810534875781425,0.010827420226522812,0.008432636827953883
18.015,56.42231974116214,53.83765980591186,60.0,-0.15307803728816527,0.08979238119248663,0.7527195787043415,105.76346998188696,47.04746447310006,15.961253074145494,0.7251510042390586,0.0,68.46692377331776,0.8853063036194821,4.0464406380893875e-06,9.132246187601135e-06,8.444507982969138e-06,0.44309368746357786,0.4791801542789987
18.015,63.8082721645084,57.175203659682964,60.0,-0.08557768222855468,0.0024955293630736053,0.8216532460611136,113.05128795430252,51.52148197941823,16.532974170677598,0.7279810684517157,0.0,49.87609919550735,0.8883219867871552,2.299635158003528e-06,3.261723758389059e-06,2.954480063781282e-06,0.705036762260732,0.7783552802384957
17.822923321597997,53.8180328862593,37.79994504360863,140.0,-0.18003029801769377,-0.00986718562316917,0.8525863936606367,121.67911454591682,51.37406973356289,17.99150525479668,0.7378246247585265,0.28196014352419185,58.28445479873817,0.5794301794507135,3.1363893277900404e-06,1.0880934321642766e-06,1.012647295058925e-06,2.8824632472522076,3.09721789915761
18.015,61.86214031519349,34.73616577525293,95.12951842844132,-0.011353258797966628,-0.02914992100397245,0.87463250818412,135.13792477858794,59.436670437897426,19.743101156709713,0.739854492404279,1.014394762537452,58.81528540445767,0.46721584030597485,3.7029581274670186e-06,6.434102384787642e-06,5.804065213565767e-06,0.5755205475470896,0.6379938872520147
18.015,54.60663798934334,53.707193676532796,140.0,-0.02955740377332597,0.05294457234318764,0.8086216659635191,104.76879211676383,46.18645033388427,18.15496557693816,0.7337948059718946,0.01173582473390014,55.95342723791134,0.4023491084815175,2.6017016754461e-06,1.4088218372742453e-05,1.2930494721527142e-05,0.18467215701879025,0.20120666157611863
18.015,58.25097142358787,33.531705009256555,130.61011941832436,-0.22075018338001662,0.012091769473740353,0.8235781638286344,132.38211483396674,56.09160808087664,20.185037256620276,0.7403461090379294,1.0775363427885591,68.2518288087861,1.2290278507823684,4.779390493627492e-06,3.854757037073424e-06,3.5776935437055874e-06,1.2398681545065835,1.3358859374739094
18.015,56.08542490080798,31.3308243717969,60.0,-0.3069320262459144,-0.019901932342731042,0.8129617602229836,128.55656753027944,54.6738007675476,18.434519986628256,0.7314477908765538,0.0,65.47518465626574,0.6423496719022368,4.270070975156975e-06,6.280351177423354e-06,5.899442013375067e-06,0.679909586984093,0.7238092967904384
17.1596510135212,52.557982395055866,38.86899225587495,140.0,-0.22674495815502582,0.00019086191494878458,0.8126387312234876,116.53245754080905,48.92861854920549,17.970592757685758,0.7349025193244044,0.11398260484976062,68.6876120883119,0.9372277764265777,4.236922267737624e-06,6.312729268572798e-07,5.894557640536241e-07,6.711712299829897,7.187854502602135
13.961107207477045,46.481354855704225,43.017706834028814,140.0,-0.06756419908887512,0.03785524375356935,0.8049427504849459,98.56772486729643,44.14727897556524,16.313855817371213,0.7297285523829056,0.0,60.578795183273165,0.978985633525198,2.9081893996891174e-06,1.9880904785703285e-05,1.813451473938689e-05,0.1462805355710193,0.1603676437711749
7.09812041794014,33.4433557049915,31.254480393438428,60.0,-0.0782524759832405,0.05365729462710067,0.8258196906082418,62.05617411520855,34.285065487508966,15.090973792106642,0.7324619576157769,0.0,75.97597234506395,1.3168981306627117,3.7265335638941743e-06,2.1675238420339402e-07,1.898067336250062e-07,17.19258395975615,19.633305377123985
2.9921855518975833,25.642794113574137,33.91388813122433,136.6401143831853,0.021809117500645306,0.020574214696012023,0.7911937651430266,32.56218430643664,27.435536230094222,13.22528236527811,0.7325821700823759,0.14358008637016653,66.72088964450353,0.7563626888525843,2.2307786258006204e-06,2.2699494525323524e-05,1.848677299391564e-05,0.09827437449375655,0.12066890346599773
18.015,59.16858723865414,70.0,60.0,-0.16995199690827134,0.0966082283879811,0.8315355992894908,74.23033839053043,42.157001207753545,15.492804670149123,0.7357151450702387,0.2709750277143139,67.96546191215393,1.2607976627043977,3.55785586543157e-06,0.00034538449256091037,0.00032679730945592685,0.010301145367156643,0.010887041485607445
8.938617902118871,36.9400530007136,4.113262889268043,140.0,0.07854500154813703,-0.0022981499824785098,0.8150644941512473,91.04947103495421,40.55300550737192,15.822021409752297,0.7285637907376864,0.0,58.70013008130433,0.7252202701915466,2.5077245385948166e-06,4.1228468793509763e-07,3.592533963929012e-07,6.082507092743609,6.980378094608792
15.459730127377313,49.328429397060276,40.01432181296495,140.0,-0.08616502574271481,-0.04474163588494937,0.8658521368136456,109.98694277347845,47.40965211818059,16.942157727456355,0.734287540549323,0.0,49.83262535496535,0.980367915520322,2.1093791129450797e-06,5.454478540910357e-06,5.001210799620241e-06,0.3867242481795561,0.4217736859052716
12.769250940620081,44.217171159406305,40.94685212835791,94.35608995360808,-0.05440104516140168,-0.014355981306122645,0.7962325672742373,93.42496867372587,42.39215723982391,15.966749826269874,0.7285372591821655,0.0,56.90746594915031,0.8398246762886252,2.4556880761091804e-06,1.6759589579744336e-05,1.5178324319351087e-05,0.14652435636473632,0.16178914249304746
12.774265130456346,44.22681706145019,15.050969781244564,140.0,-0.19777939297014852,0.07024814054976104,0.8155764230875185,108.68141521921937,45.691221017003166,16.34119859953275,0.7316877445152657,0.0,63.82450499283043,1.0619021538404223,3.363317971558229e-06,6.588238022412249e-08,6.057437313432987e-08,51.05034092752417,55.52377676446981
1.5453257719629843,22.893863261229043,58.66937369833164,98.56354757237996,-0.14616043148894062,0.07722405075226782,0.8076229586371877,12.545027337277178,23.787126474130407,12.564048653736062,0.7347555934882218,0.0,71.72514092418585,0.7563511623356143,2.27310700597974e-06,8.03575751623291e-05,6.577932449061467e-05,0.028287401671688965,0.034556557453004316
18.015,58.58524301389322,22.065427359214766,60.0,-0.1490557090506656,-0.0033514975238552627,0.8489937377790496,134.53140042996546,59.29309396114609,20.40073118912441,0.737862344916389,0.9094863589606155,33.64183336643708,1.0575156939452823,1.3993721165093158e-06,3.7946597403682594e-06,3.4961310979906795e-06,0.3687740699442821,0.4002630557285373
15.90394660776507,50.1724326418888,38.046704218806404,135.98493463876633,-0.039014369972687216,0.04655811719802614,0.8063326059796325,112.77402803950154,48.22212925401268,17.197723871931665,0.7339970610372099,0.036115852412375284,51.19294155893532,0.7680597790127979,2.266657723388856e-06,4.786776988579903e-05,4.3843411481995904e-05,0.04735248224006582,0.051698935980829155
5.798283625982881,30.97436758710516,0.0,130.79329434634096,-0.1311373519119385,0.054943309995744746,0.8006913383745174,61.29291060520663,34.579519501097806,15.053013623100975,0.731676342205178,0.0,55.19784674895555,1.291781669042606,1.8727559893424836e-06,1.6504163356527588e-05,1.4401912454691756e-05,0.11347173127693182,0.13003522936513823
18.015,56.81755037314423,0.0,60.0,-0.23130353186676988,0.06871327678603335,0.8302729667927219,134.95898528475365,58.781563686427134,19.8425888668985,0.7377910226011483,1.1034847861225086,55.238542668676594,0.7525987347872448,3.209340111290554e-06,2.6016303046856953e-05,2.4293563808383355e-05,0.12335880718756759,0.13210659978109338
9.271330512081107,37.57211578138751,3.3121839401167783,140.0,-0.20064255790494365,0.05191997630549188,0.8407380748557297,88.84511418153191,40.10360075649939,15.577084887980087,0.7309419884878398,0.0,62.7748701357602,1.473131600870253,2.8391914950892913e-06,1.295805450610662e-07,1.172752242764179e-07,21.910630903360474,24.209644557125827
17.349991480073722,52.919894335188324,17.886245122887964,60.0,0.014971444027314693,0.07515593469390441,0.8463540241085971,128.1252677705319,54.90875196547,18.00695647443164,0.7364932725954958,0.21753447686145966,65.8974719006804,1.0852336458736946,4.333012941134876e-06,1.0787258436303997e-05,9.878641564997931e-06,0.40167879231968057,0.4386243708332972
8.482464443614512,36.073307728797054,29.00140172802659,61.823427314831974,-0.17626589389009328,0.11729741699126817,0.8114034002829147,71.82454030636187,36.712667726373596,14.815968615266497,0.7321318975906586,0.0,64.64493589256686,1.0350436575262503,2.7790622196671537e-06,7.386288671058664e-06,6.6309640581501395e-06,0.37624608831715695,0.4191037977730251
18.015,66.75181317244228,57.863205142034126,60.0,-0.080477915194441,-0.028756707337868295,0.9026857938996165,115.41030508661092,52.629737456634885,17.16853257364925,0.7289526623611717,0.0,51.78586759640225,0.7682931931899304,2.529345709937282e-06,7.627517888704856e-05,6.887523779137117e-05,0.03316079682596145,0.03672358587855451
10.068018124527494,39.0861295547291,0.0,66.18086981260787,-0.11869767139216104,0.08906806682784782,0.8390434793722393,93.02646152365928,42.40989060003638,16.592767796661853,0.7325261056917568,0.0,62.87157107565566,1.1203261613115898,3.020492468605114e-06,7.479766909922121e-06,6.743965935367434e-06,0.40382173735900057,0.4478807422150105
14.405191026001777,47.32512353366573,39.46401047663372,104.27023019722422,-0.0032405845077644047,0.060122017556688175,0.7889372430683137,106.24530943942253,45.17068523323118,16.81430384114125,0.7252083029450767,0.0,66.67911544665726,1.0964908791704042,3.6580371277978517e-06,4.0743229538691907e-05,3.703748906386008e-05,0.08978269933962864,0.09876579704122652
18.015,55.55087179398596,4.007155565007562,60.0,-0.15389095583745002,0.09456908937142589,0.8259811907828296,133.41770055923524,58.465428973015925,19.41983646660429,0.739008902568881,1.1448444660937394,58.518829431034725,1.0621607861887248,3.5787077672458425e-06,2.3590963089570304e-07,2.1851470990577386e-07,15.169824791205786,16.377422686047193
16.85972417219919,51.988677049988276,3.605299311160742,60.0,-0.14039009363081842,0.04985358682114742,0.8081473536251066,128.0309861014142,54.391617555541735,18.49633291680214,0.7357118712639661,0.3059276844911461,64.34143182167573,0.8262344301342956,4.082649433548246e-06,9.448908322518481e-06,8.758434011008154e-06,0.43207630915611106,0.4661392011878966
3.595795790949788,26.789993124414575,0.0,107.67919581368017,-0.05089668413739691,0.08658505268724799,0.8733392964653091,43.39764455813496,29.65201804629299,13.925024267212486,0.7369392020817568,0.3361943930118422,52.8483761029196,1.0131004534178485,1.477210138872235e-06,8.248357104168455e-06,6.883662350089411e-06,0.17909143847878511,0.21459654232649106
10.703413039903388,40.29267629096717,23.47626759198127,89.65063551537936,-0.10802009506173375,0.11976658535739972,0.8556667474255861,93.00097501567615,42.45575737747516,15.345967678645044,0.7315772963932323,0.0,58.71227844874415,0.7484945055612213,2.625773553224625e-06,1.329682657395885e-06,1.1987264137674754e-06,1.9747370085784735,2.1904694207680677
18.015,55.335359380797875,1.2482022383255966,140.0,-0.17993688876159186,0.051378350085696904,0.8279235301586598,133.50520383835632,58.16315229194768,19.39855254779868,0.7389049037160738,1.1232163663088996,59.50619965040738,1.0609216793791516,3.6869852311649757e-06,4.035592943428216e-06,3.7512931424933606e-06,0.9136167306390669,0.9828571351569604
0.7206000000000001,20.48336979066842,0.0,99.24121910700082,-0.20035999566771076,0.037124860998978625,0.8030220568284551,19.744228343267196,25.304237788165366,12.59077422133985,0.7314063089742936,0.06287509574797025,64.92158364072858,0.9047049494115271,1.9354509707787085e-06,8.20813808720153e-06,6.55681509359365e-06,0.23579658994730415,0.29518156958089986
15.02382703036635,48.50037805843895,42.42633807869863,102.39554771569463,-0.06451265393081648,0.02133176735051491,0.7887253593956377,105.79505702126029,46.25057195900748,16.807445226239317,0.7248437338240785,0.0,56.84447016474783,0.9001598747937216,2.6711593198510634e-06,1.68028140692795e-05,1.5379114269306043e-05,0.15897095027283142,0.17368746164934992
17.88586612739377,53.937560251836416,57.82173451251312,60.0,-0.1936086963474548,0.005237584369106589,0.8091035638609326,93.28977132387915,44.561160019446596,15.297724071750084,0.7311012037328606,0.0,58.639060504034966,0.8470366280395217,2.745674321512675e-06,8.75301855499781e-06,8.163347310490558e-06,0.31368313733836956,0.33634172565269427
18.015,55.05642306621381,70.0,140.0,-0.15983177148944447,0.06633091297170135,0.7917296378662264,66.05924385861593,40.10533108254522,16.487734463543976,0.7364165165545943,0.24303605949331838,64.43579557565047,0.8056441821147237,3.020469837247976e-06,2.4664747602003096e-07,2.2882450880785873e-07,12.246100734485825,13.199940220495476
9.843956513498828,38.659295733140944,70.0,139.76184604911134,-0.18905805933888353,0.12324725050536178,0.7551206843659721,34.33698682472447,31.80222093078052,13.865783272446956,0.7325441228804265,0.22975349673194742,73.33396092004133,1.403194987301659,3.1846209227187624e-06,4.331994240405146e-08,3.927993363572071e-08,73.51396945580711,81.07500771902285
11.067314180424715,40.98362362807147,59.12473464755284,140.0,-0.20005657395749774,0.1056597982474106,0.8046926364027627,56.91365047318318,34.72692495629603,15.148498516651115,0.7366330941563084,0.2067575389637587,54.40568304713399,1.2241147613736607,1.8280486492038324e-06,2.9452913581298047e-05,2.6978752282958656e-05,0.0620668187599818,0.06775882850440544
9.458926704933067,37.92873173475767,0.0,114.01392955130437,-0.13048651418717216,0.003291012096518046,0.8601591283121908,90.95427185265895,40.92405724191403,15.639313763345184,0.7311599427917087,0.0,69.92384581663005,1.2766270988943185,3.680313818132541e-06,6.92874186194916e-06,6.231752267313529e-06,0.531166247994295,0.590574474122846
18.015,59.43985793501645,70.0,139.0910099625154,-0.17557375747243492,-0.04666752393310158,0.8222856893260797,74.37132203182155,40.91516567864798,17.07853123172822,0.737596815047081,0.3042709877911534,50.09982253016779,0.7583035196923764,1.8459779999645604e-06,1.6305545661976889e-06,1.5029186389437202e-06,1.132116666459817,1.2282620975823075
18.015,56.40432427926384,0.0,60.0,-0.028117174780276963,0.024841879276453857,0.857683023980708,133.48949471324556,59.348860322306535,20.01987909593748,0.7381453659223896,1.216819946908231,76.70792859364416,0.6453166735125517,6.619161602711388e-06,7.06390766329321e-06,6.455964703733085e-06,0.9370396554172282,1.0252784682797191
5.504113375316997,30.414561236208808,70.0,101.2490060388978,-0.10266908764031965,0.008952789770139675,0.7977219117024389,25.147234664754407,26.626497415093105,12.537432966247833,0.7339261526912668,0.0,60.67083190500731,0.8639650575427383,1.7616891008150291e-06,3.156500775701586e-07,2.7275506811960806e-07,5.581145787691003,6.4588684381200805
0.7206000000000001,19.0959,18.50563932602186,140.0,-0.08586884977891143,0.0679311391852551,0.8154602871990859,15.885911626702411,24.76259148826448,12.568194959972281,0.7322538598924561,0.05275643417960278,53.325403098820765,0.87449090859677,1.258124138805805e-06,2.7429208681447807e-06,2.1398805888392647e-06,0.45868043566884154,0.5879412829704901
18.015,60.93785711410759,58.50719302353731,60.0,-0.06847958070857132,-0.015025029173256335,0.8516362255183305,105.58946783395558,47.70896204174885,16.622752796480746,0.7291445341311246,0.0,64.83668202883743,1.072234516399142,3.6337871518695737e-06,4.87289807274599e-06,4.432355181858978e-06,0.7457137616305304,0.8198321214739663
18.015,61.39785265043829,50.1716213735428,60.0,-0.08287786760776365,0.051212831011680414,0.8159699526729741,120.40823792117867,51.72946076001813,17.445516075624006,0.7279667298615115,0.0,47.61034452041961,1.279761703724173,2.1030392572571855e-06,4.245529451592778e-07,3.8602623121691885e-07,4.953538260035381,5.4479180096842414
18.015,58.458123766499035,33.85166072650738,114.97253563320203,-0.10140366413179888,0.009736556480435938,0.8585841625533183,131.7981640414651,55.59874497515647,19.894635603364527,0.7427228090973942,1.2403429234625643,42.17485540985302,1.2389326940377494,1.8260299014835985e-06,0.0002609128168736564,0.0002407651413300528,0.006998620931557491,0.007584278568716832
18.015,58.07450668254623,25.96186838159082,61.835942061833926,-0.20035900141138072,0.09794987428997717,0.8084435808243511,132.82115939702663,56.3609748873514,19.79879919736505,0.7369474037654721,0.5908302907797457,60.46395795869251,1.331211598641266,3.686229579491338e-06,1.8274396535626438e-06,1.6927556874374923e-06,2.017155298291209,2.1776500925964
10.473681590252115,39.85678170053622,0.0,60.0,-0.13821114540289092,-0.008401146972972444,0.7969967001711824,94.31417399145388,43.205088858699234,16.180547498264772,0.7314336591277012,0.0,53.64715657522816,1.11580291272853,2.2142694600985805e-06,4.1094474265579434e-07,3.713926561107638e-07,5.388241362545532,5.962071203255562
18.015,58.3860056348192,38.468430943545265,60.0,-0.201441172974355,0.001024824382880284,0.8375265707359643,127.92591895796829,54.306799199704955,19.159364179014307,0.731759971912296,0.0,64.81644826543832,0.7871858014659612,4.143407346674433e-06,2.598271618684021e-05,2.4069626587745214e-05,0.1594678291861186,0.1721425686256389
18.015,54.668619819688026,0.0,134.1577496841644,-0.09619010491396596,0.03509701276365679,0.8659047548256404,132.44765381017353,58.413134332495005,19.037605014675833,0.7400194333622185,1.1195090714729867,52.21373084463948,0.9729450382785563,2.843530042173042e-06,5.9358321920056614e-06,5.478552317498973e-06,0.4790448837153262,0.5190294584010012
18.015,62.25830453269062,63.36799307563433,82.77030412952688,-0.13020059816275725,0.021357750664877703,0.7470345651607143,96.67932066225805,46.924737306171515,17.653006700092234,0.7325751687188806,0.23290459634377494,46.151386624306575,1.2628331106728792,1.802644012471642e-06,1.760892444005007e-06,1.6070953544975966e-06,1.0237104592099189,1.1216783169877167
12.310295658784407,43.34557392363365,17.21198171266321,60.0,-0.23989037283896464,0.06411902376554603,0.8313402556742204,104.94331950820549,44.46528240965307,16.07791884122308,0.7305156077786912,0.0,49.42791665505447,0.9785706610327739,1.9481675922898077e-06,6.967903753097857e-07,6.424984982325616e-07,2.795916334842703,3.0321745461646827
18.015,61.10295420688345,70.0,60.0,-0.16401508683292643,0.010015951412908248,0.8068537650693745,77.29975883617666,42.76815013268827,16.687782837134606,0.7340058269781635,0.20178570170171975,77.65677615609192,0.9436923920541567,4.899794840239317e-06,2.1066198585269092e-06,1.933429554519728e-06,2.325903660504551,2.534250512921557
5.787948329241533,30.954731708883106,0.0,140.0,-0.13477366221159925,0.027666074821024313,0.8391939860937803,61.25580437293584,34.56985731729144,15.049657467130931,0.7328086746645731,0.0,62.88643031700692,0.7931103448515325,2.4706121951358526e-06,7.188242622797371e-06,6.28756808493954e-06,0.343701837122241,0.39293605441086993
0.7206000000000001,19.0959,40.31571646101526,140.0,0.03427150477245615,0.003755327432683162,0.8246607714653592,9.847532536551975,24.483480275970727,12.545922289897753,0.7292127209090796,0.12879969282767142,73.4563320003532,0.9173573246164399,2.467509407593331e-06,5.366773947737129e-07,4.071630731703341e-07,4.59775170637426,6.060248510210708
18.015,70.40715827399993,70.0,60.0,-0.1673663040214801,0.001659362721128284,0.8456185479817206,88.55986441196222,46.124742428206645,15.957853856656358,0.7351687122251311,0.23307218470487587,54.58196409323823,1.1862213709585485,2.4449344399107186e-06,2.4647150306620414e-06,2.229359838859773e-06,0.991974491774812,1.0966979835615964
18.015,67.51649523774181,70.0,120.09850846635476,-0.10120334234940141,0.05054529672712177,0.8857845779557676,87.40392341820935,44.845853845826,17.404052580007114,0.7378659699143967,0.5480450101309376,67.89776697801588,0.8392675473881342,3.7875045109655987e-06,6.723171000409162e-05,6.078876320179815e-05,0.05633509114575692,0.062305997218472166
13.57015763049703,45.738360934695365,58.61302676732808,140.0,-0.01870105465081301,-0.002321687964579926,0.9435894050211879,70.51373476389684,36.606934704024496,15.50312429256997,0.734634198902284,0.016308627325193288,47.27833676286659,0.7334239719151072,1.4840139301876612e-06,1.254343485538515e-05,1.1364744199545689e-05,0.11831001215353258,0.13058049562144877
18.015,56.120769128606725,56.862896661721535,60.0,0.046324119259490995,0.07448762849209102,0.8503341662602608,100.6271526040727,46.85913759089528,15.965678745398906,0.7300422815496284,0.0,54.78693110430044,0.4656802643305018,2.527994152344472e-06,2.6862173952769157e-06,2.4383213439417846e-06,0.9410981243697393,1.0367764522200844
10.62242688407238,40.13849173670225,51.27715366612708,140.0,-0.06658556200135463,-0.005390762262113361,0.81588805746741,67.24713403362631,35.7841515891347,15.299501718460569,0.7337440911347436,0.008447042528917634,72.52107030023072,0.5419323084686553,3.5116918953004474e-06,5.090318037493153e-07,4.5651768497264346e-07,6.898767168249202,7.692345797098492
18.015,57.05190038580734,50.635881189426385,88.45808169518698,-0.11455051628416815,-0.028983526418332035,0.8078820280340245,113.60212444190968,49.76801930285117,17.532721315602725,0.7320391076912821,0.0,52.06547491300045,0.8905053984568541,2.4122482999336814e-06,4.310330592530077e-05,3.971622798193381e-05,0.0559643453825601,0.06073709469668089
18.015,61.663187305746504,70.0,60.0,-0.08710089969587469,0.06616161313239988,0.7865749621080521,78.45059267215404,43.16996146924316,16.72821928231304,0.7333385021940093,0.16154979835444616,61.461920066425336,1.0811641674591916,2.9297625635446965e-06,7.389603307787843e-06,6.724797342232086e-06,0.3964708850415615,0.4356655545804528
15.94153137336503,50.24396225987593,23.7182183452762,140.0,-0.167528747248405,-0.013680336746878649,0.8553587463734904,122.57025570320886,51.41237556988542,17.933234331129636,0.7323116264127478,0.0,58.62458422637521,0.9434725282332245,3.162790494662135e-06,8.07919632379165e-06,7.4868603271971935e-06,0.39147340501534,0.42244550538398623
7.441381877801543,34.0956054211182,20.191850150388888,60.0,-0.11265450040859747,0.04907966224262377,0.7976141068219977,69.47088826066174,36.055934375827064,15.066322820499376,0.7304781793382794,0.0,56.54027324650039,1.5743237667487475,2.0453894669573624e-06,2.3956566732667693e-06,2.114487235138699e-06,0.8537907329468146,0.9673217378506407
18.015,59.61947333353727,52.79170754601506,94.77738154625582,-0.2472926983521619,0.05649050892004562,0.8367849708178177,115.27845649655215,51.21252432707404,18.393251312116,0.7329399357575851,0.0,64.1254028591326,0.7497920004894378,3.8188242723906445e-06,1.29162413977753e-05,1.2012744288095566e-05,0.29566064575476275,0.3178977409995347
15.839488856896269,50.049858575837206,60.28053242689769,60.0,0.0352522792772907,0.053589473859908476,0.8085071067143665,80.89035234803912,40.53741924072276,15.311738667115252,0.7334825716636642,0.0,59.904051520778,0.6877803773858526,2.6163427891692566e-06,7.577656561064787e-06,6.887472620025475e-06,0.34527070052401754,0.3798697916507404
14.328961460999333,47.180209268070946,60.29512711538251,60.0,-0.010802801887997787,0.0003629906515127341,0.8732542848787166,76.21948201574389,40.02735878563759,15.718566027519923,0.737119823404978,0.18939213533310356,55.83203206645991,0.5783829025625313,2.238615564484559e-06,4.74199604478995e-05,4.3492544750960415e-05,0.047208296745505196,0.051471248171449546
18.015,61.08859505064548,54.24320107665865,60.0,-0.03800391215988666,0.061989986053311706,0.7987040573508951,113.83655891155084,50.60886855639599,16.53494803013759,0.7268699868456179,0.0,60.93654402143093,0.8647440681814262,3.379507516071287e-06,9.530946117762885e-06,8.63311029390762e-06,0.35458258543429144,0.39145886025065646
7.479392925660852,34.16815601714008,0.0,78.33760936113562,-0.1537996587350844,0.04667444260360376,0.8455410070756362,72.16872433825772,35.97635402444586,14.824746546983727,0.7313379994903503,0.0,58.060309540060075,1.1671819312217564,2.1641206681019143e-06,3.312041154082393e-07,2.941439573049677e-07,6.534099570092716,7.357352120812597
18.015,58.042991932624744,0.0,60.0,-0.25248671368461545,0.004711457767323608,0.7847721227617602,137.3449414059862,60.0900085617114,20.562415262922677,0.7344262400875416,0.9902606094893238,61.70321921657867,1.2438935596626455,4.106632276662211e-06,1.028933286267157e-05,9.58704878911756e-06,0.39911550452027517,0.42835207862128816
2.4530917703404853,24.61917257731157,0.0,85.29411471898082,-0.06024000789469169,0.028942759225849272,0.8070231826477693,36.42578107633193,29.081714519828566,12.576498045384579,0.7326216829712278,0.23825352625478968,58.05086802483518,0.8526217528633943,1.754726332089569e-06,3.143828233383361e-07,2.556566906995247e-07,5.581495558366265,6.863604184534769
18.015,59.76811489950369,62.05573400930787,60.0,-0.11971009577506343,-0.06278717342952678,0.7969349767324503,95.86940566672351,46.010944079852614,16.586105829137875,0.729167311934804,0.0,63.86335034033804,1.0762550142166876,3.39092794488323e-06,1.5062543548545904e-05,1.3807752211680734e-05,0.22512319608932058,0.24558145981318077
6.447320004493947,32.20670331125869,58.23159789711002,60.0,-0.08503085062862961,-0.07707987607594709,0.8027645247293499,33.70441255977675,29.458606323244386,12.188819564294164,0.7329643611205034,0.20305980926625095,64.38012236762012,1.19410070413201,2.207389844586362e-06,4.389881454855531e-06,3.827917148496855e-06,0.5028358663637322,0.5766555959689877
16.550528839157682,51.40118874428306,3.0891801487384605,78.79144254468594,-0.23834359821309192,0.04908623842559483,0.7606062104466155,127.0392991777208,53.82115691736063,18.4330774650038,0.7316632323842919,0.03190770648322277,53.932211063225424,1.283882762597813,2.782089838249036e-06,0.00012081472271348233,0.00011303077597080922,0.023027738472296045,0.024613560460449505
11.411521441208427,41.63837196815228,0.0,60.0,-0.14941536789587517,-0.019577730849587055,0.7955886820895494,102.53448232873943,44.30846122496006,16.136024690744232,0.731348549986173,0.0,38.97603039234551,0.7826985786142169,1.2984226183584063e-06,2.454077589398701e-07,2.2309534769605506e-07,5.290878430117389,5.820034490936029
12.459549493640974,43.62949301722115,0.0,60.0,-0.27908553997782276,0.00877403957428858,0.7972496222744112,107.80266684301563,44.90257250631612,16.28145500022462,0.7295004872057088,0.0,49.960036523729904,0.8863402953098685,2.0106642099647546e-06,8.993463186370933e-06,8.334431350884306e-06,0.22356951580252182,0.2412479178620168
17.929665959317223,54.02076036589465,46.149984023021624,140.0,-0.08771769411430888,0.061981026778117704,0.8121367028363861,113.26503623828505,48.37768455870843,18.123657091451218,0.736428123180737,0.2260464317619076,56.903614755040195,1.0383771296200708,2.795482955642171e-06,4.7716993305429484e-06,4.405822638390175e-06,0.5858464169669481,0.6344973879074717
17.316052451867208,52.855011338843475,67.92423388338398,60.0,-0.042842543479612805,0.015541202820175104,0.8469675608346693,70.8073495291837,40.69716673378483,15.56165097725527,0.7375030630513395,0.4061913013813689,64.22933761309004,1.1362106335232822,3.0353241531310112e-06,2.0773139879142953e-05,1.9077370317687357e-05,0.14611773524803517,0.159106003740822
18.015,58.8161204838663,57.7857865743139,60.0,-0.24829148656309136,0.026150627456500552,0.8193257861808149,102.55712627128747,46.795985676723696,16.466916391783748,0.7288360793235724,0.0,58.16734855144102,1.121456016963558,2.8270457371394203e-06,8.502590530900805e-06,7.911493247236565e-06,0.3324922830124703,0.3573340264338707
0.7206000000000001,20.585505147159125,0.0,140.0,-0.0024908853772844103,0.039774919115880256,0.7865612571379617,22.04676976310744,26.140653904833297,12.552375478006327,0.7306509408805666,0.09840108492818156,58.02253296847654,0.9420807250860568,1.5740658784309178e-06,1.8884563455626082e-07,1.4382184338358762e-07,8.335198651160626,10.944553632459867
18.015,66.9825519040092,43.5129571341478,60.0,-0.2720770057689421,0.1294103106668289,0.8503697108567995,135.38705946088194,59.482886308442076,18.824517422997584,0.7361579187468679,0.14301621954828092,65.6646876101514,1.1185187780303647,4.656498720536982e-06,1.4140632227500882e-05,1.303352599779014e-05,0.3292991887223376,0.3572708353308614
18.015,59.3188383233482,70.0,60.0,-0.06449314598632128,0.09061061985601965,0.7894517523275791,74.94498803053548,42.26272818166365,15.551798150126444,0.7340195948958652,0.2427662115032335,70.77991253175666,1.0338847172799994,3.912102679525745e-06,2.070962112264074e-06,1.8871421598258288e-06,1.8890266781601568,2.0730301949731267
12.041841052974789,42.83485997229463,70.0,83.08474017410276,-0.13407697204451294,0.04198294708312638,0.853782587945148,47.013808857736876,31.26910436596128,13.846746426792071,0.735017788624243,0.19747506146114804,63.47120240362229,0.8223384818628389,2.2790277491527347e-06,6.464369154679536e-05,5.8964051016148506e-05,0.03525522281633551,0.038651139293814404
18.015,56.79822236372814,36.8198816808744,60.0,-0.17478252405369052,-0.01321762928912446,0.8001132816639452,126.91947642218027,53.95192934865734,18.093504564192234,0.7302995329741258,0.0,61.54374336861896,1.2239204235112118,3.6674057743432726e-06,3.555936273878587e-06,3.293088202695172e-06,1.0313474404149268,1.1136676422276655
2.9838104789463524,25.626875630070902,35.293663075032526,130.3326923266734,-0.2121957361768772,0.025884780543279255,0.8154185876421445,28.26938731718127,27.90855491015199,13.227257008361752,0.7328866650540017,0.12863441362843214,48.77496411736799,0.5258855578317226,1.2032321814054987e-06,8.205912706077108e-07,6.955389175418059e-07,1.46629902669378,1.729927903470876
13.829735824236087,46.23199702996891,30.3914622212329,68.11698809150153,-0.10846699992209646,0.07429335515537322,0.8246291753233622,107.16981469800224,44.837852358185216,16.811137073456436,0.7271153617027543,0.0,57.295193224613264,1.5658297690070158,2.614415112238487e-06,3.211676554401412e-06,2.934799299418704e-06,0.8140343736219596,0.8908326755960192
18.015,57.44123819484935,44.340466928114786,60.0,-0.08030289598930329,0.08242092872518274,0.8165340235505698,121.72461875219624,52.59205411549422,16.282031860167038,0.7286646573572729,0.0,54.01479556559554,0.7858081601644127,2.744426133941122e-06,7.639536721826104e-07,6.999097028668274e-07,3.5923986412688027,3.921114570493827
18.015,54.877557135084814,70.0,86.43029342013611,-0.02938839100863648,0.043234122698289676,0.8276992794393547,72.25664546494802,40.41800507034712,16.734767802412986,0.7418628668860584,0.9619376740303353,55.31160137408092,0.9272638501771024,2.207432304558045e-06,3.751124641111164e-06,3.439784432308838e-06,0.5884721292289973,0.6417356517531482
14.484508844638999,47.47636809937336,0.0,109.2594456690199,-0.04890783973883943,-0.047433867511295094,0.8305413984145495,121.86034643446193,52.232627147571044,17.97757372795009,0.7300165849703103,0.0,59.03180778320837,0.6351343958699937,3.2716551672881823e-06,1.437383689685099e-05,1.3099022088879816e-05,0.22761181936083708,0.24976331401605897
7.528313102012152,34.26054271445791,33.643713829558145,93.26844383283415,-0.17755246553628345,0.1097762451607772,0.8242766998324199,60.08045113768166,33.197219634886544,14.809380927898207,0.7337376920002826,0.0,73.24501125830169,1.0315217761966302,3.3215144557927355e-06,1.9261537163892934e-07,1.717291919481525e-07,17.244285476961522,19.341583210823867
18.015,60.13684581470407,70.0,60.0,-0.14417483553492966,-0.02092480955378752,0.8145138905992592,76.31219116519375,42.79378840294241,16.698825855393626,0.7343000236239401,0.23008004469309415,57.86190188205473,1.1911834796173772,2.555389037756843e-06,1.1325541952578905e-05,1.0398690064841106e-05,0.22563061868972753,0.24574143683701472
14.248000049586969,47.02649903336066,26.854861201646585,140.0,-0.14137568482387453,0.035745463186540975,0.8032460274239024,112.80546226835335,47.794097504569756,16.860598237359753,0.7317421578449431,0.0,57.92969711689776,1.0588336993647112,2.864776771223201e-06,2.331422272042552e-06,2.142140862804989e-06,1.2287678665407011,1.3373428521745152
18.015,57.68630011710421,7.227422935305807,105.54135876989173,-0.15779006807197693,-0.002330374327378786,0.8292685822955844,135.73197908438638,60.227925245991095,20.157973929237542,0.7366773296410433,1.1418312708144,64.35620102724043,0.7719970134517928,4.525229131952906e-06,0.00013085887705231548,0.00012126032709462159,0.03458098704411001,0.037318298905971034
11.300081009315429,41.426425986128976,9.8997214089089,60.0,-0.09967737831572229,0.024286876850226412,0.7728377519797768,100.48940615932719,43.75152610555457,16.209708805630044,0.7303181782279731,0.0,64.91247625349438,0.5966910560111418,3.3549433860091593e-06,1.9695196237869322e-06,1.7804788609943198e-06,1.7034323220188974,1.884292736918859
8.582750514346998,36.26410991099479,3.1806235739582505,60.0,-0.23730726274887615,0.11306138781349123,0.8520121463625502,81.73815066194967,38.95314950739568,14.783925836663219,0.7314220711856391,0.0,47.922450927904606,1.0220699223179486,1.609726825460332e-06,1.9688416661080464e-07,1.7830029916341148e-07,8.176009544954404,9.028177927985551
5.19562470023478,29.828991696263035,18.954064163741954,140.0,-0.08723028064762428,0.09189828365475931,0.781662118702748,50.32983761205378,32.85280326161979,14.169291774616694,0.7336809556671302,0.09180930226041609,66.78508651861226,0.9846653516781639,2.6720309557429933e-06,2.0015550077651257e-06,1.7188479726973657e-06,1.3349775276606064,1.5545475796499966
18.015,61.73703017748761,47.86587587011729,60.0,-0.06858078851675196,0.08572757600095157,0.8238604692783565,123.33614764541,53.65079793399997,18.85897913574016,0.7298892740438953,0.0,56.16219939808007,0.9899068460917115,3.019866086246007e-06,4.5104219757479817e-07,4.0922360085852135e-07,6.695307229530803,7.379501279766239
6.817908975249109,32.910942860718485,16.246433073918553,140.0,-0.19692724393456684,0.03954739508242459,0.7642177516309844,65.7856744184628,35.606610650259434,15.004907286842302,0.7300287244638162,0.0,72.96748185429831,1.1073760051365522,3.5303091858029322e-06,3.959066261506123e-06,3.519075644542495e-06,0.8917024754367003,1.0031921852199621
18.015,57.72151681139837,58.03373697238666,100.60480759485525,-0.14752657566295202,0.01752236694542188,0.8575279302650634,102.58750012093887,48.109626087616725,16.872777487681873,0.7340856676356408,0.0,48.419506997848835,1.3829708531757916,2.015138651866338e-06,0.00018931383907624564,0.00017526941382447388,0.010644433928862149,0.011497377710662214
18.015,56.34822687151767,32.515225354689136,109.16967946511295,-0.021836107867033494,0.05817179996281354,0.8590540070650284,129.31779011729668,55.83321375323798,20.082207681402263,0.7404205937246212,0.6797502745114791,60.90998320404295,1.2082881934384266,3.7129728724832587e-06,4.915496791136409e-05,4.538948310002741e-05,0.07553606543245978,0.08180249297619818
18.015,74.85294527244508,49.1349888087369,60.0,-0.15599407024763118,0.027775524387603376,0.8798264104801716,138.00716305370165,61.1413004281071,19.48045868330564,0.7361762318735067,0.34503275293369484,53.58306380501829,1.2288010815548904,3.121764180589146e-06,3.2955686183983076e-06,2.956922046970243e-06,0.947261168576841,1.0557478793828217
6.236177660218061,31.805779728598342,21.479586964700616,140.0,-0.09301984942013526,0.000807909008464873,0.8203623163915365,62.2703292953554,34.17137814951534,14.163562590478836,0.7330875868528453,0.0,60.914200571699666,1.1290288431098507,2.2743423576258953e-06,1.516859510993983e-05,1.3273696734044838e-05,0.14993757438587976,0.17134204609274997
18.015,59.43855202738654,47.27656130793967,77.93021667489103,-0.09831297727169062,-0.009598827448454465,0.7758942338044054,122.3201306109958,53.63899766899862,17.72903197550805,0.7264620120233755,0.0,69.18371288103873,1.3430053069702752,4.707983740680581e-06,4.129172026806014e-05,3.7820807621503704e-05,0.11401762169551187,0.12448131165775984
5.811707314143283,30.999544074043268,7.797915798546246,138.50394215992682,-0.1334689476692054,0.061463433169384955,0.8074085294186562,61.25290528937596,34.57323408082766,14.151887121511454,0.7321840008356796,0.0,62.48364654140544,0.4391625140777544,2.446612409320173e-06,2.8765464243376576e-08,2.507153763896767e-08,85.05381274642632,97.58525562139846
8.5468162053053,36.19558567556166,21.19192886229313,112.42097619510355,-0.15726858632233734,0.06052557983149135,0.8764459254566381,78.4418282037617,38.08848006559831,14.821122913090907,0.7313396011288836,0.0,61.00434460436034,1.078220565026973,2.5441915204358157e-06,7.623703548464578e-07,6.828514745885543e-07,3.3372120312157447,3.7258344092597797
18.015,56.553648086043104,0.20020242281290734,60.0,-0.07946369293928138,0.09115294567554717,0.8132719643152195,133.82594947589104,59.20970646382954,19.975648348230543,0.737320986014284,1.1922438082541462,67.39453921536133,1.2113655176443294,4.9057271544145035e-06,2.3939608089191087e-06,2.198894482898354e-06,2.0492094674805794,2.230997072650928
16.794076442071102,51.863605067276026,33.28457006050378,68.1619423708828,-0.15222895745773118,0.020555715683497303,0.8430538976961999,120.33684409817303,51.92153072020898,16.855266226451853,0.729480215774364,0.0,68.12749249739767,0.8638940193232201,4.41726104888191e-06,5.2283152269989316e-05,4.87356979228803e-05,0.08448727471655205,0.09063707379079322
5.2626879457709705,29.957159169175224,0.0,87.45772707881399,-0.0893643051405836,0.03922672057571543,0.8011221652844469,56.89007728071629,33.72321914163553,14.1658849775192,0.7322957333877291,0.0,63.07313432049456,1.465939201697946,2.412197137602596e-06,4.934335427832285e-06,4.249262210080901e-06,0.48885957853544304,0.5676743440025722
18.015,69.8169624419659,21.677518794327778,60.0,0.04314957809181415,-0.03393753327483765,0.858571779606692,144.42995485476337,68.05156940067057,20.509370406163892,0.7341527631746071,0.6800907887230129,57.07679710707477,0.992609125139188,3.958975141948507e-06,0.00017746904649195704,0.00015716293500854782,0.022307975504494124,0.025190259660989308
10.389433401573662,39.696054795017695,40.86004698664235,60.0,-0.23918912636520517,0.05459294006557124,0.8200465364549858,76.55242638789439,38.27732882191795,15.269922299822227,0.7328285693725198,0.0,52.01898569627497,1.393407970351513,1.8396237021834944e-06,1.1362470728254047e-06,1.039263206350454e-06,1.6190349319088368,1.7701229976606596
18.015,59.40628942967765,70.0,60.0,0.04586157654095328,0.04295044482168123,0.8130157772377129,76.5537919247997,42.374010091379624,15.609394826954146,0.7345002121538716,0.2151657606793085,71.36083333559657,1.1590681106368794,3.992602935886612e-06,1.0056550801172826e-06,9.057004814466873e-07,3.970151411576405,4.408303868304426
15.352127010364173,49.12414632900472,35.91647084704329,99.07329242519285,-0.10969834535393855,0.08518258004909281,0.8474195599128087,113.23788509492199,48.81007492029643,16.80304336432333,0.729095076607608,0.0,52.502864793245465,1.1525215444361532,2.3960003771450578e-06,1.6816153283768422e-06,1.5447995982332335e-06,1.4248207284467171,1.5510104869818266
14.230894863712173,46.99360817443574,70.0,88.47676016649109,-0.1398578030781273,0.02344507339809806,0.8070742205784511,53.896542035102215,34.71557676254844,13.804935834936867,0.7355668887023477,0.39879171169493294,71.14500296215671,0.7171466540953908,3.258019598352975e-06,1.636627112139413e-06,1.5031278341026695e-06,1.990691449620472,2.167493359137969
18.015,63.62680797528184,26.895599712028805,60.0,-0.17055069865569206,0.03587295982043071,0.8551498627370288,139.9340491989104,62.24092135875161,19.98824437262807,0.7365282884053382,1.0181992213624835,66.53956003179538,1.3053225486748572,5.010065726348457e-06,1.1283797614425491e-05,1.0321175364673005e-05,0.44400528062852374,0.4854162001254966
12.04166434638567,42.83462564474296,67.42217977717667,128.81060590857442,-0.15452624900920597,0.04448657768347563,0.8468564479378139,48.76576016503007,32.62368644719254,15.403947740887405,0.7346891207162837,0.0,66.15045094274669,0.46046964606973406,2.6104029579090405e-06,3.1999358398685556e-05,2.927798320144572e-05,0.08157672805140583,0.08915924775105893
18.015,54.69453000368454,70.0,127.14571498192254,-0.11497042778235032,0.01010212696374325,0.8278896811266384,67.39037140726575,39.25825625908125,15.432265074748784,0.7332505013465656,0.0,66.21669152805183,1.2078348161952204,3.1283717289182853e-06,2.7138687070824676e-06,2.508747265338988e-06,1.1527351049643912,1.2469856059795532
18.015,59.58157286762103,0.0,60.0,-0.12221009256563717,-0.022039946477569846,0.8379721130394598,138.75421234758576,61.50264936100127,20.3001686917734,0.7347064652772086,0.8306616370632839,79.16564540865501,0.176431389341686,7.404753594896456e-06,1.2718198799742475e-05,1.1659480690292395e-05,0.582217160738704,0.6350843396534465
18.015,56.1625151897577,36.654898932076655,73.7029104085876,-0.02461877142687338,0.07967066019152241,0.8289761537018805,125.09863292893436,54.016819605525285,18.64930133729809,0.7331929811131314,0.0,43.870716991672865,1.4190456500375184,1.8912290759209744e-06,1.3005354939715582e-05,1.188946016593951e-05,0.1454192588120424,0.15906769941825435
18.015,56.20424497248029,0.0,117.57485090248707,-0.1537667882397134,0.09172063167499975,0.8621904556910551,133.90845355572472,58.72258497373648,19.912549599173786,0.7391573893221601,1.1649720395895684,66.51287016753072,1.2649945800616522,4.723911155403301e-06,7.172512776822408e-05,6.655420384382051e-05,0.06586131391314307,0.0709784038058463
18.015,54.326761567830424,0.0,60.0,-0.08524028548554383,0.020352100659371628,0.8527577667167142,131.98628262075096,57.992314584603555,19.044598555687795,0.7398116775306767,1.0815726737013929,44.978075609173004,0.641189985741149,2.1561647330136144e-06,2.682019545546485e-06,2.4745600811048973e-06,0.8039332661068572,0.8713325449147638
18.015,63.00801837326487,70.0,60.0,-0.08538244463488343,0.005046995280388691,0.8330982487890094,80.67766396555851,43.149302262583426,16.589096145039765,0.7346548745302528,0.14160659171955872,41.37024691929098,1.3267808281774804,1.3697636481183945e-06,6.34763555514752e-07,5.755705836832959e-07,2.157911613258271,2.3798360912622636
6.421943161220935,32.158621103116026,32.20984046021674,140.0,-0.11224699520206315,0.03133345620232807,0.7893063948835704,54.0172833098049,33.14876587872489,14.159793690596441,0.7346031414508853,0.1753242421411402,55.995398391041256,0.9887818408450817,1.8546265701058582e-06,3.390779487436689e-07,2.964483424055355e-07,5.469617169083122,6.25615429338028
16.206640409790413,50.74719797188948,66.11954403021024,140.0,0.015070967221742573,0.0496985159688406,0.7975643456852922,68.34526786816626,38.70421927508238,15.49925634363305,0.7348014634548338,0.1058540797449121,68.57043144622688,1.3385514300626387,3.330137319222207e-06,1.0273099641725609e-05,9.351416745296735e-06,0.3241609091083275,0.3561104600430826
18.015,58.81877408356311,17.27512736495658,135.40700663078104,0.03513652581587663,0.06062429962530095,0.8577330075847334,135.41226964388102,60.76076616484621,20.32761143278801,0.7367335130432893,1.207499321161098,56.32341574267113,1.122156626190396,3.4349375519354626e-06,8.903878169485043e-06,8.050395729175292e-06,0.38577993617517375,0.4266793419219093
0.7206000000000001,19.0959,0.0,94.3148522667708,-0.14778676763975054,0.096602988552586,0.7991059552260456,16.48785549284435,24.699647426604766,12.583559818073581,0.7319282103055418,0.049930979231252566,51.317188907080975,1.3345714072832693,1.1568177841701613e-06,1.122766001870274e-06,8.847406963224204e-07,1.0303284764974756,1.307521841120994
18.015,54.45827177297434,70.0,60.0,-0.32638247014371047,-0.022275060649802444,0.794688137781379,67.8090966989319,41.61924800709226,15.396389261627894,0.7350978307600028,0.4170648876091018,81.46742297015429,0.6383575272239566,5.343491820279612e-06,9.001256048264945e-06,8.49311155962978e-06,0.5936384646351225,0.6291559674876728
18.015,56.517694604744825,52.82441396268929,60.0,-0.10488581980321647,0.014588473190916789,0.9226100673689663,106.61025836286198,47.46822244028748,16.801672562431175,0.7277995603009925,0.0,48.31198728083771,0.508208333335763,2.011746070517888e-06,4.3518269080488176e-07,4.003933118038198e-07,4.622762148000673,5.0244247623786
18.015,56.011842865440656,21.884065588665806,71.6567275746485,-0.17336797914714194,0.07357216966879968,0.8440404488451919,131.19833428358908,55.897037924568096,18.981016465744695,0.7381847560169081,0.5588014853748998,48.60000577601027,1.1750395613511102,2.365029703008901e-06,5.7236824482203436e-06,5.308171500729184e-06,0.4132007190133786,0.4455450813305517
18.015,58.540575874876104,65.81790731089784,60.0,-0.048652726005254776,0.11833141854639644,0.8402946794629529,84.2839122386135,43.19739446236181,15.27864492365303,0.7345875324016338,0.0,59.202928901580336,0.9680676728110423,2.7116887988914425e-06,4.899288051283838e-07,4.4635603273971767e-07,5.534862964795172,6.075170043624574
4.288251117816448,28.105691898084995,0.0,140.0,-0.20823863189228078,0.07034994502404873,0.8152943041584483,42.31369940757733,30.50378127728874,14.126631891624342,0.7355724558502856,0.2433288574901918,55.34960197210761,0.8844642135590914,1.6691969598375904e-06,8.289646192214901e-07,7.177263319796068e-07,2.013592523894677,2.3256732900319705
11.702874204706236,42.190944104761094,69.47827512258363,140.0,-0.20995305190580443,0.039489640521329646,0.8506664715368165,42.3939755851529,32.47875181632159,13.86008656914914,0.7367749435414928,0.231584756172373,57.71483711201618,1.0757387345721352,1.93151696591362e-06,2.5689223851832088e-05,2.366185021285287e-05,0.07518782883648192,0.08163000562248679
18.015,58.12878213830354,59.69624092004373,140.0,-0.21422371943341237,-0.012049624121040877,0.8404831684550368,98.27048261759002,44.33810218116523,17.364055318411076,0.7365560011143912,0.2082591046019488,46.53471362048476,0.6233899242464996,1.751164597627126e-06,1.8464872454079872e-05,1.7152815699948187e-05,0.09483762219219664,0.10209196135841508
9.127666037706515,37.29917370978392,12.861988276068043,95.95338197360313,-0.07719688555931165,0.10090951811788751,0.7938030787052758,89.03195423049154,40.062343013856314,15.687685981874228,0.7288644554002546,0.0,53.58694847714436,1.3196245407146625,2.0436580590228826e-06,2.0757191252827935e-06,1.8469382341310413e-06,0.984554236712762,1.1065113176263826
8.677038016578932,36.4437858179113,0.0,113.77904720389418,-0.1496140785471934,0.026119385621228355,0.8209835543162765,84.36770330934904,39.22743062716002,15.62241676304976,0.7296388041161288,0.0,51.635454321004445,1.2226972002807786,1.8621414069427525e-06,7.461360059123947e-07,6.681471253069431e-07,2.4957131034920064,2.787023001988215
14.48264720108614,47.47236613460482,27.58785192063744,124.86312753628519,-0.2198742522867749,0.04960721097198398,0.8379841417552956,112.34141948009172,48.00510720589127,17.145651672009272,0.7318254520070974,0.0,60.039831922564794,1.0605041422890076,3.100763540251912e-06,2.191137129203743e-05,2.0309641636232944e-05,0.14151389700464465,0.15267445855470277
18.015,55.79717544715809,52.25224593999798,140.0,-0.07492925327650049,-0.004635757311546894,0.885148699562997,109.44499356373824,46.75280515995927,18.132705534036337,0.7374375145149661,0.2212372858929233,59.68913593328858,1.0195716418775176,2.984063317246961e-06,4.374496962362206e-06,4.020090070035025e-06,0.6821500490048534,0.7422876764601849
0.990518168937768,21.840495539675405,0.0,140.0,-0.09964939940774276,0.05880947296851691,0.7950297915414843,24.3299347915184,26.962251439340466,13.229494412679589,0.7310029520206166,0.11034364759054797,69.68596781331163,0.9807477822885343,2.410643577887529e-06,3.880566954916656e-06,3.0459917743106715e-06,0.6212091186400631,0.791414999284781
18.015,60.77756047863091,70.0,60.0,-0.13831920280348312,0.014201128973983006,0.7952724781112062,77.22717678320791,42.80318749846965,16.702105539418557,0.7335636322544841,0.20463554837005657,58.59354471657694,1.1388153456157992,2.624968478024333e-06,2.954218716824661e-05,2.709183946030402e-05,0.08885491324913743,0.0968914820963167
14.093922126680013,46.73407359262043,12.671141908619607,60.0,-0.11873652225165598,-0.0516444589068398,0.8215461743010908,117.64119132224052,50.38970807154112,16.856576632342357,0.728613954351978,0.0,65.55825781609315,0.6715102764465748,3.945291319327421e-06,3.511600381162463e-06,3.216311447629853e-06,1.1235023610577781,1.2266508960861873
18.015,58.60643745727706,46.55166510786413,94.26777722948343,-0.0545787643796392,0.0035687717297176267,0.8830269169167558,121.28332244756835,53.165962391730105,18.474768718159744,0.7351528767370172,0.00974096210378985,57.56827131409225,1.228939793841853,3.1403030561205314e-06,4.97969863329727e-06,4.5411501785427035e-06,0.6306211052858842,0.6915215160596788
18.015,57.83942270366368,49.31125922642607,62.73872548616327,-0.22920433863422923,0.0538671150027086,0.8022397163184597,115.1465530127933,51.50659968629663,17.657104847489027,0.7263036918418552,0.0,54.51737283852111,1.0763507696403474,2.7272820278743445e-06,1.6826666168580332e-05,1.5645873652954753e-05,0.16208094940201964,0.1743131823999673
18.015,54.423094443414804,70.0,124.92308352062531,-0.1581716448822577,0.06141461535238149,0.8632425630424705,65.97251001115107,39.21614397692559,15.409716972395755,0.7340366003287857,0.0,67.42010326151909,1.3318578358547115,3.2494493996341718e-06,2.4239433701495564e-07,2.2512088844733153e-07,13.405632489812177,14.434242073428923
18.015,54.18613486817666,0.0,60.0,-0.15457273410055433,0.042566286876951125,0.8469812782269522,132.2061329739625,57.29661557376554,18.99534875377763,0.7397689133013752,1.009398273676382,68.98546122176676,0.8058537266576609,5.014524836683973e-06,2.6028388435236983e-06,2.417525186385197e-06,1.9265598595014655,2.0742389220696964
18.015,54.26722517654098,24.745121905956765,86.29824752085158,-0.15260353468782273,0.06335211112982676,0.8175892770055109,128.68320354913348,53.780600744273066,18.89597526776461,0.7355854652069082,0.18979856777866744,58.86319901321601,0.41937996762884233,3.3585329242781776e-06,4.975398934474653e-06,4.6200925890721225e-06,0.6750278658072675,0.7269406098531652
13.919507205432952,46.40299558249658,0.0,60.0,-0.029784494817089988,-0.02944936158271463,0.8301481055926685,118.90681880892019,51.04593160859286,16.871871192559013,0.729694961436537,0.0,65.89619308292338,0.9926078461732598,4.030840862322106e-06,2.144174557089584e-07,1.9436613458413223e-07,18.799033171037188,20.738390825884018
18.015,54.70751406553062,44.100914813660154,85.406738459925,-0.08925282542806683,-0.014163473965689554,0.878358879451604,117.28757795808568,50.60282819829974,17.898372431902317,0.732593866903707,0.0,56.6695586159537,0.9820341326993705,2.9013354753741612e-06,1.765439539919955e-05,1.630418310710087e-05,0.16434068739084134,0.17795037361366228
18.015,57.3406812380671,52.99285791924663,98.06971628987058,-0.06529327070784086,0.07706958495795745,0.8878481991059016,110.81537375937215,50.06218683565369,17.5458458873324,0.7309979208371947,0.0,53.44311990303133,0.6662481506690919,2.5627537490904437e-06,3.52624572923565e-07,3.226298819642421e-07,7.267655024274065,7.943324200126262
7.00793906936755,33.27192866395019,25.065280183505593,140.0,-0.2209688357342688,-0.0342911607518747,0.8146939024719814,64.58112367649049,35.55876309444551,14.985931360087426,0.7333086018243867,0.0,61.58100426562586,0.49735249282152394,2.438033860425613e-06,6.355519637664721e-06,5.677863146616593e-06,0.3836088942243355,0.42939285387292647
18.015,62.72966555026195,70.0,60.0,-0.1621996230450422,0.09519080440597598,0.848419569836942,79.33273052965811,43.044344315606416,16.539548286503425,0.7356373411169462,0.17301699093801592,62.40595482062924,1.6442817183100509,3.0053994221268215e-06,3.7396190284200444e-05,3.4415361224637416e-05,0.08036645977268374,0.08732726652234885
18.015,59.822501003144595,0.0,60.0,-0.11463369342521405,0.029414867019728532,0.9062584806988535,139.023563655385,61.813739386858416,20.307364059610812,0.735402346176302,0.8087162861448866,36.29385429467141,0.6264667162204949,1.6432667072931721e-06,1.5839651442795414e-06,1.4495980609805463e-06,1.0374386792713193,1.1336016179420267
18.015,66.51583734753412,70.0,60.0,-0.11257133900452755,0.007452933253868706,0.8558086954031652,83.87756875834135,44.6658075942158,15.98027334006202,0.7354558846120661,0.22615449947352767,58.304792486504326,1.3246351354756798,2.7063824451195686e-06,3.5970897764546043e-06,3.2517674276463192e-06,0.7523811228829149,0.8322804460460725
15.308075876731992,49.040870608053076,0.0,60.0,-0.07321140697571107,0.012986327904425712,0.8209393814084693,124.27165713235895,53.26556788764541,17.969871335260255,0.7310227368902275,0.0,54.008243610013345,0.7396505470246286,2.780812292715065e-06,2.2864616220466086e-05,2.095496791200556e-05,0.12162077272156284,0.1327042019053571
13.113086956150683,44.87051972042482,24.35173483029273,119.71637426638246,-0.1381589617881148,0.0663841468586953,0.7893068823334709,107.09376735024833,45.65685541194555,17.1676819131799,0.7306313394582864,0.0,63.85232832863014,0.8892810540675226,3.3689154304781182e-06,6.530977648111672e-06,5.9739901026362325e-06,0.5158363130292118,0.5639305342992561
12.028337466416412,42.81014170377274,0.0,84.53589792412834,-0.160060629946002,0.032390558159487104,0.8295455032008249,106.66244648898633,45.08997560976257,16.361367632195183,0.7317452485162566,0.0,73.01276396994649,0.9238157677610528,4.481689350111575e-06,1.3298341140886372e-06,1.2137460110813893e-06,3.370111582062225,3.692444143333254
12.741339785026144,44.16395140671718,59.62242620598864,114.87383381868341,-0.24164749431547017,0.05337714147395612,0.9031494417481168,65.06276019294828,35.839188441093135,15.61801235566405,0.734848728804481,0.0,54.19042616251458,1.0303529862200034,1.8760526202211641e-06,1.1223978879276579e-06,1.0367100980790072e-06,1.6714684163251754,1.8096212467665103
15.37391705072145,49.16521198699676,59.77021958221124,140.0,-0.14501517298092342,0.039713670954795326,0.85415044167945,78.09550488458875,40.002231266040766,15.426911118731363,0.7345317795240056,0.0,68.66566872805537,1.1082287469372354,3.4574349262992512e-06,3.86342659977345e-07,3.561309754274989e-07,8.949140968543297,9.708324085398507
18.015,58.42034855506604,33.88693286064977,140.0,-0.15942856711590442,0.0964259526393356,0.8616862807110931,131.58294959095068,56.961804347758864,18.75123752632042,0.739371183904845,0.7615254930154652,49.873845282452095,1.3348269104346688,2.525075027958961e-06,1.476657715397243e-06,1.3611698419179224e-06,1.709993454562812,1.8550771183712587
12.730149787064459,44.142029560129615,70.0,140.0,-0.14766182667831804,0.06675811170355322,0.8488779156127623,44.16000744358565,32.80181234409419,13.864952712566739,0.7371845915442375,0.22429782400999954,52.64914518839704,0.9834656372119365,1.622708724681762e-06,1.1828942848654984e-06,1.0811483088280262e-06,1.3718121267838173,1.5009122351037962
17.08187321436954,52.410471608785805,15.151076927281913,125.95302723034976,-0.1282811260056559,0.014110292750531838,0.8394601629908319,127.50031962197028,54.43328077388378,18.505311486608132,0.736565592850841,0.29005137515463053,58.04146798423118,1.0156012656998823,3.277290717679671e-06,5.912020433413992e-05,5.477560307132918e-05,0.0554343604625728,0.05983121196149972
4.402550940613622,28.321796921923777,66.5697897693218,140.0,0.1484300089400819,-0.05079914176968964,0.8224611122388928,21.198817179910197,25.77652611319417,13.228504991494013,0.7322529143897498,0.1882436752331158,40.50677104605431,1.0048724606469481,7.968437749506754e-07,8.590769347821562e-06,7.0540250427845445e-06,0.09275581064840696,0.11296299206730984
12.174537429228097,43.087968394847415,0.0,97.85871417233949,-0.14223043293693532,0.0831446270731709,0.8092088907425029,107.0939902859436,45.40040251034645,16.374305005104535,0.7311394235242835,0.0,76.28115529225161,1.2102541782442011,4.983203903707596e-06,3.105530732889713e-06,2.8303220434922624e-06,1.6046223117137528,1.7606490806109638
11.965702564688726,42.69066125727601,23.908820861810597,140.0,-0.060187897305221144,0.03144813318254811,0.8320370050432297,100.51850244299096,43.48509239061245,15.744884132340788,0.7330840059290946,0.0,76.34982308350793,1.1640649058779957,4.7839936937904394e-06,7.037825561750781e-06,6.3540868085123155e-06,0.6797545139212484,0.7529002731567209
18.015,60.92699831930583,70.0,60.0,-0.2647363140962953,0.10542910541527313,0.811322733272861,76.53459638951466,42.633051037896784,16.629343585067918,0.7349337420193018,0.23417046128091798,70.37959893000503,1.1239014402831486,3.89404134542333e-06,2.5802544044812594e-06,2.395182695452962e-06,1.5091695371822056,1.6257805105288277
15.363695109731038,49.14601016904018,48.96084585799576,88.39760988118084,-0.24607045567571928,0.03215339243001506,0.8347555107946885,97.92983697638016,45.52571689501896,16.78603157004033,0.7303892710648338,0.0,80.07102239415228,0.8410339323827247,5.605966645149641e-06,3.537482912530843e-06,3.2960081628216576e-06,1.5847332082627448,1.7008351825046655
18.015,54.33778561195941,35.87805640406057,122.95627030202536,-0.19225052663219835,0.029515429706512438,0.7978475521019582,123.76979262736951,52.78949271049219,17.982781588478243,0.7346839784630529,0.153944210164836,76.5107859000974,1.142137737877865,5.836673569093084e-06,5.967526859437381e-06,5.565643945938534e-06,0.9780724421646535,1.0486969029616655
16.756787983512453,51.79264097758339,46.72703425436714,66.82499598640052,-0.054569223639160405,0.10991027754811684,0.8387532065078896,107.82377116031147,47.586493780343396,16.822925587567916,0.7292743201823185,0.0,76.48840709380175,0.9296918185597007,5.2635130065282585e-06,3.8335436767104524e-05,3.526918246143435e-05,0.1373015009195058,0.14923830492197346
7.228844472530798,33.69197447343706,0.0,60.30795571461604,-0.11763631172891804,-0.062906980984026,0.7982008512291068,71.30160254894265,36.04409006150064,15.062614263536917,0.7294779193406774,0.0,97.85300009941865,1.2975082851739055,7.199371611707457e-06,8.339373505069122e-07,7.352385909097243e-07,8.632988566025121,9.791884839449928
15.896840288812037,50.15933490035607,3.8578502024577546,60.0,-0.17191421719182992,0.06819713560156289,0.8475776806412326,125.61926182762618,53.40866762806815,17.931145367202376,0.7330080128732878,0.0,49.77991470413383,0.8666441829360337,2.376067179207838e-06,1.627261248601309e-06,1.506304206037807e-06,1.4601633150486162,1.5774152191062796
9.108853202013362,37.26351226818068,0.889273239768805,130.35828483687956,-0.1723016551686788,0.03227819853854752,0.8292511038121977,88.14145031693391,40.199089355287626,15.602156983419007,0.7302568355510515,0.0,58.87815336048979,0.6459558527075597,2.503982188489675e-06,2.64288167627659e-05,2.392517966687072e-05,0.0947443924927202,0.10465886665657723
10.026063161671583,39.00605271620341,1.785231513112592,89.55014847663568,-0.1633648412795755,-0.005217261425475432,0.844074752262478,92.11327926686673,42.24644792128651,15.842206284469178,0.7321453597797062,0.0,43.05495178795931,1.1722137039503315,1.4389155374032887e-06,3.7490541988914068e-06,3.3947973842860277e-06,0.38380761148472464,0.42385903325594565
18.015,61.45953262450881,70.0,140.0,-0.36938509656414026,0.08015590419923489,0.8080443694949747,75.03801128964015,40.95788752431511,16.91678012572054,0.7371968264164719,0.28733041794841235,47.53767481604769,0.836828929525421,1.673460176933875e-06,5.715342767344162e-06,5.364511061099568e-06,0.292801367311782,0.31195017735518743
18.015,54.97618638937803,0.0,60.0,-0.0025062654168464676,-0.010159723820015863,0.8528161802893773,132.42255272212822,58.66860791898188,19.102205246750547,0.739321686250971,1.2042928347973134,61.79641303641551,1.1656953668038497,4.02505593446244e-06,5.2487980329623956e-06,4.798667288529924e-06,0.7668528888300009,0.8387862071795186
17.679170376975055,53.5453768094252,0.0,116.44580836228283,-0.1989072976397006,0.04233853897846961,0.8377229441182245,131.02196120004257,56.70628025338937,18.962856364897508,0.7391396997283978,0.8195849899021405,69.72999586130265,1.1621618459241057,5.071298193369932e-06,1.325607309451821e-05,1.239137120203491e-05,0.3825641392598437,0.40926045315607396
18.015,54.99964064394398,24.731787839170238,119.58816180965886,-0.24717352351998673,0.10773664593460618,0.7917970735825405,130.5978389051559,55.675095643284294,19.263507789025642,0.7383736540889942,0.708173831470758,51.4862812994573,1.0579036465407374,2.634032041970598e-06,4.386636033584329e-06,4.104259692272978e-06,0.6004674246516698,0.6417800625359176
10.703391049024047,40.2922382943175,54.99769058231135,140.0,-0.19062212475556672,0.036602768338113406,0.7942548373623947,61.7618322887053,34.99548801004329,14.65334587348192,0.7352588693100535,0.17717458143842438,55.571035822025365,0.5911616482602353,1.9384484058973222e-06,3.1990074011150904e-06,2.9128089459565205e-06,0.6059530857045312,0.6654910918851104
15.513195599427814,49.42960785891482,70.0,140.0,0.006648571503096154,0.00989117833030144,0.8112279575154825,56.33879111555397,35.26941708569846,15.308612524904436,0.7347246574643472,0.0884642382313811,52.23012727464246,0.5251758044620868,1.73063704745535e-06,1.2780834105257463e-05,1.164164071500106e-05,0.13540877169694607,0.148659204473241
9.550705069131347,38.10259497221768,49.87789137220598,60.0,-0.3155432015140962,0.05165043987314657,0.826840970643996,62.350440402377,34.402238424321986,14.690881024960968,0.737089305111772,0.2599075738566542,51.86646448043054,1.2233671087639788,1.6473571759322748e-06,8.663914957399077e-06,7.969169855900484e-06,0.19014004454480637,0.206716283592895
18.015,68.74092632317189,70.0,60.0,-0.0867043856301212,-0.03451660909054787,0.8554851996166936,86.75418065440425,45.956596838680106,15.988372100737843,0.7353225177198371,0.24956140591978518,57.25619306707215,1.1578438555273312,2.686088564848233e-06,1.915149542883637e-05,1.7205253246129595e-05,0.140254768868012,0.15612025736688775
13.645101302790762,45.88144365700849,5.431385883482534,90.2659318391998,-0.28443205035152835,-0.11162373726143833,0.8147930454587938,113.99167311979782,48.565011646302125,16.824411394533314,0.7283272725010698,0.0,42.68414724381124,1.2082227233183285,1.628723357419839e-06,2.210562260424614e-07,2.0578297027805382e-07,7.367914428734466,7.914762602654189
10.634248664982591,40.161448998015835,2.412605811180775,116.03724733622542,-0.1381197194017164,-0.031940971648971535,0.8380781794953686,94.97703401206216,43.208392677389355,16.179946965671782,0.7330024790944895,0.0,67.01945475067686,0.8360621116449352,3.545663982686754e-06,2.085843589651752e-05,1.8896808335019366e-05,0.16998704985730645,0.1876329547205052
11.909522145314316,42.58418733099027,23.09328569721978,60.0,-0.1476740986345682,0.06966134354840071,0.8247899952610073,100.9755411059951,43.679604047929246,16.17445446966897,0.7310396111573276,0.0,54.80382515676226,0.9914050270120718,2.339772837318848e-06,6.881052962345549e-07,6.268298818535855e-07,3.400312205301335,3.732707876656988
18.015,59.35187422511769,50.30061185084915,140.0,-0.07181403567019463,0.05547452402972037,0.8254160145887651,119.0042926090532,51.268745697542954,18.380917292324625,0.7402834715827638,0.6131920602452939,48.6470289089135,1.0984987868741305,2.175785402182227e-06,1.1120494509878064e-06,1.0143547117403512e-06,1.9565545401326623,2.144994622688924
8.83963906666564,36.75209919022667,4.103516513997754,61.24655610022157,-0.12906445119846313,-0.03201883325856431,0.8351801621951136,87.5540492223548,39.293443628935755,15.639877541998446,0.7297947880146594,0.0,48.53650825058806,0.8937302708067855,1.6663717046865538e-06,5.177278552473238e-07,4.6283866745957436e-07,3.218624780948885,3.600329492418866
10.59470208529009,40.08618453808907,23.559806355721122,60.0,-0.1386613170401379,0.01795521871613083,0.8299760610817033,90.79964398765989,41.32789331211768,16.179051873947557,0.7317184032625365,0.0,66.72148400551339,0.7727933680227664,3.359960260938897e-06,8.63776884673627e-07,7.811570435728909e-07,3.8898473906354165,4.301260916205736
17.517675074661906,53.23785083008331,70.0,60.0,-0.11982240628470148,0.02871815206373379,0.8495860810111905,67.05828798211513,39.52701041161719,15.51928605462622,0.7374064250273232,0.4212486711332703,70.86319420216846,0.8049531823514651,3.6741832500877106e-06,7.005530667672169e-07,6.477992874580528e-07,5.244689409529893,5.671792669771386
12.9741676917779,44.60682852288695,3.094286128844132,92.07869480685477,-0.11857657482853091,0.05527319460678103,0.8528917199548548,112.0070470089612,46.57084676603875,16.86352598920895,0.7308525419644607,0.0,51.10529862167976,1.3235794055456198,2.1640094725327486e-06,9.874787295278145e-07,9.005704305448459e-07,2.1914492007007778,2.4029319630487103
13.584414637767868,45.765695236019766,42.07611171010627,140.0,-0.1601351270905142,0.06360356316262764,0.8730755184388629,94.31097813049865,43.26631036518977,16.24675639586362,0.7311680490501964,0.0,56.62615848702885,1.0397453729617223,2.4751693240108104e-06,3.3695587387486098e-06,3.09649276775437e-06,0.734567792378073,0.7993460697813436
16.051057381196234,50.45193753918519,45.91322099151239,60.0,-0.2597895232986009,-0.009096700582430374,0.7548736344949646,103.42762883379922,44.22596976963164,16.750064347759373,0.723369968939961,0.0,50.47116114959104,0.8424896144529109,2.0205510449844522e-06,1.419164507048492e-07,1.326416984863534e-07,14.237609769333183,15.233151173741438
18.015,55.854386130121114,70.0,60.0,-0.07060710466105169,0.07687538017601073,0.8174489434554797,70.49336986558976,42.25912313247184,15.54782274494399,0.7360386290575609,0.3749332390770627,55.59334517119632,0.9722956979730667,2.330491046068684e-06,8.39369975158904e-08,7.707163143036471e-08,27.764765419772026,30.23798773708735
11.395680623769097,41.60741423178067,66.44811236549256,113.12487181089523,-0.023481904062263345,-0.03941687317153906,0.7588543334085316,47.486978099318996,35.22601948061417,14.428735657552293,0.7305847793482054,0.0,43.31350998559663,0.7546221950514701,1.2241037286529549e-06,2.9784249012905676e-06,2.6699683563379783e-06,0.410990294945004,0.4584712495738663
13.703404882271869,45.9923958996382,0.0,140.0,-0.2354924185995948,-0.028170146414491837,0.8273389483384774,116.24340164332688,49.20551039237184,16.838578673509627,0.7290052926148415,0.0,60.35944658902219,0.6374975925929018,3.228594367066387e-06,3.0128239291260614e-06,2.7896022235156157e-06,1.0716173407461334,1.157367290522707
9.90684175035301,38.77992525864077,0.0,60.0,0.11875254265344697,0.015076112362222028,0.8882683514157147,95.75696144121446,42.632382948030525,16.065080181512165,0.7317966435770001,0.0,52.623364162284574,0.5526539300370061,2.1215114817653315e-06,1.7780493550350052e-07,1.552525102847779e-07,11.931679375253138,13.664909365226157
16.851796911310654,51.97351422966756,4.855096032467674,82.72904268122755,-0.1631586085410091,0.00802123436773852,0.836423071632483,127.95785795665091,54.33219235974331,18.481497133463222,0.7362795861892245,0.27827565305232627,44.2492615869378,0.98117518655116,1.9477983131521287e-06,4.658568501748292e-06,4.320627784146451e-06,0.418110909482419,0.4508137267225671
18.015,55.60089634871441,43.121503275529754,66.09853479278985,-0.21737469338853793,0.05272661202874018,0.8346521697348135,119.11915578160186,51.164934530368576,17.77885395631527,0.7285645454518777,0.0,66.63163504409935,0.7090805487255998,4.1496791052378885e-06,2.9217125775245215e-06,2.7232184393919273e-06,1.4202899823752635,1.523814265213509
15.784360101307419,49.94462772114365,70.0,110.27632775154545,-0.07546821171453943,0.01611115810821165,0.7945337670623491,62.670092727236614,39.00462187332409,15.661961995607914,0.7326965867236657,0.0,63.13370855347248,1.1008554353446809,2.8034464019917322e-06,5.051606462422361e-07,4.6301809834532343e-07,5.549613618649572,6.0547231566332735
15.021111449085645,48.49587462372685,0.0,60.0,-0.06472121215633472,0.06004143416257784,0.8269058217338585,123.07484164593076,52.95880096346275,17.975006779440655,0.7309794803848616,0.0,31.831612297954855,1.3051543559372605,1.1556780634869984e-06,4.227969234425666e-07,3.861439484239982e-07,2.7334117147235757,2.9928685097973555
17.91375777599571,53.99116954556427,1.690052931223228,60.0,-0.08132710374016458,0.01507613040736012,0.8267601279495325,132.23285543664358,57.31446270740476,19.04630787452691,0.7390705461317414,1.0178149066333577,77.62427898363114,1.0091568562844027,6.557754117914603e-06,2.0519527933658495e-05,1.8947209496081934e-05,0.31958601285158317,0.34610659259721976
14.718139152566136,47.919663101475194,52.29759989664302,60.0,-0.10564878320150313,0.09620842285111357,0.76809207147953,89.9963799748892,42.61508847121979,15.34343491215238,0.7295709936729227,0.0,57.64000291534969,0.7416641788416729,2.537347256757755e-06,6.094576102231971e-06,5.587246730107062e-06,0.41632875103955486,0.45413195073079127
15.463872756905307,49.336199342556974,61.85014540449882,96.57849754412075,-0.21975939168572495,-0.026066084390491767,0.7895703055203973,76.56144932574509,39.97667048565998,15.052384346888172,0.7314956179903189,0.0,55.352683173933094,1.0593101292186717,2.18305523898573e-06,4.082495420914067e-05,3.8082519652325584e-05,0.05347355021642488,0.057324338276877045
17.152086633970907,52.54349623860315,62.86878680130239,60.0,-0.1257372413589188,0.1271204817266187,0.8351255224942314,81.40671255656616,41.8548169974613,15.24414485722457,0.7361997488707792,0.14606392266135648,56.51642314589245,0.8524636407702562,2.3902805601174623e-06,1.2255857142569855e-05,1.1342827114841342e-05,0.19503169238281928,0.2107305820600878
18.015,64.44176755471092,69.51608010449412,60.0,-0.17411678426803123,0.013227584238371658,0.8464727801488782,82.93043145537462,43.02442251987067,16.527473349150263,0.735108695805133,0.1494636998430633,71.15681031718175,1.088776266577732,4.029349295231864e-06,6.363489888562323e-07,5.813858846596218e-07,6.331980353224381,6.930593606672936
12.561797059532234,43.8236499796352,0.0,60.0,-0.28651325697653784,0.07017862504385755,0.8409020789017159,108.34396108108443,44.8857322286701,16.283897723500385,0.7311529898466321,0.0,57.23402066513314,0.6861388734329921,2.6359733697178203e-06,5.3951066469184916e-08,5.009993786435701e-08,48.85859617294872,52.614304170487834
18.015,60.082451140579856,70.0,123.29226696742631,-0.09059855361863955,0.00828953734036789,0.8653948252398466,75.6161297071288,43.15396531108113,14.786948485393786,0.7371803868233514,0.3572787001896928,54.802183836937076,1.2204102053171466,2.305187386255209e-06,4.794832070506385e-06,4.3759002890908015e-06,0.4807649887124737,0.5267915706402366
18.015,67.97361613998385,70.0,100.67455463443393,-0.0033477197028610323,0.06973735334836288,0.8319949375732146,90.16609132578357,45.426219276751624,18.22645147523204,0.7349582142542889,0.05613529686647162,60.57098091900784,1.0528912979135845,2.989504299278221e-06,2.811275085018257e-05,2.5132621759138857e-05,0.10633979987265481,0.1189491620861704
18.015,59.09350742947786,60.74000713013672,87.86404129928316,-0.1362603862191199,0.0375084297663146,0.7916639457683128,99.4659499739271,46.609269022258474,17.65603158552471,0.7338731134833261,0.10561124409369382,43.97094453760026,0.8409319496520188,1.6581757166517424e-06,3.050908077048652e-07,2.8019996088676413e-07,5.43502352340883,5.917829936178517
18.015,55.79563936089773,31.70429084998426,73.66748670686422,-0.12199646571882614,0.10374226464917183,0.8570517708224824,128.30811360053613,54.778276570680525,18.919787836480577,0.7346548611618642,0.0,60.12828895544606,1.203794241499578,3.5445847000757056e-06,1.1144747784173164e-05,1.0292274853210098e-05,0.3180497906923858,0.3443927363609194
7.401520533475534,34.02016107573507,0.0,140.0,-0.07737991695714352,0.10945828186038806,0.8015069313157654,72.82499878130434,36.130305018912395,15.092537779752822,0.7301618022733324,0.0,64.64559955794222,1.3599335195286146,2.728511861606418e-06,2.1980572647908147e-05,1.9393545774564572e-05,0.1241328834017473,0.14069174834366663
14.929635183637854,48.32172700628645,13.053117494798762,84.40786728414167,-0.14231994988784405,0.060661309340452864,0.8472018629771909,121.5584569311995,51.95887129264206,17.59322580251046,0.7307377064299703,0.0,44.06404871613487,1.3369037439552396,1.8359437014545148e-06,1.4470205358300915e-05,1.333176095273056e-05,0.12687751528013494,0.13771201778700387
18.015,56.5640421639715,22.848878043114983,134.6083586428756,-0.07819537173135468,0.048406434631292745,0.8162453732330207,132.36648260671802,57.59095859997996,19.41302452539422,0.7393770357452797,1.2052963556564416,48.228025248929654,1.2278968152424403,2.3999965655816813e-06,1.7005361156792744e-06,1.5606524486359244e-06,1.4113176094604785,1.5378161663600238
15.002141960559253,48.45965382044718,0.0,60.0,0.004343481163658014,0.030231339731154303,0.813927864609064,123.15622007650425,53.16223500953813,18.001518810301924,0.7306400133926649,0.0,47.166170728096574,0.8955313910210476,2.1387670588973208e-06,1.4076474934193604e-06,1.2777325990464937e-06,1.5193910896697405,1.673876881980919
18.015,58.58542847921041,48.43287225083289,97.05677353483883,-0.08508340421770812,0.046884665913770815,0.8221549221415362,118.58207102211622,51.17263772937743,18.46338564981093,0.7343536535881047,0.024251113995811768,63.28596945330631,0.5475707285936104,3.7167298808220987e-06,4.700014754449094e-05,4.3043923564568804e-05,0.07907911091776457,0.08634737665693398
12.058842454655355,42.867898537175755,4.0190860479366215,83.47641267455899,-0.1190920702335878,0.046024091488385245,0.8655475450055724,106.67579661676263,45.240061874430644,16.38856477632398,0.7325061265412647,0.0,67.06452429547107,1.4231351922192665,3.7027969812062884e-06,7.1991868660407245e-06,6.545019061511088e-06,0.5143354451143292,0.565742734498836
14.355542677365676,47.231178944548596,0.0,138.93654740248886,-0.14127577423694923,0.02885972944832093,0.7843208934676549,120.61441341332697,51.545824678754634,17.590674384093845,0.7280986021026313,0.0,58.750671826501396,0.7702316736920616,3.1914705327428946e-06,2.59279956955945e-05,2.3855987935492794e-05,0.12308975094766644,0.13378069025574263
16.1287772693941,50.60015748090518,0.0,60.0,-0.19398331320321563,0.010974713960966812,0.8020818423172243,126.13254217725218,53.629424112974725,17.919217218925247,0.7320802623021448,0.0,43.8682717023676,1.0414856601637037,1.8915469463842487e-06,6.214052358509586e-05,5.800223637890364e-05,0.03043982955492715,0.03261162093867531
4.112614345283546,27.77198302356208,0.0,89.06537339427639,0.00815619135364233,-0.0792534000482692,0.7996138094141161,44.31102230541433,29.781315494769945,14.19451200903765,0.7346079279993634,0.24067866634963622,44.30610823014167,0.6364424622391287,1.0789864662456971e-06,2.8900924358964343e-06,2.404871131916583e-06,0.3733397772486895,0.4486670624158516
3.059926264253472,25.771595628665793,21.26973058158727,140.0,-0.17055937521485337,-0.0029005235994320967,0.8489147501869003,35.800798878204446,28.826552747905225,12.632449314527193,0.7339804539648342,0.2614017458792152,54.87661006537676,1.0096917581228109,1.547913869835282e-06,9.84778399516177e-08,8.292809367547826e-08,15.718397870990817,18.665735593690588
12.777813638855092,44.232949854397404,70.0,140.0,-0.15765631961214957,-0.055466830800404446,0.8585929341463315,44.08000820914659,32.79414480160196,13.859612147396792,0.7369939673103207,0.22804921032170977,74.60446272215825,0.9888204853986547,3.423296371199532e-06,1.7308864810554116e-05,1.5946280691594184e-05,0.19777705867297377,0.21467679124725716
16.972543479083857,52.20212549533228,70.0,123.89645959546459,-0.06709217455744046,0.15034413836413651,0.8407718817009012,63.89910656546885,38.29351605964099,15.459479701937985,0.7330468324876395,0.0,65.95612069874964,0.8098806434073685,3.034394355881469e-06,1.6230530269417818e-05,1.4930210120392261e-05,0.18695595926394287,0.2032385566856139
18.015,58.08025661589801,0.0,60.0,-0.07623734132666649,0.027531463380925995,0.8534044888964465,136.4062418967462,60.61834281554567,20.740285504998997,0.7363256192840975,1.0605640480073146,66.3814638202755,1.3713462085043784,4.851843544744315e-06,3.038812953120549e-05,2.7846383204575298e-05,0.15966246095410283,0.17423604024622966
11.460403263013697,41.731215722137634,0.0,117.5484264051057,-0.09530249604118404,0.05254688736608513,0.8794407017411902,104.19688378895312,44.52443728698307,16.175096602771006,0.7337547900054834,0.0,52.58644209697229,1.3680104776935644,2.186698640063155e-06,4.709784874676973e-06,4.256991619534268e-06,0.4642884331767134,0.5136722914907661
8.046026377352508,35.24367003181458,70.0,120.18911392235896,-0.10776217763926765,0.041163516300379815,0.8143853085689222,28.687850876028968,29.81571110782242,12.535052926785177,0.7338002322187989,0.0,80.73898609647244,0.44972862146436166,3.7519367743768308e-06,1.1585897298331847e-06,1.026922986439289e-06,3.2383652968484706,3.6535717127008165
18.015,60.00606596525896,20.772206423935078,74.92247012287656,-0.16164913709718864,0.015501962693289836,0.784828095661696,138.00593034426288,60.63393458405257,20.000660886170866,0.7355448457568086,1.1948680681482946,44.80262661080864,1.4948052761865698,2.2001123753606573e-06,0.0001824667849267448,0.00016853223648765543,0.012057604764855914,0.013054549213923296
9.917562402385363,38.80024518447579,0.0,121.21776830164336,-0.15802267958498672,-0.024893544509183543,0.8459494842871084,92.19777815940988,41.6776290635705,15.845888143692685,0.7318794731587257,0.0,59.09761257125379,1.3938102040757392,2.596139693867987e-06,2.326541020590734e-06,2.101712448615083e-06,1.1158796130784743,1.2352497105770608
13.104557657668169,44.85428525320503,26.49652296355118,130.3758958009488,-0.0849421047175288,0.009466031235507233,0.7874409146919428,106.58126389303774,45.09184396101903,17.181978162008086,0.7314008904504284,0.0,54.54030068301273,0.2551171703037499,2.420353278674615e-06,1.6543681013266955e-05,1.5078702198933476e-05,0.14630077047143555,0.16051469461647752
18.015,61.97088888816155,50.60421948514588,84.92156452523396,-0.08407892790889959,-0.015047201016522651,0.7770461103555407,120.82844508686257,53.39235071747709,16.8323719532456,0.7282451083726954,0.0,59.03369691797787,0.887237994913744,3.33457684401934e-06,1.4066094589497666e-06,1.2778642800257292e-06,2.370648670675849,2.6094921785842544
10.514781344518875,39.933838852193475,69.97692780720595,128.86792862723928,-0.27223432215899424,-0.021399142745922778,0.7805503667846505,37.11995112606098,29.363171265405747,14.393425740472269,0.7322959327695111,0.04962499073805934,58.21889817494187,0.9984622275250691,1.7794341503389185e-06,0.0002206448292752355,0.0002067560998125329,0.008064699074000176,0.008606440883496753
9.253199477613622,37.53734022937634,52.5434438114481,60.0,-0.269874508737664,-0.018410602984002634,0.7971970404352182,53.19241464835423,31.212738427780163,14.724194204655346,0.7362850872530325,0.3402963784434938,64.62294433401962,1.156845099218958,2.358754191557621e-06,2.784649308416247e-06,2.5425491672814648e-06,0.8470561030534752,0.9277123219133809
18.015,57.90179332511653,7.773572102422225,99.80766812811895,0.11537499574741532,-0.010295203956500637,0.8285884024596952,134.51966989543033,60.95484224997556,20.39551808292464,0.7354476071415755,1.1934115394158777,48.89078414006565,1.1851322719130468,2.6076439554263313e-06,6.735431858181874e-07,6.048654498042303e-07,3.8715319378648196,4.311114077139497
18.015,69.40234962133583,70.0,60.0,-0.21713661228068187,-0.05552921048607145,0.883044371378814,87.47294574532229,45.7282602879953,15.93378576575795,0.7358336611906455,0.31348334596659244,56.71538465552777,1.1328562653119003,2.6217765409249194e-06,1.650374255181201e-05,1.5054176385444896e-05,0.15885951520960098,0.1741560928872721
18.015,62.45138863292904,38.71904687496987,140.0,-0.09665791312138032,0.09261222391000702,0.8248761235021824,134.9417594686333,58.24560310645968,20.31201741418062,0.7354603612704927,0.44043083986943476,66.46398463058375,1.2719961421681276,4.677723589555336e-06,5.265395292242459e-06,4.790264752802103e-06,0.8883898225926279,0.9765062749024603
11.99887765884512,42.753843302599584,19.356892657548613,76.14461633242328,-0.14653965129313004,0.023321999462960107,0.8775079785856856,103.03310942481215,43.68667844263961,16.174538431250735,0.7320586886521949,0.0,50.58802832074344,1.053433077686262,1.9980151498012643e-06,1.8725256315703506e-07,1.706215368611594e-07,10.670161818429555,11.710216579675505
18.015,55.47610672898196,62.877387046171634,60.0,-0.2005728269911749,0.05282098148926864,0.8342369648935614,85.96747980368309,42.5274869181979,15.204738472472679,0.7344189330400608,0.0,71.49934652814417,1.0171232847179126,4.028110461561533e-06,2.7177934348591095e-07,2.529393042752571e-07,14.821253189797151,15.925205744924508
15.731377344785942,49.84462194704525,35.65628614111917,121.50075179637295,-0.1138297128719452,0.042853332356616265,0.7715170372563815,114.84524603669243,49.62574988085883,17.176243018055533,0.7306628258556611,0.0,54.454358010267114,1.1513967808792434,2.6192361143406146e-06,1.755215120385363e-05,1.6152688181050378e-05,0.1492259315636224,0.1621548119410481
18.015,55.034105140314004,22.99777931670502,60.0,-0.10092011185063594,0.12419631047298792,0.8455968291699288,129.73519275379476,55.87188279967659,18.576040127505525,0.7377924829980739,0.37439327472262146,73.75496767264967,0.972973798027395,5.681562088854137e-06,2.0857737893736114e-05,1.9262046351473376e-05,0.2723958905706833,0.2949615002052753
11.798749486243091,42.37376118181834,0.0,138.78752238805706,-0.08230421342955113,-0.03131799868229591,0.7988690030667356,107.10779633098443,44.57088901828902,16.605518053829098,0.7307984572291599,0.0,35.840536424194276,0.9412106103400775,1.149621103056544e-06,3.2079975832883083e-06,2.8995261279675966e-06,0.3583609629400477,0.3964858574536672
11.001664942154758,40.85983646247445,0.0,60.0,-0.09707492693864449,0.03960712647311961,0.8192286773133258,99.37769219021527,43.364884728764125,16.212712417576874,0.7328817260993931,0.0,86.20825766015786,0.7841738150368308,6.365791076077029e-06,2.4405245114523324e-06,2.201365277632968e-06,2.6083700639780947,2.8917468358190357
0.7206000000000001,20.40699276660766,0.0,132.52476640690435,-0.20017054260777478,0.01735626234737521,0.8149517902409492,18.87283597694497,25.30503314632912,12.589463370392412,0.7317896550406483,0.0606676455243972,38.3450435029788,0.8748284530869582,7.212464693781457e-07,1.6511729800929275e-05,1.3250642934503502e-05,0.04368085464537787,0.05443105462453325
6.161051672152048,31.66312645078841,22.495414960535747,100.23778477114098,0.050822283682416494,0.05607816224590119,0.807683548653843,62.984081267963134,33.80343165875852,15.185171993778301,0.7314993223245947,0.0,60.486148444989425,1.0504287814798534,2.218071571419305e-06,1.8519184308986356e-06,1.5779767001259552e-06,1.1977155874748733,1.4056427900629058
13.476192456445766,45.56071379230788,0.0,60.09332402659031,-0.11626169441764543,0.08275187525973066,0.8359609115324007,113.99259056660604,48.455199236695194,16.863929157399344,0.7302159833316587,0.0,64.08243261216028,1.4224878555362563,3.5885722361809965e-06,1.013226409725428e-06,9.254527333829293e-07,3.54172789194614,3.8776396748683375
13.414959126891638,45.44390723650372,41.37677667975816,66.66753966236853,-0.2110067498928926,0.029878196029197897,0.8600542034769441,94.94724300512283,41.77484522275947,16.115660689255645,0.7312874832233689,0.0,62.34489356360625,0.9586475197127626,2.926074388449301e-06,2.3435872242815103e-07,2.162344119852171e-07,12.48545118411954,13.531955259042407
17.201137311180563,52.636923348827565,34.96964220784368,66.55796855497155,0.08960315839602224,0.04371665782510483,0.8701141218061146,120.62866990762684,51.98869640566232,16.892201459738573,0.7306649420782302,0.0,72.04782812995752,1.1633204637675405,5.006128812611395e-06,1.0397251908670484e-06,9.422188851055875e-07,4.814857672570846,5.313127227385594
15.986816104789993,50.33009258825391,16.67186101365782,109.99813584313304,-0.09187317943535665,-0.08559132339373332,0.8232193566575708,124.65293970663518,53.664981773104024,17.959136054406102,0.7322937506678079,0.0,53.23861477478662,0.6844349018576544,2.7257538554171e-06,3.114346457898294e-07,2.860578323924362e-07,8.752249925515883,9.52868108039671
18.015,56.51814664567406,47.29502748337097,66.28297300742352,-0.16319298768738685,0.04975020153358179,0.8057826698868059,116.90019669937737,51.38308434515962,17.666924165335818,0.7271265550737347,0.0,79.41195083432422,0.684669856047271,6.210820961005151e-06,2.490972799450377e-07,2.305469928844433e-07,24.933315058179453,26.939501067872055
11.59777677976284,41.991525050184386,57.42569017504876,60.0,-0.07850399042501409,-0.00888148207910492,0.7965971228421896,65.4324136986856,36.87827401090249,15.679690538165769,0.7367373622295366,0.344499015408672,84.50695004679001,1.0665865789691489,5.155311802919351e-06,7.563185754145905e-05,6.861854661383067e-05,0.06816323134855398,0.07513000576844413
13.706337723113107,45.9969601893757,70.0,140.0,-0.11398011463622226,0.11416771838502988,0.9247535397362873,49.16481096648512,32.86785729714441,13.866990721941074,0.7373778166217726,0.17703215852482,56.77531156100012,1.630958715025859,1.8796408063764223e-06,2.7218644200293796e-05,2.4982469774316716e-05,0.06905710631818074,0.07523839009339225
0.7206000000000001,21.036982130636428,23.005240721104425,103.86013626764326,-0.13110974489539648,0.05185553046422714,0.7820713049866437,18.70613064384227,24.716630716903943,12.576538164600631,0.7310814245510437,0.05151112373325572,60.01071819087026,0.47153614915605524,1.6055613961327208e-06,1.1048941798853907e-07,8.647371468990842e-08,14.531358978642313,18.567045510768274
18.015,54.87526639735033,70.0,104.02239889883485,-0.17912897593249072,-0.01505474360491287,0.7864262262677802,68.22195001742836,40.756083311267034,15.86457347741602,0.7326404615945197,0.028572116672985013,59.14705875553736,1.0569890539842617,2.551070799365636e-06,1.2213527719726216e-06,1.135537422284207e-06,2.088725598293252,2.2465757176315613
0.7206000000000001,19.0959,0.0,119.27846371630463,-0.3379668433836939,0.12902242968595465,0.8156594102266824,14.48609533193824,24.503187500743746,12.622956383732836,0.7337824842324656,0.015596651971475159,53.04314836556064,0.7355268961086758,1.2346028246224958e-06,7.336709645479061e-08,6.066214673810585e-08,16.82774546466164,20.352112330488318
18.015,61.023906086605606,70.0,60.0,-0.2975876518954033,0.003218892070191377,0.8332312388162112,76.32601813563306,42.584129968630315,16.608667260234206,0.7350188498018347,0.2401811904098734,58.3589665202179,0.8902510650990085,2.596628048036581e-06,0.00010674426699261089,0.00010052029891392231,0.024325690935854443,0.02583187750227573
18.015,57.14853105521103,46.2577063940748,60.0,-0.21325946990659722,0.10048553086608653,0.8883295096239566,118.5449680133909,51.74396200125768,16.026641044250493,0.7285800210543868,0.0,68.60326002102478,1.0465873928666072,4.46504699034483e-06,0.00017461413430734253,0.0001630435445420372,0.02557093678616986,0.027385610407860184
18.015,60.185345624287116,70.0,140.0,-0.192039357457381,-0.04299396588273891,0.8258027172466177,74.86802556603902,40.87988501012259,17.06569428896598,0.7375104614275894,0.29767260423216124,62.77835114804043,1.1602970662989875,2.901286255190142e-06,8.46984598441932e-06,7.821438931513215e-06,0.3425429766405663,0.37094021708724506
14.314232597536062,47.15247961988784,14.671168077401568,140.0,-0.17564673042693757,0.0399125970784585,0.823778751357788,117.08628586066142,50.12310782303688,16.853622044412337,0.7297697915249103,0.0,64.93482866321662,0.743433577532179,3.840958459932783e-06,1.4758907269493015e-05,1.3648392138117719e-05,0.26024680484795293,0.28142204745170063
18.015,57.96533790684452,24.8100955682991,60.0,-0.1510187021329837,0.14816562849470222,0.7996406378237904,132.99377394485992,56.932393064368334,19.841263716822873,0.7373772727635401,0.7069033048849546,68.42539026872885,1.0567098124294243,4.88406119085074e-06,2.2720600951638848e-06,2.094777372035929e-06,2.1496179617988713,2.3315418889138977
18.015,64.62254808475346,70.0,60.0,-0.16483644294671074,0.06251897720424827,0.8469240087223309,81.2328946110703,44.05637418471047,16.536949570523884,0.7354588746178219,0.19102773996540326,62.081998425687836,1.5130918350509677,3.0444647268824397e-06,2.973335581448848e-05,2.7192706786381957e-05,0.10239223402421774,0.11195887010435829
18.015,59.10816708754941,70.0,101.70444665008351,-0.15328383120975142,0.10075152086524476,0.8141106839223314,76.2648024645914,41.95676249282152,15.865578808869133,0.7338730732137538,0.0,51.94214816855784,1.190785169563124,2.015692068020846e-06,4.916211145615107e-07,4.5231031280772027e-07,4.1000925475275665,4.456436236238833
18.015,65.33872613559052,24.359817203550776,60.0,-0.18188737163200625,-0.04831955965236673,0.7869202183694817,143.31220972238432,63.24275624628301,20.134357939796633,0.7323374907850551,0.9052056465474815,48.43225399208193,1.097559443624596,2.6619053032874006e-06,3.1501219205107033e-06,2.8764612275631473e-06,0.8450165963277535,0.9254097631423622
6.731022280601357,32.74572587204736,38.33577900425636,140.0,-0.11085949517448429,0.009263491878619943,0.8281135719706119,51.001563341234856,33.25994043672317,14.159833860192208,0.7375372893771078,0.31868531467835837,44.10465417894361,1.0393850358011476,1.1841120301962171e-06,2.3177605339584567e-06,2.032755170926065e-06,0.5108862683816158,0.582515812593786
15.916941483153908,50.19720414434509,26.094693989987896,140.0,-0.08715225374133342,0.014683953956389549,0.8118394550229585,121.06783898038289,51.30419001776461,17.966626753536527,0.7315331419751322,0.0,74.17491009322048,1.0515518466387437,5.2831006070513815e-06,3.4806033639220633e-07,3.194809703074468e-07,15.17869189524141,16.53651108536225
18.015,54.3522429903848,42.11080226712621,60.0,0.01812740185528565,0.011434498698406143,0.8533592349281682,118.1453059278037,51.77058881192892,16.752939470426146,0.7283648992745279,0.0,66.18828993658644,1.0955870683691378,4.12481116322035e-06,1.4070319426023346e-05,1.2890370936343116e-05,0.29315689561328845,0.31999165761714865
18.015,54.827743100636965,0.0,140.0,-0.3122421398973648,0.006214466051075339,0.939158621763295,133.05334124305443,57.76731890125947,18.88320181557877,0.7394795129689922,0.9603372914569824,60.25183806695047,1.0544465096254154,3.759396947341458e-06,2.4118074496364076e-05,2.271362443127351e-05,0.1558746718320406,0.16551286029742085
5.6971336375009445,30.781738822525224,20.95992516820872,140.0,-0.13389724830319513,0.05152914655348732,0.798102617155988,55.55959476370738,33.68474242153483,14.152199092983885,0.733500664628342,0.025318007890215946,55.813034289081806,1.0047293144127878,1.8718095515881291e-06,6.770468068071004e-06,5.912536493033944e-06,0.27646678675222414,0.31658317099496386
17.622786825561175,53.437955230858364,30.07916682217955,128.12259895741204,-0.2980665548427633,0.006696663664588025,0.8365613587420108,125.30202873052657,52.75709480706471,18.41068984168977,0.7359309511060719,0.16386365483000429,75.03577300358839,0.7445318293091572,5.588728640526932e-06,2.352949085338705e-06,2.213505000417928e-06,2.375201688532261,2.524832173169581
14.214606824232698,46.96324702100829,22.098487362053675,73.02149236487134,-0.09119484978141676,0.08514288543966093,0.8560495035569553,114.85397406546771,49.16270702020618,16.869180022655467,0.7288693502956164,0.0,58.201729305517105,0.6494958748611563,2.989814927788959e-06,7.146002929603065e-05,6.750939996953441e-05,0.04183898267664204,0.04428738707703224
17.996177073722343,54.14726917732077,29.587293478212644,140.0,-0.41098678972775493,-0.03842816740047817,0.8675893792228947,126.28983114389511,53.672449622399526,18.34065173368506,0.7371788218452501,0.26453076590080954,69.82176446075839,1.211009916470528,4.812778401806984e-06,0.00034750898802616713,0.00033532737775563977,0.013849363808237921,0.014352476776632771
18.015,55.739452163721566,13.864020791029422,89.89801658082914,-0.16625494224653076,0.0032184964815815524,0.8133109513531022,133.21218601413864,58.213022534151555,18.795639903190505,0.7384340864120856,1.0502873041173089,62.52143437118147,1.1424336816060485,4.095739811170465e-06,0.00014869837185577968,0.0001385434531273357,0.0275439452366221,0.02956285352153059
18.015,62.604961476971354,70.0,60.0,-0.18867212006139444,0.053519274238690184,0.828959193262877,79.1727037274276,43.00444810169571,16.82403594771394,0.7349165969558411,0.18121440163648483,58.80196315785616,0.9569254403793134,2.661860119019992e-06,6.302845355670362e-05,5.794121831100238e-05,0.04223267379748174,0.04594069984397506
18.015,66.5775656033791,70.0,60.0,-0.16133506182311153,-0.013668743604322032,0.7998313108608364,83.53985889172286,44.57661039231167,15.958997261550468,0.7337598703304753,0.2516289326247364,64.8461112065786,0.9244025966758694,3.400344551844766e-06,6.420112435155016e-06,5.844210736912174e-06,0.5296394083731749,0.58183126942499
17.521482163225645,53.245414502769556,43.600817152517735,82.11768046519303,-0.16260083368336378,0.046176612264367596,0.7763877678431427,114.64403974867409,48.9906800580167,17.86366988140996,0.7291364693544775,0.0,67.72837614924195,0.7931192680578719,4.116212434819804e-06,1.3485410674042606e-05,1.2569039591092707e-05,0.3052344889090323,0.32748822254779414
13.79767075563916,46.17130386039988,8.299478867852972,60.0,-0.15818954933261856,-0.08630984595363382,0.8812102719305175,115.82343512076706,49.821975993447325,16.85259222597153,0.7298721156444542,0.0,65.37203740696121,0.9679338908846389,3.8666978228441536e-06,4.804407736327092e-06,4.420431834628406e-06,0.8048229948526796,0.8747330504123019
18.015,61.92250002104551,37.0628830243112,60.0,-0.04146539480318462,0.043276559665091516,0.8022132961710081,133.6979360711695,58.289768433374405,18.928249618983813,0.7339996340827947,0.11283452120031504,70.6418501826233,1.196822586308617,5.366654619080487e-06,6.140706516377067e-06,5.554259943319553e-06,0.8739474203445144,0.9662231645343301
11.886210209825089,42.539635636662155,29.85430197508689,140.0,-0.10732965862629067,0.06157923847864963,0.8601498569130062,95.76731091556523,42.304619480370725,15.830308952449478,0.7318327854783693,0.0,51.03838597194119,1.218735588208507,1.9634871702684537e-06,4.0637931671385605e-06,3.6875262924696285e-06,0.4831661183315106,0.5324673004442383
18.015,58.506834257960115,61.91073065338284,78.85701571130699,-0.06995417498647068,0.057872151324497446,0.8035799731079324,93.86214832537655,45.71054715285892,17.359877271539094,0.7380694577904562,0.44865300937601815,38.825054883563006,0.6866798383299801,1.336121617247567e-06,7.305628529741041e-06,6.673563581976096e-06,0.18288934508622323,0.2002111167197317
8.008026093669503,35.17251327557278,0.0,86.74250447412035,-0.21157574258190598,0.05267783327507084,0.8305676084052378,77.93635454859515,37.18382691655406,14.794861034609477,0.7307488992373165,0.0,55.19864814137228,0.782670906884472,2.0263531905697745e-06,2.0316507587249078e-08,1.827300749441385e-08,99.73924809013641,110.89325012257785
18.015,58.34526929367451,70.0,140.0,-0.12054203270972583,-0.04105326244325007,0.8802549593429317,71.18233652338452,40.61065435313242,17.124937612515804,0.7389278986453257,0.3006730338170331,73.45995482653443,1.2059766677895214,4.0867024846975845e-06,1.7499457853646103e-05,1.613229284308325e-05,0.23353309107493858,0.2533243429466857
16.90031721810935,52.06491968464236,70.0,97.82210218045417,-0.07797684920705752,0.10891427009179641,0.8575638373174755,64.63760892098196,38.74461890777072,15.03376840745892,0.7373898577774909,0.20993178866555087,71.397519056701,0.7753701540061066,3.6638155830087666e-06,4.910098896095955e-05,4.5518147908815926e-05,0.07461795903788995,0.0804913150321558
3.954265207767034,27.470783720387125,8.901768924633934,132.62696243496464,-0.1285572490071049,0.05644940549454381,0.8508500072105252,42.23359559125301,29.459504680446035,14.152708162787459,0.7366876003892902,0.3291829829750641,74.01196662227612,1.0644180459510897,3.0181374289006444e-06,2.148598918987202e-06,1.8250083962236877e-06,1.4047002454619693,1.6537663252102195
16.785550615747677,51.84768000768726,0.6676167204695176,103.2290120812453,-0.06351004877765698,0.015190853470093873,0.8670217060851912,127.62215386366674,54.61174863963309,18.54434895041038,0.7372989919114388,0.34219138569252633,55.587747101379655,0.9496589496577686,3.011938454225512e-06,3.395537348675718e-05,3.126147889784496e-05,0.08870285156486903,0.09634664003158029
18.015,55.39296795425486,18.667739922034507,140.0,-0.1881617111420436,0.07371193648396707,0.8577877452655299,132.4003671853925,57.27254086717876,19.31237335668472,0.7404417652214248,1.0155173964142041,58.37714299357992,0.8083397128816845,3.497842952915251e-06,8.497182724130926e-06,7.910062091847188e-06,0.411647373779761,0.44220170616870863
18.015,59.582350113729326,70.0,135.93176820180247,-0.018253749683151535,0.024745818858943985,0.8575714032746572,74.7888625138624,41.57908772729247,16.60087173867584,0.7386535124445485,0.2879285925682663,55.46092364665642,0.8927263490588568,2.2842475587863846e-06,5.09528774014053e-06,4.6191565517347725e-06,0.44830590052670594,0.4945161596500797
18.015,61.38946265856989,38.58604333106097,60.0,-0.22918153550508957,-0.03510321742521996,0.8084095609901812,132.3655743481362,56.66716372105267,18.845183654096445,0.7315080453791596,0.0,72.5297036498343,0.9645692045335759,5.546454997222282e-06,2.4928274746797105e-06,2.303761249982842e-06,2.224965447291901,2.407565018841944
4.091785742675472,27.731835394168744,30.427050590846598,139.72015014726747,0.026409986583821335,0.07752284267944472,0.7848291126391338,40.836333910651234,29.27468469208595,13.443525960151115,0.7350020372770721,0.3926254922034894,58.591891855926235,1.3207712755169956,1.7921486502970098e-06,8.978650682708063e-08,7.438854460316697e-08,19.960111086051043,24.091728906075573
18.015,54.71091195821163,21.32128062953342,73.6305221370976,-0.16762588709974516,0.11295113450810618,0.8340054743299384,130.24876222835894,55.19156242432524,18.986395223591988,0.7373555735682097,0.3496031174418383,53.28315611953416,1.19342748600188,2.7879049960250166e-06,3.3012500008939712e-06,3.0668614377006085e-06,0.8444998092450006,0.9090417199008702
12.70074471865138,44.08755266911589,0.0,60.0,-0.11301983495627632,0.055321828996723894,0.8170391313351641,110.23547773957623,46.5854350630825,16.86209388663176,0.7303542822969862,0.0,54.927739415969356,0.7880123263975111,2.513562324308867e-06,1.9420669888952754e-06,1.7683474739816839e-06,1.2942716902565141,1.4214187886101517
18.015,59.511964275674124,70.0,120.75667685653507,-0.10738494802719988,0.028379520936718115,0.8594414564099474,75.05428474415055,43.13514412718239,16.47122377679623,0.7361599558245195,0.2312514260813776,71.8505070449806,0.8286582161761686,4.136291978007128e-06,8.241501919442579e-06,7.540953842430437e-06,0.501885702198185,0.5485104490009725
6.810432050676729,32.896417328288294,66.25569258661093,87.93438421881307,-0.1936493057729466,-0.08019277333430454,0.7852417741028812,33.0722170138028,28.19951951766242,14.358987950326831,0.7317355905238602,0.06028166623807061,64.32952246187884,1.1109614875693792,2.110764624770447e-06,8.440527988835852e-08,7.499071385123795e-08,25.00749511834237,28.14701336164974
10.753071016997263,40.387080915943294,7.078872592678696,140.0,-0.14776960518143883,0.035954134696184296,0.8300794505733466,95.76625539876518,43.170891170259814,16.175727691518947,0.7330982340509334,0.0,24.52264515072423,0.9952739897485943,7.66641112333129e-07,1.1751675580939518e-05,1.065164765429165e-05,0.06523674918124636,0.07197394592978693
0.7206000000000001,19.0959,0.0,140.0,-0.08484565714624118,0.023009360726281288,0.8136225980845362,17.142741820483796,24.76227953209585,12.567517114143971,0.7318638986895366,0.05927798908671646,62.39090450355017,1.109575116377497,1.7348906987554448e-06,1.6053132670028779e-06,1.2494476161981303e-06,1.0807178476724908,1.3885261584910942
14.738318540446494,47.95773042867348,62.76585744816989,140.0,-0.24161351545595072,-0.04733387833705537,0.8754749261235257,67.19714774992529,36.29734813595099,15.325855041334616,0.7365114328298863,0.10638601107098168,55.30613840703058,1.004437585203825,1.9800760827401147e-06,4.147016173546485e-06,3.854811379742039e-06,0.4774700651931083,0.5136635460676211
16.20464483677378,50.7440786023041,0.0,136.37481559658687,-0.16835085145113557,0.03873467278163617,0.8370653251801972,126.19861248625405,53.71339515486288,17.93142459553483,0.7338393780068267,0.0,52.734456338431066,1.130733995451857,2.660381009907354e-06,1.1885412911743244e-06,1.1006438960186551e-06,2.2383580862207957,2.4171133093371213
16.643004313828833,51.577075909103065,0.0,60.0,-0.12624483396712793,0.06027504895689857,0.8583554056315831,127.347804595872,54.4380133403269,18.506558075195187,0.7364999595735018,0.20131808962509454,65.48185714903437,1.1437068050000945,4.234807674479193e-06,5.0413756966046e-07,4.654580572426838e-07,8.4001033236451,9.098150968887877
6.822050863062429,32.91909320267383,0.0,116.93323746542978,-0.15656355215320206,0.09711528823524528,0.778802224570597,67.40066837366186,35.964418176620235,15.034809658348673,0.7302609465014944,0.0,57.54642548959823,1.1489919644158273,2.1243104447938854e-06,3.396288309119691e-07,3.000563643607203e-07,6.25480009777056,7.0797046725530945
9.218137309635829,37.47080519461065,33.71002618400584,140.0,-0.3099395530855019,0.011953264848585688,0.8069603399978152,72.94515648632654,36.85327583301179,15.596896016376286,0.7294653540625258,0.0,62.67921047953395,1.2930489059753696,2.6039116213320944e-06,2.407978280940697e-06,2.2095947687589314e-06,1.0813684001812733,1.1784566374560346
18.015,62.09476642241277,64.73701687266247,128.4020237728005,-0.1147639318366315,-0.03529274546242485,0.8577553911495117,93.02989200455755,46.39356942907265,17.188314516714495,0.7368172196293143,0.28241398222273567,61.645047818563675,1.3873344307866362,3.160646810530549e-06,2.334556525116614e-05,2.1342319087109498e-05,0.1353853195039975,0.1480929414291974
18.015,55.23287051282168,57.21212721578456,60.0,-0.21983087579530153,0.03687523294633512,0.7927189832832439,96.3542957826822,45.396045984204434,15.287043311731633,0.7295609515210376,0.0,70.550307439623,1.0232938439663912,4.171727396515956e-06,1.5132360567611808e-05,1.4144583655567221e-05,0.27568252671991006,0.294934619363928
9.296951402840957,37.62040949124106,53.43066668267352,88.6793669340984,-0.1264762454477308,0.019054308264513164,0.7691774533586317,55.300259869555966,35.21569159636012,13.975449812342378,0.7344512795690551,0.34485663495556645,61.257034876420676,1.2384002291638319,2.3697815522762214e-06,9.012925691050756e-07,8.078709108598162e-07,2.629314424093454,2.933366606496656
0.7206000000000001,19.811268344649836,3.0080297576510517,140.0,-0.09900377345934976,0.009462312368088074,0.838390590243844,17.04237663499715,25.433778865465097,12.56920646273724,0.73256402659346,0.06324006494245686,70.64322021482664,0.6145233023796878,2.351028061533554e-06,1.1834882949132609e-07,9.215215683540565e-08,19.865241351676094,25.51245833271988
15.181089714921002,48.79963369145244,0.0,132.20025084683093,-0.17856441477593554,0.026363421390361106,0.8620141164448526,122.91203942956352,52.61340926376789,17.92657586714082,0.7313380427792496,0.0,59.40095630171619,1.1072332991966674,3.32132268257257e-06,1.4814264259713928e-05,1.3769486744598017e-05,0.2241976128105539,0.24120889501386653
18.015,57.64833832062793,48.95738175180882,107.160405782237,-0.09157751950543326,0.012481258038207686,0.8145366529121673,117.98768755301921,50.64616198134523,18.745737402816676,0.7329672231954534,0.0,44.70999994168265,1.0144742900653516,1.8474243319957344e-06,1.3840507584652757e-06,1.2688322019315677e-06,1.334795216646734,1.45600366162158
18.015,58.639719690802345,70.0,60.0,-0.12430460783223245,-0.007509823776724261,0.8925463243010614,73.6262540489602,42.21097642219491,15.515403491731455,0.7361685853825006,0.28373093700899277,65.68198454859917,1.0042721601020443,3.3091653993808035e-06,1.2077366125927161e-05,1.1095971081216601e-05,0.2739972743127189,0.2982312566569861
7.461099707214746,34.132919652427546,22.509913714058783,129.60200295037174,-0.22977038621871712,0.09415152018924126,0.8357727348339401,66.96005176411943,35.539123572118804,14.97955711310297,0.7333534113411883,0.0,56.01126110653983,1.5252626068280248,1.9783941473454654e-06,9.056089231714219e-07,8.128903530970208e-07,2.184600986943872,2.4337773720748515
16.186328948798927,50.70852436665038,70.0,140.0,-0.009303847406309643,0.01990202162570547,0.8222739087023633,60.254526325145875,36.45422332941331,15.299002577527839,0.7353869601021132,0.10245571417843917,61.416124805301145,0.8754556167316716,2.4748648618280926e-06,2.1062718893168413e-05,1.9268836628533754e-05,0.11749978121916646,0.12843872775190038
10.938707088277722,40.73907713380955,70.0,140.0,-0.27715827358197687,-0.007677637431537521,0.8201343677832434,37.03807144117026,32.07322405279238,13.85703896219115,0.735367035415676,0.25613673673794624,61.75696810780623,1.0341129405618525,2.199955202862004e-06,2.074307782650784e-07,1.9121133279416959e-07,10.605731807314793,11.505359911016136
18.015,54.82088910707387,20.297840346712878,138.4872189890136,0.027388885737238564,0.0782121690397358,0.8447054255697113,130.65619518343354,57.05109193992964,19.507684286959318,0.740025060090336,0.9766790252020054,60.82590307095467,0.9351527635058156,3.792376940311935e-06,3.142058369766868e-06,2.865480438854202e-06,1.2069721481951077,1.3234698408300298
16.286832564481244,50.89947416989522,70.0,60.0,-0.1761471514923674,-0.03392344462547578,0.8246714137052293,62.46266654373222,38.502459452566875,14.870254338017116,0.736676896371955,0.3984217012851617,45.64572294661998,1.232874003714995,1.4508145803862336e-06,4.613086122972679e-07,4.2763596316393275e-07,3.1449978207892784,3.392639313242392
18.015,55.15800668390636,12.129827262615734,60.0,-0.12789843860384276,0.06046610094367392,0.8498824396050091,132.60244191778196,57.57275619619848,19.01382308543517,0.7396400220515389,0.995786839778242,59.65097585739262,0.6592774009067892,3.6843130729775205e-06,6.376812769907601e-06,5.898081047685681e-06,0.5777671708292771,0.6246630121203895
18.015,55.009150850886776,30.898968058314185,140.0,-0.01929242974487086,0.03463313034691391,0.8046058721486162,127.07556153487545,55.05438872811748,18.57189340422634,0.73796068119925,0.6191914946184927,65.95147224707848,0.8061041005882569,4.362000060239763e-06,9.346767607712002e-08,8.555560385225394e-08,46.66854086155608,50.984387507479994
18.015,55.45174459402389,17.122015810654258,140.0,-0.18142236752892396,0.012551732827828298,0.7874455660512016,132.84650509892023,57.286421985610815,18.977234688826982,0.7377687016342918,1.0743770827525143,51.528563032167085,1.0439263974963375,2.715128242549192e-06,2.675928282065961e-06,2.485716417258899e-06,1.0146491072821153,1.0922920344804556
15.104698967728858,48.65374366269424,70.0,99.69905340369435,-0.1403861717304193,0.030621242668900962,0.8467622334180442,60.00381327009128,37.56352037885486,15.016495513029556,0.7360120334549637,0.15837279625073922,47.94461369017409,0.8114904771229859,1.5597204636152414e-06,5.159303895119083e-07,4.75005894738414e-07,3.0231219081527687,3.2835812795000794
5.847933599157058,31.067888794534746,61.64050179351125,112.08327382752155,-0.10480813501971208,0.0807376741402334,0.8285065896672151,29.66553462769416,27.203940760915906,12.548020207697169,0.7344709287245481,0.044278353821097446,64.70146994462935,1.2608328432775096,2.0597001874977186e-06,3.6842546447485525e-06,3.2026905615133653e-06,0.5590547847808417,0.6431155767119912
13.337974486635407,45.29800306280405,1.073033154969572,94.62675142309735,-0.10332343381783898,0.05085605285386224,0.8034458592113259,113.11915826380161,48.118870029883055,16.862549932442317,0.7290618319480544,0.0,61.09792036784587,1.1621535519830384,3.2222760265278164e-06,2.9865220038235833e-06,2.7236153983436207e-06,1.0789393221956516,1.183087754786325
17.637516770664952,53.465867783861235,48.87125904036563,60.0,-0.07360706017119456,0.06427073928144841,0.8607778075692173,108.34991800198006,47.68207398692836,16.814478085352814,0.7279107496032126,0.0,61.022160889562784,0.8351250199473402,3.194522396022422e-06,6.12279487383787e-05,5.7410306575278037e-05,0.052174251495380276,0.05564370905829727
18.015,54.31684889003986,0.0,140.0,-0.06565828003916202,0.04734181191020744,0.8064644517882996,131.879811787866,58.03806352732363,19.057206125245155,0.7384982298336422,1.0907484720945193,76.87499947662,0.7361080859989635,6.5020982003721204e-06,6.541770487442389e-06,6.026210820309799e-06,0.9939355428096379,1.0789695870676255
18.015,64.42304266607296,38.69095319716454,60.0,-0.13829130111097337,-0.002899898981648642,0.810342864382476,136.3132792647331,59.796901589497686,18.886608856395398,0.7352898008516632,0.3952647618128987,62.79518020223069,0.6346383146073089,4.267176569981636e-06,9.045971842480926e-06,8.242118369764425e-06,0.47172118643377636,0.5177281347517945
18.015,54.698616922455415,43.60296123759326,140.0,-0.11472275040224375,-0.008166024313644014,0.8235182266454368,117.28117091789825,50.052686829365854,18.022380785476784,0.7382947926262093,0.3863614549891673,74.745158611137,0.8971361529458837,5.250295543922333e-06,6.868651288446506e-06,6.352299380283467e-06,0.7643852225769058,0.8265189075027572
18.015,59.63807575563019,47.668929859292454,114.74494534683399,-0.03663917172611282,0.005133409183047855,0.8027706010251487,123.17706063191464,52.550158737813206,19.221607676294923,0.7385010206219507,0.6256444922228988,70.15506146369563,0.7006770015078595,4.7792987502548435e-06,1.0068005825480864e-05,9.144105545175944e-06,0.4747016274224868,0.5226644341147403
18.015,67.56888482856726,70.0,122.62316856225539,-0.1407825368176586,0.05744475260819042,0.8240676812091675,86.42957297599632,45.866120458691285,17.391236556503596,0.7362847012665026,0.4666909160274428,48.25398081464664,1.1502807804691215,1.915654544723204e-06,7.380936329075112e-07,6.682941511082024e-07,2.595408575978395,2.866484079722319
18.015,58.335040287106075,70.0,126.3364805845143,-0.08848763451296907,0.022815986408943455,0.8580087586449241,73.77564809254943,41.25078140350781,15.445397519485308,0.7365757139242171,0.17230737818946734,61.98139653165201,1.0160491783273535,2.8519401623830435e-06,5.6428208506561274e-06,5.166275067348338e-06,0.5054103679459236,0.5520302587850479
18.015,56.11217783841739,0.0,68.68965937296103,-0.2040614875293847,0.10401879744093977,0.8385047251217299,134.06807950971327,58.57212927359939,19.86786208439375,0.7389535221684183,1.1354341227170712,54.16929178989524,1.2859864068459081,3.0543163602220575e-06,1.4554160074371175e-06,1.353366269688581e-06,2.0985864829125305,2.256829085096732
18.015,59.056012442533024,60.636620781787414,75.41814572431288,-0.11705215500019722,0.042267493730830004,0.8129732865670453,99.47187299230846,46.525454784324076,17.337734845641116,0.736353388960859,0.2649143833224325,71.70979077823617,1.200470929637165,4.431512846195972e-06,7.672784391027373e-06,7.034020459743275e-06,0.5775625405789097,0.630011367120435
14.65775604726974,47.80484148819889,42.6542898942245,140.0,-0.10505633220183909,0.03977383800779914,0.8642834340825659,103.48870811562914,45.361014760479215,16.939765603831415,0.7324544586891992,0.0,49.32872494954723,0.966945037409062,1.980290261487415e-06,1.5504935517177501e-06,1.4202755906762977e-06,1.27719993372014,1.3943000038073265
15.108175425706222,48.660676076826974,35.15878318549609,117.14735906179948,-0.14700409346706406,0.002630515704506024,0.8308824254385152,112.51662118408247,47.84971397530959,17.166922492756257,0.7314007872357787,0.0,43.542623352784915,0.8536146059542201,1.6735135771154038e-06,9.685373066108958e-06,8.94108859018105e-06,0.1727877249221674,0.1871711213054334
18.015,61.016501892855864,62.14775276653271,60.0,-0.10688169030531595,-0.026702422153304435,0.8243197533431359,97.04327771274536,46.04345242871489,16.597026243473678,0.73018227191563,0.0,60.411159410448576,1.0134067974117378,3.014375069588714e-06,8.835713540244783e-06,8.082537266992819e-06,0.34115808031336475,0.37294910867886905
10.609616034542135,40.11463243996024,2.8423938935424395,129.9614439855627,-0.14368835541511607,0.07437316859504832,0.8044910764519221,94.84555307953332,43.185073076171356,16.180002329097,0.7324038703716436,0.0,69.96106275559784,0.7120448028012131,3.902908228924565e-06,3.151157471324275e-06,2.8532246793256015e-06,1.238563373757506,1.367893757966187
18.015,60.803066048747056,21.75645924274152,72.38858411299628,-0.24556733743271458,0.02451434366448391,0.827172223086025,138.85900377304554,60.87031047479182,19.939030052746194,0.7370105623231852,1.087934657496857,58.132782399567944,0.8907028384553133,3.681887578015599e-06,4.274489296100651e-05,3.9872985604042595e-05,0.08613631531079875,0.09234040346460297
11.168459081392971,41.176085921518286,32.654731324653895,84.19851412160192,-0.07356752896679981,0.05081944308743426,0.8368512245304878,91.77224115166098,41.80879194660871,15.355496945340825,0.7308951217826727,0.0,76.13238588360983,0.9728588142542131,4.573686368475562e-06,6.083314534593574e-06,5.4772078728451276e-06,0.7518411784343368,0.8350397638093965
18.015,55.29781092759499,49.031019807568356,78.03264595092251,-0.182991060904477,0.06727888940375845,0.8204108341007225,111.93699215995316,48.95098044081066,17.8555671553941,0.7323977900418285,0.0,62.79314957796344,1.149578226021263,3.4761661258493764e-06,3.3316527182752214e-07,3.0967597421630216e-07,10.433758917252844,11.225172164700602
3.0574721741287587,25.766794265351795,30.92967040143203,140.0,-0.2748142880935076,0.05031987099395206,0.8447421830505899,31.82415226004684,27.309087170117376,13.231303898676046,0.7337825129887654,0.1479151722072721,66.11196566113112,0.9210016388185087,2.173222014248342e-06,2.52179025372898e-06,2.167178704987283e-06,0.8617774658438745,1.002788560651298
17.95732034662267,54.07300612038806,70.0,118.75885046611003,-0.00611897087841784,-0.02411574586770994,0.7994677029541187,68.39018440713478,40.71753339724711,15.502690994525125,0.7321512543963759,0.0,79.51930238924035,1.17767933017829,4.925452960264361e-06,9.845342297080994e-06,9.033733436175017e-06,0.5002825510418961,0.5452289460457949
15.32489454372394,49.07266374876876,15.333284881289217,60.0,-0.18251929511049692,0.015347136953625315,0.9090926699528685,122.39762109098466,52.609908429325536,17.922912607375476,0.7305332643011215,0.0,53.273515300822346,1.2728612181505299,2.6540149549711306e-06,8.422269686067051e-05,7.848889941145297e-05,0.031511873329842004,0.03381388928717557
18.015,59.15002644321209,70.0,111.05338813797546,-0.14773501706058928,0.018131148072223817,0.8095949492367379,75.57139529337731,41.45931007713779,17.727502381839876,0.7330845435514414,0.0,42.76818209949438,0.8221998206420505,1.407824569240109e-06,5.000706065539781e-06,4.597685270898647e-06,0.28152515880537904,0.3062029013058001
18.015,56.32244523887064,70.0,140.0,-0.19190179107602823,0.06476452811281995,0.7849923670826727,67.26994223667329,40.48871759503045,16.461578610948933,0.7365097300012581,0.2804197843990456,58.77128196381874,1.2331919895102834,2.4965343228141566e-06,2.154227647488462e-06,1.9998844365788407e-06,1.158899954572943,1.2483392925867878
3.747699267434328,27.078288017945468,3.555302753041925,140.0,-0.13047215493375475,0.0679327956728736,0.8117004829600669,42.174147528140296,29.450817299799365,13.896963599949702,0.7354475119877384,0.34316764774433267,54.47688289173971,0.7027632835746576,1.5650278142047441e-06,1.2733711752291098e-06,1.078063995975011e-06,1.2290429096003044,1.4517021438874032
17.5593741194453,53.3175259827861,24.705150893520337,137.04900998836087,-0.2320481163585003,0.03389854799698651,0.7924850753497774,126.584015436665,54.01060656457769,18.445825788623612,0.7352457307577667,0.2948201448859796,56.88592008103657,0.6835113324027842,3.13265907679455e-06,2.868294937271389e-06,2.6815271986193016e-06,1.0921676972921937,1.168236920515866
9.027844310196462,37.10942903337675,23.223462543001617,103.84766274633152,0.07912949069196586,-0.07379463773271927,0.8217719824499599,85.74117075509368,39.317065395479496,15.82218111460753,0.7289514563989943,0.0,55.5674809652224,1.183534351091227,2.160880899268805e-06,2.7278166710288913e-05,2.3962995364830715e-05,0.07921650022227311,0.09017574248836276
17.862692715041092,53.8928944119369,70.0,140.0,-0.1361282505685371,-0.0666358195581154,0.892641292777961,66.02720780153356,39.88135304920534,16.507455245510837,0.7379140281573279,0.20295108457286073,59.75355624877636,0.9648004844398268,2.552666712828776e-06,4.983159700482403e-06,4.619495835490928e-06,0.5122586604201469,0.5525855642550863
13.158340192033496,44.95599226318196,69.50044888427179,140.0,-0.047457464946419045,-0.00033840775938685016,0.8062258692023043,48.7736252406657,32.957818833055036,13.866231275725529,0.7351993688847058,0.17051074914426925,53.33096794818912,1.3051508658007127,1.6655638228559135e-06,3.8101849040112188e-06,3.454576266313411e-06,0.43713464433247606,0.4821325958547553
13.988219034618712,46.53280561663137,55.746615416048755,111.40093503683015,-0.1379534015253293,-0.03721403713086611,0.8633235599351529,81.85120763590723,40.1583734188324,16.585942819657134,0.7341282940672941,0.0,51.8543012257129,0.8559394663508698,1.932193802222661e-06,1.3703877298009386e-05,1.263720664495579e-05,0.14099614001238392,0.15289722297877487
4.837507053641146,29.149092892194012,0.0,140.0,-0.13744943942276844,0.008770249481357276,0.9019601579298834,49.166998804931076,31.953693782853726,14.147232808859567,0.735466528767239,0.04496480035647893,50.3081865648138,1.0158636843473834,1.4468089373936962e-06,6.316509936379528e-05,5.471585774770184e-05,0.022905195305098696,0.026442223460427516
6.508019303882726,32.32264706370605,0.0,60.0,-0.04381224781505201,0.12536264928761798,0.8843682384293492,67.42637717437695,35.456299338475134,15.115625904728246,0.7326643956748063,0.0,61.73085958940701,0.7606496579504597,2.4362843802794717e-06,1.4070120129883825e-07,1.2187890326227578e-07,17.31530617926279,19.98938548894504
18.015,61.57134423011315,63.924232176925585,60.0,0.00039920625120436204,-0.011852605023796392,0.7971117944899969,94.83817386089885,45.980014424207646,16.68129419871737,0.7295138174800603,0.0,73.4514889063962,0.6849024570202364,4.640226932056846e-06,2.125645168342031e-05,1.922741178545938e-05,0.2182973433743953,0.24133393427221397
17.17772814288154,52.592204825014896,62.71229561476572,60.0,-0.17816877935036887,0.001067743574891717,0.8736728805221589,81.09449079795237,41.77530376458541,15.21323831457487,0.7361796035490559,0.15011816796333452,72.86900014843975,1.342938555721342,4.12405459278453e-06,4.851007592591882e-06,4.5123391328583316e-06,0.8501439163035935,0.9139504969282211
8.742102092299348,36.56622346270835,54.49040991946655,140.0,-0.1335961782652562,-0.008014210862167049,0.785311333451366,49.74097428335185,31.95105680353384,13.84266564412495,0.7357110202058975,0.2990406083359528,51.29954059500239,1.3212604068348464,1.4956908478650575e-06,4.823569187386417e-06,4.3128497219089755e-06,0.31007969197918284,0.34679873965166286
5.208766820939805,29.854522355159585,0.0,140.0,-0.1416189983859958,0.013250267337958761,0.8362316287863546,55.973503062943614,33.579825024712804,14.146745350855458,0.7337919960024607,0.0,44.68370185291581,1.07165186869995,1.222181264502327e-06,1.6055069217592074e-06,1.3909857302568255e-06,0.7612432235191751,0.8786439989407144
5.547070312776473,30.49681889835702,9.637548737303213,91.21844847193715,-0.35670287509291426,0.07525100127630151,0.8141580665763138,51.793727544534484,33.44609960715798,14.072969408403946,0.734283104052416,0.028584897079681267,51.245419366611046,0.8668843537041984,1.5726425057348387e-06,8.932232233721878e-07,8.049009356017538e-07,1.7606377270371874,1.953833616256281
4.022051022580744,27.599400495670896,31.621196666213578,83.17268433855364,-0.05963786632231488,0.12112672578170063,0.810796624893746,38.783917884386355,29.634917528771823,12.582636807428777,0.7349855286087846,0.3020941924254873,77.52654853653986,1.100760765275111,3.379303929480044e-06,4.9882256638885125e-06,4.192399307603599e-06,0.6774561050723891,0.8060548820698271
14.118078597795096,46.78007366453898,3.783046606507124,60.0,0.00984213154912579,0.0592744582254107,0.8479081139397581,119.88083554463452,51.15123000526892,17.653837779849102,0.7307074959619706,0.0,50.76416784104363,1.1515796814111914,2.3517131111686956e-06,1.9130811883194508e-05,1.731555173138358e-05,0.12292803491704195,0.13581508389977154
1.5689556132027527,22.939440454076337,0.0,60.0,0.041638081561861426,-0.0031050123989739267,0.8219192799123651,26.482421584945037,27.187955717780294,12.525722195393467,0.7324466065047669,0.1554145556112379,74.2351562803229,0.7909313535566767,2.809217372906724e-06,5.231333333103244e-08,4.067021320308147e-08,53.699835090422106,69.07309186896215
13.150964253538348,44.9423876453743,31.113023089047708,140.0,-0.09493398296028471,0.0699091165516747,0.8516726995027886,103.95151380584872,44.67091362684127,16.29371984959263,0.7341993345161656,0.0,75.85189596200122,1.4222183162208628,4.834806595273232e-06,4.90046425925905e-07,4.460109552930405e-07,9.866017461790966,10.8401072617076
11.481737126551813,41.77103901080494,54.840530828596926,86.51545075432465,-0.16195673641382277,-0.00494196446989823,0.7667128621331032,68.58660482192633,36.57484561123827,13.632886607441028,0.7366602898525328,0.5090920561641634,68.28606814182471,0.9068352953185845,3.1267514142335715e-06,1.3627145124316347e-06,1.2414129503593788e-06,2.2945021761411937,2.518703718475309
18.015,55.65942599594997,62.77622009212405,60.0,-0.11563032392861365,0.023036730104690623,0.8358676809670109,87.80103194958538,43.81609890521723,15.243564731571583,0.7337880289780059,0.0,80.84259592156606,0.7848215334562257,5.520153110872712e-06,4.989936404034895e-07,4.603873298486383e-07,11.06257207288069,11.990236813614256
16.376148409035824,51.069880332947214,15.987376261279188,60.0,0.004258873847381481,0.0039425831137196434,0.8540922650841789,125.69893164034856,54.23079247253916,18.000413097931638,0.7331617153042451,0.0,51.411427644652264,0.8249212217957721,2.5676293643700416e-06,3.4896205352341474e-05,3.186891048000062e-05,0.07357904214641946,0.08056847020174603
3.1449616512454512,25.933536475187534,0.0,60.0,-0.18784916267706386,0.032264544957400144,0.8111177503047152,39.15199065289151,29.306257878974318,13.877349319501251,0.7335925891764137,0.3283984602124746,81.47274661997649,1.681752613951181,3.747208864829622e-06,2.6218779225874154e-08,2.219916877229533e-08,142.92079858285953,168.79951241715668
13.438959141760712,45.48930844873941,60.89563799750938,77.64008339920176,-0.12765012215778432,0.05999351037191017,0.8077649799137031,70.5153686722489,37.89256035442005,12.633125352470154,0.7385428878793885,0.5523788199355051,65.55239028557742,1.092614002049424,2.955793984583662e-06,6.057445159815148e-07,5.539024184848245e-07,4.879605025881675,5.3363081401036405
18.015,56.36225481436001,5.245439727102376,60.0,-0.07543962267509646,0.061966184805529616,0.8315351948471417,133.7059375031012,58.93708359131812,19.979109690482467,0.7380673955701381,1.1973184027417008,64.95717197338887,1.0803090538843465,4.506934010101394e-06,1.500244045516745e-06,1.3767730244254567e-06,3.004133909792672,3.2735490383261903
18.015,60.61561932845357,70.0,140.0,-0.1440077166101657,0.07916061857631015,0.844395802532405,76.03399832963011,41.37596147831645,17.110514783805584,0.7383960270925306,0.28687531416806294,63.79955457854982,1.2168762644104194,3.039400176698354e-06,4.270019689763814e-06,3.915003990667354e-06,0.7118000378275706,0.7763466356467893
8.555707211750928,36.212532701126776,15.660554362478798,109.07228535924158,-0.28266712564042945,-0.008521779815343878,0.8606170748927218,77.31129178093732,38.277639139288546,14.750873768894563,0.7312600043655212,0.0,48.61471224884436,1.0027716072147042,1.6250336310792309e-06,3.37260543016942e-07,3.074510756554773e-07,4.8183330802429465,5.285503157257471
8.94798744371915,36.95783937574751,4.442418932361512,140.0,-0.005241756639092973,0.07214489055966045,0.8333533313383414,89.97167569093918,40.29191071078694,15.75036417614345,0.7297604266306117,0.0,74.04251506978319,0.9339534767898519,4.1348812810347506e-06,5.36002413106174e-07,4.7210495410659224e-07,7.714296017946645,8.758394177115909
14.316066909549262,47.155834853224455,35.74011961028991,110.14395136603154,-0.172058049351504,0.040656704078536596,0.8440462631953113,105.35851151795723,46.1855195866113,16.79651069312587,0.7284933007354542,0.0,66.05510645245776,1.2172211717770194,3.660395863137002e-06,1.163471268357697e-06,1.0720643450146617e-06,3.1460990595013576,3.414343439513364
14.627669216764422,47.74838360640139,0.0,86.7423989836797,-0.1650280569213269,0.04982635558759043,0.8236555393843026,121.55387035607893,52.115458362162414,17.933308750595824,0.7299199274402872,0.0,62.945762900807004,0.8386897338839815,3.7304563140871815e-06,8.433050799718476e-08,7.77344077715266e-08,44.236141850488046,47.98976953746875
7.157216499495137,33.55594535681032,0.0,140.0,-0.14050384594936513,0.0777808018115549,0.8057189481702248,70.85474756836454,36.000267636359276,15.046147384163147,0.7307131054694761,0.0,39.26624282495909,0.9729663692285733,1.060628790992833e-06,2.0739189532058004e-06,1.834015899135782e-06,0.5114128444379881,0.5783094854808066
9.998553440875398,38.95384861846747,0.0,60.0,-0.11622021518320845,-0.026893381109035875,0.7979629405273074,92.77890813596056,42.41869718754115,15.879987047687852,0.7303431987677895,0.0,69.66690828091545,0.6271643077216216,3.8002098411720443e-06,3.2468952043172394e-07,2.9188163468734277e-07,11.704134571756702,13.01969493641745
18.015,63.540943232831395,62.37388320600485,60.0,-0.15188848736333982,0.029582302791405196,0.8731458409737953,99.55918113280441,46.80440089678184,16.11064376157267,0.7320344408306336,0.0,51.84114044908583,1.5245470983641125,2.2310159952927664e-06,5.912578033644228e-06,5.399342774020141e-06,0.37733387747234104,0.41320140036814856
1.0476965305204424,21.94898620461971,0.0,135.3576062297527,-0.16040008724059407,0.02313148008124452,0.8480487300900196,23.864385868928135,26.86575442008405,13.232528453266553,0.7324789695980498,0.09808013682428618,47.278197012450796,0.8438696779527326,1.0866245161949077e-06,2.1386213733758057e-07,1.705198078936347e-07,5.0809578999001355,6.372423999402535
0.7206000000000001,21.125075835322384,5.56062820185322,95.16331895739552,-0.10806515001871157,-0.023965228457077926,0.8037049790939561,20.889167736032075,25.99635544443458,12.570125584921668,0.7308454629576192,0.09502561731581154,53.57404786514553,0.7096732967707479,1.3362978834671402e-06,1.0411491641725761e-05,8.15579837607127e-06,0.12834836058569238,0.16384636081585532
10.47025118727174,39.84950891166466,45.04907890045308,94.88973819043996,-0.09533642082296004,0.06808140615991644,0.8568815624123738,73.0107685474401,37.19912616369423,14.888570147238013,0.7333618498656392,0.0,74.31464395297236,0.9344417860203106,3.849741461971132e-06,8.983890806391861e-07,8.078947458686185e-07,4.285160566769263,4.765152244964821
17.362169190727784,52.94299933701446,17.55632269424976,80.95725146062911,-0.1275253870653097,-0.011684289241531897,0.8209784832085276,128.6478759962195,54.065046552784054,18.911549283215106,0.7353347550913372,0.2026471114408503,75.86711636704413,0.9061069499952703,5.869038147283929e-06,6.2694672542543994e-06,5.805463405238283e-06,0.9361302817717497,1.0109508470914281
18.015,72.25403785751938,8.930660222994607,60.0,-0.07356958046913933,0.0675776732856399,0.931335521848132,148.93029069161216,71.14348278880466,21.828917661857208,0.7401030783596159,1.5447150390097284,39.958731362071774,1.1638603158993293,2.1429679524202027e-06,6.419685658802837e-05,5.729525896345805e-05,0.03338119755881989,0.03740218634471923
18.015,54.58961779439423,44.693001768100075,92.0700927920268,-0.09015221451838672,-0.016255923922224642,0.8348173408296158,116.29002843357499,50.650773125006744,17.900559138358258,0.7321976479337409,0.0,46.25678796661182,0.8776745561971874,1.9680179753889937e-06,3.921178054973719e-07,3.616935640443976e-07,5.018945704066438,5.441119696416331
18.015,69.13653290413325,7.271864044838125,60.0,-0.11528525661625204,0.05994931221796145,0.8025164251531551,147.25893272557153,68.56746957535209,21.429236195522652,0.7352574901937992,1.5246341487446984,66.7797019249058,0.8594382736511446,5.581268528831669e-06,1.5042607956230598e-05,1.3550628358510248e-05,0.3710306447573093,0.41188263607911924
18.015,55.23919599303865,70.0,118.77083834645381,0.00686118171510354,0.0031384312606683074,0.8300568010016912,69.13096439315767,42.116250150740385,15.496644916487758,0.7336788794138445,0.0,61.25108125991666,1.1526262028344463,2.8356179364321836e-06,3.280258746876233e-05,3.010192737197986e-05,0.08644494703756288,0.09420054408448597
16.547485198374368,51.39474221932551,70.0,65.61246223776911,-0.19918889787998095,0.048432851788456806,0.8525532785894171,64.87682263935594,38.55945327154135,14.876033317797539,0.7361301073004164,0.32639630470138176,47.97732499794607,1.1994825445592965,1.592100945457596e-06,4.948087838037004e-05,4.605329279263836e-05,0.03217608493565488,0.034570838455053834
12.796844552218605,44.26965449381601,37.20481643037433,69.35109580007554,-0.1366665909252764,0.03485269679556723,0.870937529852299,97.0772737180771,41.25007680459331,16.177448005068324,0.7311792401561872,0.0,58.2896379383362,1.0746700187088005,2.5040965344159997e-06,8.978634720099229e-05,8.494510582345282e-05,0.027889502273774704,0.029478997172838108
14.93146765007532,48.32519777552988,15.900073803959671,67.40170375176729,-0.19105159748978118,0.046185060715625774,0.7934079778524441,120.52871334212107,51.741180179490826,17.569743758392875,0.72829843745707,0.0,67.85975264722751,1.3858891359973096,4.348309111921664e-06,9.120808535040523e-07,8.436517854032476e-07,4.7674601382281345,5.1541514960977235
18.015,56.109632556342966,70.0,84.99256583219761,-0.04027405920899149,0.011580987857019383,0.8702949688836366,72.9090905900613,40.39280621248938,16.864446548829534,0.7421364855132099,1.0070069164053999,42.43543672955649,0.6394513044218378,1.3608181220307427e-06,0.0001547341413003804,0.00014235858709366332,0.00879455633123029,0.009559087019706137
11.990975950050426,42.738821245387776,12.960728308913545,140.0,-0.20500500023338258,0.04011580367383813,0.8240983174588689,104.64520764894097,44.087710212773494,16.51167988281398,0.7327573402598525,0.0,54.27773371127887,0.8159504661299122,2.321954596366922e-06,2.8887469117864128e-08,2.6507821479616992e-08,80.37930172744056,87.59507446330032
0.7206000000000001,19.0959,0.0,94.30690415482128,-0.05234783962085933,-0.01646153890298703,0.8520685951528307,17.502956242821675,24.79712248570611,12.558962919307872,0.732739615918863,0.06310960960532681,67.09032360029873,1.0851825636251595,2.035772281418547e-06,8.516085418473151e-08,6.569909186628686e-08,23.905024214559145,30.986307779745623
18.015,54.425403091463586,47.86676177645437,60.0,-0.0802771136978275,0.003542434282060044,0.8509244969799225,112.43690564235398,49.96236817641185,16.63045442338235,0.7274300169626088,0.0,59.713198182426844,1.21338060095461,3.1857810968867525e-06,1.937638598431474e-06,1.786242623382323e-06,1.6441565003224312,1.783509728848787
10.127309745560371,39.197958121488604,40.226611777788776,140.0,-0.039127242767685796,0.02273123957121639,0.8656368161395986,76.73622270757024,37.93269474183609,15.850066245307344,0.7302089119762136,0.0,53.00276453384748,0.8788184615942979,1.9042365299132395e-06,6.374354345162387e-06,5.683891676085922e-06,0.2987340249382903,0.3350233675150803
18.015,65.45037245368732,39.71754882616965,140.0,-0.030573930589322035,0.09060460189399888,0.8631133257431132,137.4164997268026,59.680652944744445,20.033705836118088,0.7352682618171656,0.5310145373684305,53.472918457927655,0.6561000210436814,3.058993100494033e-06,1.6286773367207936e-06,1.4617004173310925e-06,1.878206954517499,2.092763376287068
18.015,57.78175978915424,0.0,74.75810038477698,-0.12886722889191077,0.05691833191039289,0.8782498596897377,136.45614733463304,60.31530094980979,20.688632295053814,0.7372956824056732,1.0810323947960105,77.16568886112664,1.0458884441559437,6.805328258759219e-06,0.00021461795014981284,0.00019936413939881248,0.031709035772677904,0.03413516733390898
15.13776502732048,48.716795683332805,53.947526109559114,60.0,0.0584470149225499,-0.010710225862880422,0.8444906120773285,90.89292988049355,42.96392458203816,15.408183246808816,0.7313037253562922,0.0,52.83026280874284,1.4703577433011992,2.1270075721257696e-06,9.674546630931387e-07,8.732780073827555e-07,2.1985604631077154,2.4356591533782983
13.855193447243728,46.28067659277929,0.0,140.0,-0.03269629203036134,-0.027841237937779935,0.8176823620420165,118.60737067930377,51.03720547560952,16.870813075091114,0.729271252726013,0.0,62.17561969304253,0.7982904178836301,3.5595912125068273e-06,4.426810444750361e-06,4.016698070225726e-06,0.8040984037904884,0.8861983525455249
4.302749526990356,28.132921465438667,0.0,140.0,-0.12324928224181311,0.042581774218191114,0.8176877100827448,43.68931746726775,30.75895791942587,14.1543835307534,0.7354593985054084,0.21595107603706906,55.623377881128604,1.5160367844314961,1.6882848318322898e-06,8.074552354244333e-06,6.892563535440223e-06,0.20908711192452106,0.24494294802673305
11.093965357837178,41.034422415269034,38.28253337131932,140.0,-0.19902680134403883,0.06323943207393104,0.8262338869090612,83.36122160103821,38.95123947470284,15.591605164323443,0.7282278709919249,0.0,51.77372916033488,1.0937962165891086,1.8619135470874621e-06,7.893556059132545e-06,7.20802091911963e-06,0.2358776618724711,0.2583113406550534
18.015,64.98563714831974,70.0,102.18667312373883,-0.06894882768564638,-0.0014311867899118658,0.8121565858627828,85.73165678181256,44.774732089067975,18.20709000693876,0.7334692942948569,0.0,75.24484165691536,1.0419495315579943,4.7654578585907205e-06,8.637367848797439e-05,7.81101977390003e-05,0.05517257041743573,0.06100941998014345
3.6727811059152327,26.93580555953917,31.719949178538204,134.23995147637993,-0.28451443673470883,0.030070359496494073,0.8424060509262086,34.12047113946856,28.553881679378772,12.689850954576766,0.7342154516819285,0.25963904578617836,67.16194364408419,0.8482704871165606,2.3539038096069298e-06,4.179417813790263e-05,3.672343896687928e-05,0.05632133264685981,0.06409813121613982
15.159070147858522,48.757111006838976,64.47948376753736,97.3242372966961,-0.01633223006250449,0.04039373773498053,0.8747806560556971,70.08981402677675,39.10374243831237,15.836587986671859,0.7355715069372614,0.04236780384819016,58.979196109266404,1.5339853436064084,2.422785622966961e-06,2.7560894647359938e-06,2.5083921356711753e-06,0.8790663924253417,0.9658719577825066
4.188038301788022,27.91498071501412,3.5797148125556078,106.84994285940493,-0.21773377105732758,0.03927308232699127,0.7947776125506459,40.832171895229834,29.934212617070752,14.122015926391184,0.7346542501369826,0.27935086938182674,62.48731547903551,1.3588410790292826,2.1000745551184056e-06,5.925417595594424e-05,5.172605506887528e-05,0.03544179834143371,0.040599936575910794
17.067353370109736,52.382391413420685,66.14833792928775,140.0,-0.1355226214325868,0.026772703520872503,0.8191910447907182,72.41014848861585,39.71992326530631,16.49361778480418,0.7356181379933744,0.11815965215576836,66.53938446512079,0.9322839956968245,3.2056975923803773e-06,2.1988202548467487e-05,2.035495647605832e-05,0.1457917074082895,0.1574897787745676
16.34507041828331,51.010008578373494,70.0,60.0,-0.17904194339817253,0.05912349362893745,0.7803490832940648,62.845959118206785,38.50216221707656,14.871149469922933,0.7353050336451671,0.3988555999639341,77.42040539147824,0.9455043152234329,4.379819484785503e-06,9.873488928301867e-06,9.16315704520814e-06,0.4435939024786838,0.47798149296981907
10.40746829550859,39.72998171822437,70.0,87.43028801411954,-0.13669371867441926,0.05570281476045349,0.8326123518595463,40.98744245443524,31.255369286385935,14.21514884251589,0.7341376360999098,0.12542188335476573,70.14848877340592,1.004187128091187,2.835887185830456e-06,4.175653628577713e-05,3.7799277359007365e-05,0.06791480898755482,0.07502490481222597
5.440410180707347,30.294184239793548,8.192931056377923,105.86334242915387,0.014124193218151268,0.027991482107328863,0.7965224019585465,58.72465400071043,34.00934889018335,14.199975532086592,0.7312093676484835,0.0,48.53963589471399,0.9638078143854282,1.4406483435013469e-06,6.408520648699508e-06,5.446141797940246e-06,0.2248020132062304,0.26452641098074353
9.95133951654799,38.864188804505,0.0,79.95851628789286,-0.11219401373665612,0.010310524084351527,0.8198150199034834,92.81613208231128,41.83559108768243,15.884706178136966,0.7312072769910373,0.0,71.5396849808281,1.3528885230662637,3.960129322002588e-06,3.9769594625974316e-07,3.5722785827982664e-07,9.957680884723297,11.085723664083632
16.514344491487655,51.33258085934537,4.104490905702356,60.0,-0.1461504433887073,0.009059716033781435,0.8420511210439652,126.8605743770311,54.38050938712604,18.492285229107193,0.7350587456241419,0.07817230162016366,51.83931017572843,0.6802446156338223,2.6226129555669532e-06,2.9680189232937713e-06,2.746842473079278e-06,0.8836240682240993,0.9547737015391857
14.61766730963572,47.72935936865297,0.0,99.22784900235332,-0.15871428065386983,0.0684940093858029,0.810306280813254,121.5759455939767,52.13317911039529,17.936777349044966,0.7296174802392347,0.0,76.35573740283334,0.9993649504617431,5.741151308862036e-06,1.1558973574173814e-05,1.0647835570930597e-05,0.49668348768349774,0.539184820296795
16.584659583661615,51.4653370477175,62.83479395934607,140.0,-0.1346504722502478,0.049083396700058804,0.8654422231529202,77.04848217833147,40.62965938342662,16.427814835914365,0.735502065557677,0.029599746390574538,58.27486973158679,0.6866877461435184,2.4761087760764333e-06,1.6954695595062073e-07,1.56647209334676e-07,14.604265598242772,15.806912785699481
18.015,56.80819871455828,5.480223893962897,115.63079999530234,-0.23094113707918124,0.009754393004747841,0.8886343411379763,135.01141856496656,58.79263453015552,19.844059889514934,0.7387222277439147,1.125394565581811,55.80397503053273,0.8196813335513959,3.273551417142332e-06,4.1515624351572334e-06,3.8658106034188094e-06,0.7885107036860333,0.8467956020005997
18.015,58.75327997132261,48.28501686041998,60.0,-0.17486924622379085,0.019587278908456244,0.8513363763231288,118.15106779944627,51.99667287541327,17.155706718122204,0.7280911883404185,0.0,64.06341889437324,0.5939671559037503,3.875223444682771e-06,5.151566235790292e-06,4.753278339155081e-06,0.7522417974090709,0.8152738316964647
3.301891470806661,26.23149693872388,3.1594294442786186,97.74874718479342,-0.08637922072184255,-0.04667320030839986,0.8478161147278857,41.880106055190204,29.560557589366244,13.909923898352574,0.7352821076493193,0.34732556508707,63.489978430870366,1.1290675388789595,2.15015812186802e-06,1.3449925689964275e-08,1.120135794136565e-08,159.8639406217962,191.95513018360668
5.2574709389812195,29.946537004681513,11.136612805953977,140.0,-0.13572968617275172,-0.037998331722039584,0.7848683906631283,54.91903368469346,33.13014000454399,14.14751886726468,0.7320448682764217,0.0,60.323117327036144,1.406570606613671,2.154838429029406e-06,1.8563519122549877e-05,1.622781880815267e-05,0.11607919892795728,0.132786695150111
18.015,56.67727081761648,70.0,140.0,-0.0633388915659894,-0.038090771646864,0.8235343030163145,68.11925805161007,40.710681613963125,16.56431342703994,0.7376097476322927,0.2822571882238169,49.2278528373395,1.2912068446942189,1.761553270596396e-06,6.893771341499189e-06,6.324582766103985e-06,0.25552824184814216,0.27852481906589593
2.165229669351508,24.072226787702014,0.0,128.11433007911893,-0.1705292979971522,0.10694510049824922,0.7941634709365438,33.131829866844754,28.00792681524192,12.632027671311992,0.7319413054202585,0.17469381969507664,83.21101208177576,1.2045897930444927,3.771593200112297e-06,1.5750452114199373e-06,1.3001917077508686e-06,2.39459361087935,2.90079776515155
18.015,55.874448132909514,15.504086024266204,122.80222660698226,0.045589101936405044,0.07552865761813915,0.8649430449600816,132.55346204904862,58.394242733520414,19.1349979519442,0.7404338423415191,1.3029642512878958,84.23945897098913,1.1850235728217224,8.097899441337447e-06,1.3798270217162757e-05,1.2548905557049356e-05,0.5868778704786491,0.6453072265563786
18.015,60.40948543343242,44.55545960051807,134.14017954375836,-0.058008228276632885,-0.002221279172500024,0.799684110211593,126.91368034699529,53.76453938118306,19.282733870234996,0.7392584306410466,0.8625221074594798,53.54552848390377,1.1374216289456025,2.7443346424101687e-06,0.00010252056393620565,9.340306685743742e-05,0.02676862608869237,0.029381633117024842
5.344972322315609,30.11298038100218,0.0,93.08118499671578,-0.09320829054293533,0.009015404010765843,0.8396412348251088,56.86208148136158,34.24131662430255,14.162963204033934,0.7332492176659651,0.0,69.91030015459614,0.7205017411152908,3.089372017152467e-06,1.071897020948889e-06,9.238409178749946e-07,2.882153748703978,3.3440519437681924
18.015,63.77665031384648,13.96116406557272,60.0,-0.1909870642844555,0.006603084536092844,0.8274458622717522,142.95823292628782,63.77831159333606,20.13773876956991,0.733487810307327,0.7891635000304443,67.22661084279636,1.176663232557105,5.256299562347459e-06,1.954792161102501e-06,1.7913551282113667e-06,2.688930141495406,2.9342588075184017
18.015,55.46603129496257,70.0,60.0,-0.18528294934899864,-0.02026100131135426,0.8176111850926799,69.81410254709925,41.79419960805893,15.481130071465264,0.7357039012774566,0.39332686329163696,54.80421942736866,1.0010804681203682,2.2385374866360125e-06,0.00018936701285565064,0.00017711843109467063,0.011821158568638294,0.012638647896782146
18.015,56.0743847903826,13.826107610107108,122.79709790267833,-0.28662992347109256,0.010555467995840602,0.817844204332961,134.07135366528172,57.839514140666246,19.516624467124,0.7388457742252887,1.1088384041939603,74.93363656489986,0.5976343581026111,6.11385396024954e-06,4.547351447247806e-06,4.263356095447842e-06,1.3444867921853343,1.4340472208684492
18.015,59.50883429846571,70.0,120.59606458689392,-0.2075742783156579,0.03200816859369476,0.8303918519994802,75.14062793263373,42.99305674367675,16.459797008729453,0.7353865647765941,0.20561966580525468,62.29271323298299,1.0533989599030817,3.003458500682561e-06,7.190846907092215e-05,6.659806166301678e-05,0.041767799252133975,0.045098287032435375
14.410574268873482,47.335238828029674,39.165665765102,140.0,-0.14527577079486453,0.01998112351616573,0.8144791041137098,105.6996944853301,45.581373156737676,16.92579954937587,0.7320194640325062,0.0,55.985911531810245,1.159022099707527,2.544375808642614e-06,1.012147400859393e-06,9.303260491444932e-07,2.513839196229954,2.734929126172877
11.022838003666893,40.90003488265024,0.0,60.0,-0.06040914519624419,0.09038685744128433,0.7689483426977943,99.80735184366624,43.50086205902977,16.240209692953353,0.7310289391219355,0.0,68.49770438537905,1.1448660094532381,3.7384309868000595e-06,6.729392104004455e-08,6.042198741623655e-08,55.55376962765231,61.87202948235813
10.6609613878059,40.21151800423645,70.0,140.0,0.0635574849387565,0.05680893553155554,0.8101156089472751,39.458312111935655,32.62507344129028,13.871945862864655,0.7351243481889496,0.2231058811093974,56.67542557933319,0.8715494908633679,1.8734469453526824e-06,2.735121770362309e-06,2.4211453624831844e-06,0.684959245929484,0.773785405198154
14.696420686106961,47.87832680789232,55.058333305912875,60.0,0.0768238017911886,0.08405725342702346,0.8501581430830114,86.35738096702649,42.69405401790771,15.41906703215349,0.7326040906415147,0.0,46.89732115529576,1.23966164798774,1.6892936809260008e-06,1.468090541090857e-06,1.3222277667730456e-06,1.1506740447157844,1.2776117121249053
18.015,64.44629622135686,60.453343137211434,100.04963935913369,-0.1608790989877628,-0.03831624193830875,0.8612114311230145,108.25309487866689,51.23657112211716,17.925799161551467,0.7350470611671964,0.039737109432165296,49.43216867956228,1.5537000125693512,2.2267220283429057e-06,0.00013206296147424935,0.00012084585628591777,0.01686106387048642,0.018426134720536436
18.015,61.33332568302284,12.593541194302738,99.48480922852846,-0.2476116336474301,0.023617884423526848,0.8430260616528393,141.14893033699386,62.01694913599396,20.107545968923027,0.7349745936594309,0.6961313072629912,62.77487738388936,1.205059488123299,4.399304935821632e-06,8.033546897971149e-07,7.43928618513933e-07,5.476167615244351,5.913611637376789
18.015,59.21219940094178,70.0,60.0,-0.003733033512435646,-0.07173627933059107,0.8105418385556321,76.02792603285006,42.325111899610626,15.5825658144587,0.7341007303196788,0.23596916784868419,61.50883777678356,0.4885309654998097,2.8950806659534445e-06,1.1278266820244177e-06,1.0219956311432763e-06,2.5669552885172524,2.832772056681694
8.783788452560298,36.64510446794475,70.0,140.0,-0.17756599334798423,0.03084200142603635,0.7667633520288557,32.63942231477349,28.338165988920935,13.86327982390446,0.7318365974354011,0.22764665777600568,71.8345629138526,1.2013651737703404,2.709855575655915e-06,9.184477429342576e-05,8.333698811681166e-05,0.02950473335585176,0.03251684080372054
16.02116692337348,50.39462520549312,70.0,65.16490961139996,-0.09194632227930084,0.03247101523666573,0.833577805491666,62.20793542747727,37.77506909239609,14.933578179696067,0.7356410402436471,0.29738188711512725,44.938797279275306,0.6411450495571787,1.402354367073124e-06,4.4045454280534036e-07,4.0463187936707616e-07,3.183879903113854,3.465753536935058
18.015,59.19208608931141,12.441716225242292,78.02917236092154,-0.24094583424393357,0.08435495149397551,0.8496987272137951,138.41617371915203,60.67746156595103,20.21206852500159,0.7371403768597607,1.0202675075746712,69.77410786212106,1.1585453789059081,5.434283665465664e-06,4.274279313490446e-05,3.971935496018313e-05,0.1271391798920118,0.13681701706669933
13.728490447412687,46.03965513723149,35.62198840144149,60.0,-0.1313873072125227,0.09808818251753831,0.8073946970233182,103.65094337023922,44.46812992518925,16.18458204084949,0.7265369722820698,0.0,63.72591816175085,0.8401840095006621,3.2686274332637553e-06,2.975541639290304e-05,2.773199494348437e-05,0.10984983003105799,0.11786485032630943
17.99364667952028,54.1424333682597,41.69798876762723,97.80379239584684,-0.2418191582371318,0.03237555842490546,0.7930267124590683,119.27002058353165,50.57445955109535,17.83125664452408,0.7313420375166152,0.0,62.32373352847153,1.2428070031009897,3.5313053049700998e-06,1.6327868411823915e-06,1.5289405070278697e-06,2.162747283296873,2.309642061766456
10.450457717224785,39.81235028167288,0.0,83.30430952013621,-0.1138801469550637,-0.02615159337261831,0.7670523028255471,94.65760227237965,43.29642462975358,16.197742243938738,0.7298041631457238,0.0,36.12997262178858,0.905023082991052,1.1308615285510634e-06,1.394764862578489e-07,1.2566376721997597e-07,8.107900900661134,8.999105737228746
18.015,61.19972787511982,8.531420821692475,60.0,-0.21611436650979443,0.02798113514861907,0.8616866132866866,140.81255623266742,62.271528145955806,20.125517185677456,0.7351126633794887,0.7129890527025151,60.03919635760957,0.6884394291155891,4.038093846593363e-06,4.436565134694317e-05,4.114295562095205e-05,0.09101847316553803,0.09814787940361201
18.015,70.40346890963079,70.0,60.0,-0.20918128723534332,0.023680378642267356,0.8318945479197853,88.24370337926631,46.0462529036434,15.9415906618483,0.7349918960183809,0.25964822975476604,57.845129065942125,0.45383411001385277,2.7726766089442236e-06,1.681530234764812e-05,1.5300783571854448e-05,0.16489008354536222,0.18121141286152945
5.271282808310145,29.972574207759703,49.297263333051376,60.0,-0.10258552775391996,-0.040382087470117255,0.7785210701133292,34.768081319572964,28.633914893707257,12.19716914587824,0.732131872670405,0.278339805483327,57.239912794963324,1.0858927040697495,1.6738919522184898e-06,5.908441131975417e-07,5.090570523059217e-07,2.8330517556647705,3.2882207301443134
15.462103301523562,49.3327702910163,70.0,85.51763899608642,0.002141186603140069,0.039302492684295316,0.8003419775852423,61.75686262811046,37.318106814326775,13.887942078356224,0.7371515439137474,0.6132498244549758,54.875065312544415,1.255133278910731,1.9980313893689527e-06,1.3021029480317945e-05,1.1856275705735062e-05,0.1534464991719046,0.16852099588089658
15.617341329349674,49.62809169632822,25.88100773650435,99.97201481657126,-0.2377268900146398,0.05610080622962746,0.756757550693016,119.76883409754437,51.44352877840756,16.846912579050773,0.7274024921791271,0.0,67.63462359275482,1.1950988420351552,4.296518531675123e-06,1.4904937547055797e-05,1.3894091590935138e-05,0.2882614246527872,0.3092334970987439
18.015,65.90845931379586,70.0,84.66337692939888,-0.01787100814881501,0.047416348351292006,0.8517922717563075,83.42403886933182,44.33905249012197,14.539215608641769,0.7427290868663557,0.8814803943454992,59.48525276928948,0.8338971741950021,2.815257339811935e-06,6.037239256201084e-05,5.4148862024477994e-05,0.04663153505006903,0.05199107117965467
17.06113270493059,52.37107516839658,11.775219779342468,140.0,-0.10256419557179201,-0.0228682227530134,0.8755307898482716,127.88860467226326,54.50678623283166,18.52031177485186,0.7374366927729639,0.3624260590467834,55.79037243748959,0.7938236821341993,3.0344664089805343e-06,4.645396538969924e-06,4.285248205576965e-06,0.6532201037144184,0.7081191714942855
4.198271499552906,27.934279425429388,19.164411087958488,101.32391865852827,-0.074876347862762,0.013396150077959164,0.8954984083107059,42.50826445419742,29.598823806548868,13.914528018462576,0.7372092868467927,0.3462131376725299,65.90457500299057,0.678240696516051,2.3441502479430835e-06,8.8042982561829e-06,7.468406666334826e-06,0.26625066299825567,0.31387554972197196
15.885999110138503,50.13871072834658,11.14100418488033,60.0,-0.2120004985367903,0.06716863093004807,0.8201267456048775,124.83733822971122,52.83961451923081,17.913202661176246,0.7312566763738374,0.0,77.16562431758845,0.8102959770852165,5.969225919712926e-06,2.8130351715227204e-05,2.621156338194468e-05,0.2121987659500799,0.22773254051014408
5.509787294430684,30.425756054026866,29.60906543139065,137.9021985360234,-0.1524635983230318,-0.033990810473684914,0.8795797218249908,47.328833162144896,32.093298176082605,14.141886121551936,0.7377190480139499,0.2952894390755196,49.40702696180039,1.1893348305795965,1.4003397664374722e-06,2.3121164346238157e-07,2.0140879188317834e-07,6.056527887036577,6.952724125616626
18.015,59.25038068895588,40.810694771428,101.3570960830942,-0.14327259410671117,0.008209078773663994,0.8480799371475085,128.91270995601886,55.83173060169114,18.74941564006602,0.7383736578637267,0.44656092417551857,78.09566270728598,1.0184597118144694,6.4786469404347224e-06,1.4466855192756744e-06,1.329363794037209e-06,4.478269018465359,4.873494350827329
3.4404590346821435,26.494488832118517,39.404678207949914,60.0,-0.14426192687368847,0.06042891772978196,0.8616924663319852,31.42419665117457,28.072033142230087,12.231998200021456,0.7331440048973343,0.2818263919562338,59.48706585430906,1.3590250323886464,1.773476519395835e-06,9.709043677576684e-07,8.197415905326574e-07,1.8266232785539218,2.163458021256983
18.015,56.54018165209729,0.0,60.0,-0.05275315877046928,0.08871613563722247,0.8522403691017153,133.7251672052947,59.28433917214763,19.999212570334976,0.738325782053205,1.203769747924593,59.41099715631273,0.9181867602006765,3.7509277943536263e-06,4.1670302906065507e-07,3.813983081152826e-07,9.0014411529695,9.834673396662945
18.015,59.37564314184162,58.81866919013747,60.0,-0.1614020555978615,0.04875944649182859,0.7897704098044762,102.37839128308642,46.76252180648596,16.548531501948077,0.727996506311521,0.0,65.01737175369357,1.3373277235363168,3.576561892696548e-06,7.921726285445951e-06,7.300589356683637e-06,0.4514876888977497,0.4899004337810387
18.015,62.449892046139226,44.23730460670336,60.0,-0.043290930602976216,0.09476438157892436,0.8658268587803578,128.9497649153737,56.21963389539797,18.87588989564327,0.7324739596334934,0.0,54.4376559905276,1.1594611226236429,2.965151671279041e-06,8.948893615335129e-07,8.085054803127774e-07,3.313428227817857,3.6674478324277358
11.194970912840905,41.22678549780341,1.6456490360704663,60.0,-0.18291068186433412,0.05959294726658858,0.8175321307735046,99.96502813126689,43.81886328005619,16.150192243021927,0.732910323399792,0.0,51.953242461713586,1.139306542942654,2.107466452193e-06,6.932487596900775e-06,6.322590599416e-06,0.303998589645535,0.3333232508186851
10.658814128418996,40.20754293064397,61.778370746754234,136.13272412312125,-0.0835427194692054,0.03082901870931883,0.8223653679672347,50.622147097350265,33.35869925058821,15.242587035778408,0.7349920211698258,0.08012807836625273,64.57475882492994,0.5151627667092991,2.5313803488129677e-06,8.105338807766925e-06,7.305509371035602e-06,0.31231024499398813,0.34650292269136174
17.60531051090645,53.40450327530292,56.47849169600178,131.25274150605836,-0.13150811952081723,-0.009642715415030437,0.8127447647477652,98.41791149503157,44.072805366696144,16.581207126953405,0.7295970519516308,0.0,69.6580248697051,0.8094316193384283,3.941679428686394e-06,1.3112257671922178e-06,1.2142244322456957e-06,3.00610278360139,3.2462527717353686
18.015,58.24133255150191,70.0,60.0,-0.1393707062626939,0.07426036813763986,0.7872514521990546,72.00906285878908,42.18481234273173,15.510190889535512,0.7341191844281436,0.29752804613623185,67.5404874722813,1.3333291559030298,3.5092870920798805e-06,1.4379880209959225e-06,1.3232024242682716e-06,2.4404146911108597,2.652116583009217
18.015,59.71552758473243,52.583169681899896,88.95650249619081,-0.11540816523873118,0.03371354347298067,0.8280744918580855,116.21010654196022,52.111285139813624,17.535202863924635,0.7329351780080747,0.0,61.70101249640012,0.801453229187766,3.575490589225977e-06,2.1990542300738444e-06,2.013871390330553e-06,1.6259219715131408,1.7754314433351688
14.097853955677627,46.74108601659783,50.095186826648295,140.0,-0.09546333689010317,0.07470390455022792,0.8790191661629573,89.23818296327711,42.07068944958297,15.842962413327873,0.731157594421768,0.0,66.21718770051208,1.4766797802674867,3.3467619837095804e-06,2.4845717082473516e-05,2.2857246528405957e-05,0.13470176661032773,0.1464201726813584
18.015,55.81413493275212,21.133654337371716,87.5272357586505,-0.1335004807619091,0.06878014335866546,0.8340764246685596,131.97426659527608,57.151110990450114,18.817272204132117,0.7386426082945362,0.6930618335534817,71.06686979831896,0.5848451983463113,5.355716222091584e-06,4.782845163893097e-07,4.4193618269164535e-07,11.197762082124747,12.118754770139422
16.105948858225723,50.55659324598208,0.0057055352656831815,92.72902540546023,-0.2288685347157608,-0.020447864750436095,0.7904973830094073,126.03928414928706,53.517197372953696,17.902539377710216,0.731184362749978,0.0,71.83363895405233,1.1524715441177453,5.118867852978861e-06,6.222628620024747e-06,5.796458313119677e-06,0.8226214620146338,0.8831026769213262
18.015,59.815929832130635,41.08364600213631,132.2726201404124,-0.12487134762678188,0.039031296354545615,0.855908831182798,129.64623248398172,54.69237115385016,19.609822264163856,0.7414137644287248,0.9688047010803682,52.99623430627405,0.8413281317263072,2.746437274525732e-06,0.0001950841723790371,0.00019159544281947022,0.01407821680781753,0.014334564716727359
18.015,57.796461040621395,12.878256692833329,140.0,-0.13391150276251665,0.03095417571714825,0.840144009351675,135.92833411680434,59.336450931979265,20.181812094955013,0.7373333503775611,1.174398630434666,45.46720700301937,1.2529169159672988,2.2194463443943437e-06,0.00011134591839729624,0.00010286399549305899,0.019932893601677253,0.021576513081723588
11.016680949088544,40.88771828601178,30.36711161062925,126.75171247126475,0.10812308815864684,0.039065538740852654,0.846399398798266,93.30461178884815,41.58375149738882,16.0535655080619,0.7290134229474161,0.0,68.96990413928611,0.9591994398408643,3.633460352277706e-06,8.761279326009061e-08,7.713658316443719e-08,41.471801286956804,47.10424293142486
18.015,55.957112115706586,70.0,99.63189032633016,-0.15301655244833318,0.04086356691084407,0.8763153381879766,69.75186705562696,39.661563112913626,15.88362188163633,0.7360258472189781,0.09708133192233788,46.62695680066081,1.001046105214614,1.55948614543172e-06,6.060935733108686e-05,5.615310506847336e-05,0.025730121784872505,0.027772037602018185
18.015,58.049113443074695,51.96592436002089,60.0,-0.17442541477871426,0.10413672912790416,0.822891098122221,111.77104383862417,49.169402593628504,16.604647753986757,0.7273561527909629,0.0,73.96721968910894,0.45899748113648553,5.050266077883256e-06,1.9654398078267032e-06,1.8159997022934353e-06,2.569534848013289,2.7809839789650015
11.633055321620063,42.05904459780276,3.138498682768496,60.0,-0.002748394745312424,0.04679170920082432,0.8643964423601802,105.98099760889994,44.87630918013696,16.6709693452734,0.7333065053401803,0.0,64.6743814199496,1.4470629452436612,3.390338040548811e-06,6.835626225118445e-06,6.120986411540207e-06,0.49598060644254505,0.5538875293297227
17.523018304315844,53.2480855201164,67.90488033445195,104.28616329496316,-0.1004062209892513,0.05879010414248343,0.8707177505109536,73.28102175573281,41.13442233773227,15.847219886143398,0.7346149875408018,0.0,41.54763521524755,1.1454536252172849,1.3204836341604876e-06,1.5274363025254246e-05,1.4106030214706303e-05,0.08645097880528525,0.09361128638330943
6.17758945846511,31.694379116369955,30.870196430045432,140.0,-0.17086106907467766,0.061769449784459966,0.8212474193087947,52.51807593099179,32.58881934950635,14.141452240483348,0.7362896029832541,0.20528391659756237,57.839178945824585,1.0792988614002648,1.9466390819704595e-06,9.340197035307081e-08,8.221276649412029e-08,20.84152052266057,23.678063213086006
18.015,61.70548015077748,34.89479344772027,60.0,-0.10289621403853967,-0.06519579802891323,0.8480834425634769,134.96415056750345,58.58153479582577,18.901495399398318,0.7358592018042778,0.2822219920179695,60.050453965110485,0.9888656820849521,3.787979403019532e-06,1.713698044787649e-06,1.561126322181335e-06,2.2104123970620013,2.4264400319166057
7.634503968815308,34.46146820326892,70.0,140.0,-0.14772489067051964,0.08937682425557827,0.7526850838075457,25.663075784031847,26.94357760770944,13.866936100058993,0.7310066971720329,0.19777547896079337,67.10039040283579,1.3310682337504558,2.2091258960759205e-06,1.3330711642151275e-07,1.1843556070331775e-07,16.57170266207497,18.652555726989824
18.015,55.993276704914585,16.40350368742075,60.0,-0.14584182378230678,0.17215738208578238,0.8262114000909324,133.07668518206665,58.04498640932944,19.42520171223803,0.7396253874142258,0.9425037672511825,62.99894551153794,1.1500857272566907,4.151115916667968e-06,5.982639342502431e-06,5.53245383551526e-06,0.6938602979419499,0.7503209317392087
4.949650762316358,29.361735569250833,15.12188015270797,140.0,-0.1981354609171764,0.11474125037331996,0.8071097068085501,47.75357705559172,31.742717693550436,14.132774114878288,0.7353684997195324,0.15352754426057827,51.04803415280406,1.155256002900762,1.4750982939779594e-06,3.998682657516215e-07,3.4857840013324255e-07,3.6889606410882774,4.231754731257329
10.996808810255539,40.85019420324284,9.185815445091027,97.06467123947839,-0.039669363813360656,0.015655930159762948,0.8265879179736376,99.88328836522017,43.582333342703265,16.25286562461614,0.732742109929408,0.0,68.11186882397637,0.815172707151409,3.7073021933267348e-06,3.3128575557645616e-05,2.9775630487276633e-05,0.11190647744198409,0.12450793258301936
7.637837447745839,34.46903769274758,0.0,77.4410073790555,-0.33661680790705506,0.015155820263294395,0.8172650763515033,71.79876407458639,36.32115135159693,14.725135264711913,0.731417633948346,0.0,68.2237783043491,1.2274073605253397,3.092007172534161e-06,1.4110859163909056e-06,1.2884851572940372e-06,2.191225308549957,2.3997227713726414
12.472386787763726,43.653087315128836,54.45754434466048,71.05318566616704,-0.09484381399615843,-0.03496943019057679,0.8519221361284937,75.4289624911033,38.35529304793151,15.242358781704834,0.7390000685697565,0.39601470180703147,61.166432113226506,0.7145702498227897,2.5858767018852762e-06,1.1335136437329915e-05,1.0293863406216576e-05,0.22812929656225653,0.251205655237628
18.015,56.440686597368206,70.0,70.48433008476903,-0.18997244797509777,-0.04494536930269107,0.800351365542213,72.17873228776097,40.83439974253324,14.108084342299293,0.7348134531180396,0.6230717286745682,62.84112989126122,1.1895913799898656,2.9036238562780625e-06,2.4415910026661484e-06,2.2658212421871487e-06,1.1892343365892926,1.2814884961865998
18.000441406536233,54.15571855717659,2.2075636273021004,90.29685420349193,-0.1554484679703201,0.06809406544029344,0.836488684068167,132.20093896523593,57.09858954752332,18.994924787079427,0.7396453685935672,0.9979761180018435,62.6653562479135,1.1281781289567947,4.037719405725349e-06,7.550604386773098e-06,7.015245898667758e-06,0.5347544645298189,0.5755634890135696
18.015,64.72809396970514,70.0,112.2616860387463,-0.22497947486203895,-0.03368344977562639,0.8440031885948005,81.59202602124532,45.040284482181654,17.717849655365022,0.735155979786818,0.15230002869037051,46.95968251262213,1.0204662509969378,1.7933270967577267e-06,4.6997160110203794e-06,4.317147504957063e-06,0.38158201315835855,0.4153962992227116
16.98956835768592,52.23457386781017,64.43176655171206,140.0,0.009484139745801742,0.07969200523921313,0.8299214277866198,76.50467232980823,40.67079326745464,16.042091255353593,0.7355039906963482,0.06733701669426632,67.82019147757146,0.9384803145234586,3.423614941222309e-06,1.4549439562622742e-07,1.3269386829548004e-07,23.530905960237234,25.80085263321039
10.179185875475262,39.29673210279462,24.41358462268599,101.36898810902093,-0.05171775536455153,-0.01622348242676845,0.8455164291719229,90.27634345223697,42.21760571251221,15.933211252021222,0.7296403969568994,0.0,52.61392098358801,1.0144044587055832,2.0848656007458996e-06,1.536670911763735e-06,1.3720896186816284e-06,1.3567417621987565,1.51948208947834
17.43109380776737,53.073629651815395,54.184424203141184,60.0,-0.21921649540190008,0.03399690335368128,0.83737166204583,99.05329899576486,44.718128220090584,15.954702362024758,0.7306883526915485,0.0,59.63133285248859,1.135154258646365,2.8452113826378364e-06,2.244823868140867e-07,2.095515677972678e-07,12.674541744757027,13.577619163367258
18.015,54.724458110610954,56.188240108439444,123.59370815640486,-0.013241487464768414,0.053433947072635955,0.8247538521080635,101.11988235553201,46.443210267619676,16.585084282612353,0.7293859468213421,0.0,41.875632420852554,1.380075428174101,1.50274376990186e-06,9.479908785279964e-06,8.693577041497172e-06,0.15851880054323544,0.17285678412105768
16.615906704708166,51.52598486142832,0.0,60.0,-0.14579461805418412,0.12142553432992892,0.8260076099604897,127.27537019927973,54.37824364473621,18.495428794577,0.7359774358099764,0.16756288631398789,77.43538502785782,1.309299276794075,6.178029372169734e-06,0.00026247127932912197,0.00028428541653734824,0.023537925322575523,0.02173178437156339
13.163373439267739,44.96588253568786,46.31432322569053,84.26582635537106,-0.2009797157126127,0.03301630720497539,0.8630041078347964,89.21033493307213,41.79886676243023,16.120308106421497,0.7319916087568552,0.0,58.34112919620284,0.9819872036268749,2.5445506086635564e-06,4.009267654997522e-06,3.692505902578786e-06,0.6346671830432157,0.6891121302978781
18.015,57.40356309999557,70.0,89.66471718699518,-0.21173720064591434,0.007012448186358949,0.8628603532553685,72.75684841688084,39.565921796969924,16.086081680720635,0.7424433827505664,0.8202334739583216,71.09966348329226,1.260457471798146,3.695064102239423e-06,7.38661898979677e-07,6.85776097187317e-07,5.00237538628087,5.388149451977956
10.787703142756396,40.45324859238675,0.0,131.21948185640537,-0.30340532566644246,0.02762861392999631,0.8696644350284315,94.92083074503908,42.5573188601581,16.05500832299902,0.7342487428979314,0.0,57.76867216977571,0.721497136591364,2.5462117797289145e-06,1.9933241623630179e-07,1.8419262672993525e-07,12.773696460441574,13.823635749883687
7.105307004997574,33.456599362668015,50.908758676907944,140.0,-0.15735937254158133,0.036615029839660966,0.8624550311157615,42.979686660804134,31.20702114800628,13.835362895501444,0.7380782398761799,0.3064353062067681,49.48029607178692,1.250710014673219,1.3642731452896382e-06,3.7572425306649354e-06,3.333718644257988e-06,0.36310489252558226,0.40923463881376687
10.278777051178489,39.486118478425716,14.538822821044047,60.0,-0.06278250541084751,0.06806371495179381,0.8718325801368989,93.87743132107295,42.011922050802106,16.237905845887404,0.7325352267617372,0.0,42.87356833715416,1.4345758026937212,1.4131853369697405e-06,1.3871060946207257e-05,1.2429494319529922e-05,0.10188011879193319,0.11369612476907158
17.493121497221274,53.19163328448884,38.49323053657558,60.0,-0.1136339151631364,0.05445997807066641,0.8570808341571136,119.24740202768767,51.23219440894472,16.860250868919067,0.7288837000823304,0.0,55.049097319424305,1.1246889511257525,2.7646599294513904e-06,9.40769592518897e-06,8.704680606183455e-06,0.2938721607752068,0.31760613106097046
18.015,55.6150484948039,23.5871021001258,124.34588102268457,-0.027247701820451026,-0.012141612676358625,0.8496925898383915,130.89964606134544,56.57393138065782,19.459600127058483,0.7404633780551434,1.0497964096183372,66.87793311322008,1.144182351313166,4.6101980637021266e-06,8.017176900111906e-08,7.334177315976253e-08,57.50400822062161,62.859102869787414
15.513606774988833,49.43076627299545,50.03007780674225,124.03842530141998,-0.07765898498490834,0.022135079834244085,0.8307307635955016,98.21105919644125,43.44493726837323,16.582468155388042,0.7270648774946084,0.0,56.65667671782991,1.0825934780395678,2.4869416327754736e-06,2.8379339850565813e-06,2.5996094663212736e-06,0.8763211709189529,0.9566597079271153
12.475822131649766,43.65992917751542,23.699515602756364,60.0,-0.08813373427404418,-0.007746442210227978,0.83329838654344,104.05929462339293,44.28798976050313,16.21600876722687,0.7293621649800158,0.0,72.5102858193839,1.0708373237179525,4.32944098721732e-06,3.5739269473054535e-07,3.2414262661920844e-07,12.113960500735704,13.356592535740132
12.768579605098205,44.216287993571854,1.0200836501014336,77.04208382713693,-0.19581345293161045,0.057980719866594685,0.7975197977504906,109.7361623113944,46.314169019739786,16.847728201573478,0.7293811239360978,0.0,53.148705840223236,0.8114801209590277,2.3399408731103144e-06,2.8643982398713455e-05,2.6353807198877892e-05,0.08169048704678065,0.08878948136229614
3.442838530156699,26.499415601836365,0.0,60.0,-0.15453731115944377,0.026243423764414325,0.8265336733950558,41.26387860324121,29.391454991685595,13.888531688576533,0.7349975050552812,0.3508665912310143,44.080063944448526,1.10031732604187,1.0440281537499937e-06,1.514100479252048e-06,1.281871286926678e-06,0.6895369019800682,0.8144563064932051
8.600981805733985,36.29817753704178,48.08922345204071,140.0,-0.19029085332660295,-0.0027840843247106633,0.7866221497034667,57.524545124087304,33.95178602502836,14.138149961754612,0.7362227822432938,0.33556295444919876,70.7763801341706,0.7139754932722381,3.1493214114932492e-06,2.6465156665421505e-06,2.3838633215779653e-06,1.1899878210840324,1.3210998227065298
18.015,57.80470357810273,70.0,92.19587708832987,-0.113224446717927,0.00850673083108942,0.8347977365366501,74.1678352442115,40.442139509916004,16.701228054705012,0.7409145698605354,0.6661590027232684,56.340686920686494,0.9412303167995067,2.2924811831305444e-06,1.6988581970081961e-06,1.560749146716306e-06,1.349424682511912,1.468833853251655
18.015,57.04473616551346,17.534216373705632,60.0,-0.18448813433815187,0.06882936331980043,0.8021224794283212,134.17977378523676,58.62983307971617,19.240655968792577,0.7374640745280118,0.9828845269662795,76.25048859828996,0.8703458240538345,6.440482024358354e-06,6.048810313930567e-07,5.604913403479867e-07,10.647518586466097,11.490778823379708
15.717941827373261,49.8190023899093,45.95052803860448,120.84826650494612,-0.16286831592961987,0.04155349697522367,0.8163711888719349,102.46709400317665,44.84516971831993,16.57911664742791,0.7271909419507958,0.0,72.80292308150301,1.2683646077826622,4.41961036782833e-06,4.461501555121176e-06,4.126878600358206e-06,0.9906105182806086,1.0709329727907952
12.16169480250713,43.06290258875641,46.11539813023758,84.67570015252113,-0.05865102467017593,0.05587832800305949,0.8365383653875315,87.10229006565041,39.731869681788304,15.359932549801377,0.7320931279680633,0.0,61.37084147203909,1.0908977012078551,2.687692663415157e-06,1.2292192451036546e-05,1.1118969256655969e-05,0.2186503891898077,0.24172138634219778
18.015,61.07820946049942,37.33715222593565,104.87120942381884,-0.13468498886851912,0.06304123853649829,0.8320636682870867,134.1829189542559,58.051258196583184,19.832381128575136,0.7413461861383115,1.1589160584885856,34.70171997754346,1.09322553644092,1.424701234152924e-06,1.9340874361101847e-05,1.770347549262035e-05,0.07366271077269741,0.08047579328402533
15.491606881138155,49.38965708130613,0.0,60.0,-0.13675388355253526,0.11601721386923329,0.8286165143070006,124.92471047704677,53.06968506498092,17.94791959368085,0.73206388644972,0.0,40.09632847936715,0.9476554316646634,1.6167645924633762e-06,2.5211504777756894e-06,2.3230882433379294e-06,0.6412804815560962,0.6959548769186348
18.015,65.21188096941769,64.98382732060567,106.00071215830322,-0.2932020501518326,0.07014892680233115,0.8233549756784477,98.0889618827345,48.26376755559223,18.29877419120828,0.7376454314349915,0.3999733800690313,59.44981332047748,1.1958967781872305,3.0494671200084732e-06,3.388137228160905e-07,3.1364207549907547e-07,9.000423874990851,9.722761575136504
9.57229688188997,38.1441887366263,0.0,107.70094110119929,-0.165288799955564,-0.02150043679501286,0.8912186053820395,90.98534582486803,41.24081669228284,15.60769222775433,0.731679675712678,0.0,49.85664394670361,0.7742974332931267,1.8431026800302395e-06,4.0362585424408754e-07,3.6418915623944165e-07,4.566364271887417,5.060838985602482
12.893011892297132,44.45226723557133,40.84924294385365,121.66211066529127,-0.010600419265409444,0.03465451242396718,0.7837196768537056,96.54932920560945,41.773277750491246,15.890577847498488,0.7256363958827012,0.0,57.37156024598082,0.7236238881768693,2.464066751164232e-06,8.280767111584829e-05,7.495652048828507e-05,0.02975650344902216,0.03287328087153325
8.100153904793423,35.34687733995792,29.800449497427508,140.0,-0.040694420291045655,0.04192929602506971,0.7891716901396394,70.56690675108675,35.93925255656754,15.11950917751641,0.7297331247105129,0.0,57.42607370958366,1.0795192200161952,2.1152018825178945e-06,1.5592932739025083e-07,1.3701038373617359e-07,13.565131831961864,15.438259676660094
18.015,56.78515327081372,70.0,60.0,0.04297347666008537,0.015345399185916323,0.7933989379534891,71.19287410656744,42.369369980500245,15.608152322365962,0.7343182891982281,0.32838565813521237,49.524806731309,0.2634044728489977,1.8906519810926245e-06,7.102529582433656e-06,6.446040374349555e-06,0.26619417197060086,0.29330439638820954
3.0446728849293527,25.74239484220262,54.582476523151755,60.0,-0.19316195085823776,0.038462441287100205,0.7593690867075464,22.34418496616685,26.41771413392202,12.623274621663574,0.7264989057570407,0.21342811770163841,58.359818464377504,1.0104905826725612,1.6087866550251212e-06,1.1494655632725516e-06,9.724009627018258e-07,1.3995953479849133,1.654447822177275
10.862133881637842,40.594247291247484,13.947022810745302,140.0,-0.03214864132041377,0.010279708020191246,0.8659896538421777,97.27964661295051,43.1792558720122,16.258405371487424,0.733179468255928,0.0,50.64674018438179,0.7725436388272905,1.988227114833216e-06,1.35288712813571e-05,1.2120047966623945e-05,0.1469617881258882,0.16404449225847736
8.000679115422388,35.1574796375468,70.0,139.0701296143196,-0.11405426676164412,0.02656156272258194,0.7934815659180638,27.566153297390123,28.46472367057421,13.86269656423364,0.7327377629477225,0.18403176915350633,65.2720318685106,1.3691184035558983,2.195349626174111e-06,8.625129248202189e-07,7.651385237784118e-07,2.5452947579095198,2.8692185244222466
9.34013342860105,37.703127132770504,0.0,123.44532752628118,-0.1416239441670758,0.024076517188113353,0.8401305919777385,90.51723846105332,40.8829534326055,15.629606664226998,0.730687099001326,0.0,59.00738583391219,1.1458833061331288,2.5441671102599515e-06,1.8115303896170907e-07,1.6273262387721687e-07,14.044297158038408,15.634032375582827
18.015,66.46497238896,55.087664023220796,65.85986633013121,-0.05579913879623637,-0.023787233246572375,0.842580321344262,120.33326013836604,54.38672200042592,17.16950015279594,0.7301935646783116,0.0,54.08010464762295,1.107660124028738,2.8326401958970676e-06,1.402345363129772e-06,1.2594292332623208e-06,2.0199305180965874,2.249145979055633
18.015,55.961379880191274,37.99716743856947,60.0,-0.009554168665807355,0.05394169204075312,0.8444663945676572,124.78149649381886,53.46258318785509,18.188142738040273,0.7315558482225497,0.0,77.78585488994081,0.8668300622814274,6.15122295511988e-06,7.82537817514007e-06,7.158961497872109e-06,0.7860607906032319,0.8592339764570931
18.015,54.27614370018577,35.45972461403099,140.0,-0.12092590516982066,-0.07703566520762302,0.8236006193950852,124.195036140814,52.86649156690046,18.514739649139948,0.7374745422801969,0.37264530473121876,55.02616070983944,0.8678076602361118,2.8596039494619658e-06,2.9547777447644636e-06,2.735973874615193e-06,0.9677898632236773,1.0451868623431797
18.015,54.61660540703696,2.709845267547532,60.0,-0.12444028644393337,0.07749511219332345,0.8417304934791924,132.5266711419642,58.32817242194846,19.01741347300184,0.7398039606600659,1.0870714078378132,56.079157618832234,0.9714689764530201,3.2739920792097276e-06,0.00015167616441096718,0.00014089374563239899,0.02158540922975104,0.02323731308664181
18.015,61.432867730385844,35.20667928196675,60.0,-0.04969652839581254,0.03663281767445741,0.8147689137057208,134.33995836025792,58.266811585479026,18.92547305467037,0.7350684902470147,0.24457282134403857,56.89527533023991,1.121277272124355,3.3628614980216357e-06,2.3712267194425703e-05,2.1501238201172836e-05,0.14181948400160485,0.1564031553233153
12.554198731681518,43.80887216110245,16.168133067656658,71.15809491525704,-0.22637415683440068,0.04090751126869118,0.922665984906653,106.09700908592893,44.520651498268016,16.49300441239001,0.7303764788428943,0.0,51.95987497866936,1.2365197281613132,2.139029796246834e-06,1.9922867193338724e-05,1.8429869738643416e-05,0.10736556016204464,0.11606320753107416
14.208509197705329,46.951390999565135,46.48549667788964,117.19866665763716,-0.22642034063833275,0.04406538601467446,0.8835637865385153,95.7942196060249,43.082110716742285,16.577861839972407,0.7282710469834286,0.0,49.95433370108599,1.016919276627902,1.9246023802580193e-06,2.568154666999042e-07,2.3799447581567773e-07,7.494106196130972,8.086752323396732
10.522921305230275,39.94984014576188,15.312411920910321,104.22967882275452,-0.249201627718022,0.010296984357585873,0.8683522741298594,91.64717018622979,41.9270279472484,15.267915771058203,0.7325303193809135,0.0,58.14727030697033,1.1586987857015483,2.530143069652076e-06,1.2847985145634054e-05,1.1773926105375802e-05,0.19692917145937533,0.21489374461904
18.015,54.48160549852755,13.932637818553022,112.32874629839456,-0.032275436525351,0.09564068373922133,0.8076475005336258,131.286390345401,57.49045348224041,19.453582378346805,0.7391393728159873,1.0089859380713715,65.81019986567772,1.0049676273914094,4.52630751159529e-06,5.165509585231163e-06,4.7434369366267395e-06,0.8762557569414967,0.9542252953012041
8.730227197035704,36.5440400784379,16.288516446440017,140.0,-0.07753621318518397,0.06772711561186695,0.8717932644905083,83.72193289937952,38.30667012704303,15.68813437714598,0.7299403429838401,0.0,60.65888423306839,0.9683500938819194,2.530766805146094e-06,7.282590246528044e-06,6.463803424953069e-06,0.3475091580708705,0.3915290485747513
17.04327203530667,52.336550067481085,70.0,140.0,-0.13575391396319483,0.01831134417357358,0.9194680590967712,63.39107976123998,37.62587488795424,16.509774763935145,0.7371570497145987,0.15123350975087516,61.86432158961878,0.7013663643617546,2.59890730527157e-06,2.2094338330690445e-05,2.0481568744760417e-05,0.11762774998613659,0.12689005113128463
12.869729467513247,44.40860027010307,0.0,62.004840844663676,-0.014429706805582448,0.08862534740254738,0.8033773398290672,112.06616008642501,46.895661518634675,16.87652221813567,0.7300395666618225,0.0,48.64773638901903,0.9769378067832957,1.9943116382998516e-06,8.94880370414453e-06,8.079228613060244e-06,0.22285790416614126,0.24684431321524988
11.45562823231996,41.72203126866613,0.0,60.0,-0.0956888888554799,0.04434403034842393,0.8152585671672729,103.68597021043665,44.520371209807585,16.175222686630157,0.7323734701453011,0.0,64.18503812314472,1.2242637203974982,3.313289742551677e-06,1.935733836771512e-05,1.7530295458136455e-05,0.17116453097073012,0.18900364517323964
10.91034730911826,40.685685691466816,30.914244452633124,140.0,-0.13105801633128736,0.0766528410086029,0.8335190152164976,89.49364596688227,40.822287870913634,15.87618270472696,0.7293401582208885,0.0,55.998278703961134,1.1449449533417266,2.280099320260218e-06,4.4947750483284325e-05,4.075652873310949e-05,0.05072777382058679,0.05594439445987282
18.015,55.29008556773376,70.0,64.38382057990222,-0.04003539508947582,0.07108376865723948,0.822617285046139,71.67239887046028,40.420948415524556,15.56475168197609,0.7359433006054105,0.4718046566524032,65.11304163996675,1.0939914041230803,3.106905436087185e-06,1.8005505030285603e-06,1.6504869881029206e-06,1.7255308478497609,1.8824174067911197
11.616519919900103,42.027664156441425,0.0,114.55705199040212,-0.21460492216556318,0.11263499267864285,0.7938814203913181,103.32172580964595,44.047974673819375,16.507287815119426,0.7318127769440858,0.0,63.26272488708346,1.1642224114257322,3.178300038347817e-06,5.70578330763183e-06,5.231681340518855e-06,0.5570313254091948,0.6075102498564271
18.015,57.03627840879706,49.180892975667064,140.0,-0.0692799612590636,0.021523815249740324,0.8014503299461911,115.541784422814,48.90692860216417,18.133326704464093,0.7383154106831712,0.48353158013281256,73.02738669460268,0.8039183937155397,4.866976271418024e-06,2.3423184028693175e-07,2.1451540132033757e-07,20.778457213400298,22.688237028492555
18.015,55.77581703377826,70.0,136.6655748015986,0.055950280646482956,0.098753196799134,0.8172175161735281,69.19583962617786,40.45768018557198,16.656973166993964,0.7357377993902484,0.10215555726230824,67.87494199837661,0.8683756212253176,3.413581109368258e-06,1.82979432431009e-06,1.6609901161735393e-06,1.8655545402105904,2.0551483576748804
10.28106391336622,39.49063120522644,0.0,137.1073583565244,-0.08075665494955761,0.026311107077865988,0.8194231841228257,94.69020140291393,42.55001667330492,16.22401053078989,0.731963986205505,0.0,55.467584196467485,0.8289841991657646,2.3401136510919496e-06,1.1698844062232129e-06,1.0490774610788259e-06,2.000294763007088,2.230639526546951
18.015,59.853121622139646,67.3321760334839,140.0,-0.04015432389447039,0.019410297716532396,0.8835298380666621,82.35569135146774,42.44757955503537,17.090171317752564,0.7377670153397298,0.2248296218089034,51.59924470290812,1.2607895690125188,2.011258335525081e-06,0.00020059628186244835,0.0001843841384656478,0.010026398878640376,0.01090797913671839
8.02067988068196,35.19574215630928,50.93001635408282,126.87765365497548,-0.12752186024795006,-0.003009405740045421,0.8019095538792175,50.5497637554976,31.544314460012135,13.82495296729221,0.7343973675204052,0.1356317717420358,62.14946391420379,0.8627301420861806,2.1966808895836655e-06,3.1040161793155534e-05,2.7660214943806348e-05,0.07076898967930127,0.07941662398670349
18.015,66.0321078319694,70.0,60.0,-0.08823156256981114,0.036966022010173696,0.8875809185175678,83.42827613599808,44.18813113566822,16.58777090185463,0.7358145455672783,0.1977916901508308,69.36582280282818,0.8829326476195707,3.912876837860321e-06,1.2948746821152197e-05,1.169065273938411e-05,0.3021818938855543,0.3347013143824218
14.976147274424493,48.40988497437854,26.41895288935141,140.0,-0.04844857384243388,0.08026162879909278,0.7895530940166471,115.81810315333166,49.01550839372139,17.518165023382334,0.7307857299367376,0.0,53.65059768931368,0.9285155178563604,2.5185640397645607e-06,3.937422738298031e-06,3.5939368680629828e-06,0.6396478628691065,0.700781380481507
15.359569794141402,49.13834772519027,40.9871425576844,60.0,-0.08217237913168485,0.013835401282178946,0.8239026800555763,107.63784829092187,47.011882463543756,16.813662087849977,0.7255399688348199,0.0,75.30958330912593,1.106886089003109,5.011809699542004e-06,8.638765953084471e-07,7.912687649488549e-07,5.801534301033515,6.333890482667987
18.015,54.668762871992925,70.0,81.11699808180398,-0.058109145884319695,-0.05944473327450852,0.8711509833127956,70.98842721425113,40.08145274777807,11.813397637755857,0.7386558863685668,0.8380281104871311,56.397332918492815,0.9689035880414987,2.2759424384603e-06,1.098753557801812e-06,1.0102335611011996e-06,2.0713857282187966,2.2528873778252043
15.600010298531584,49.594573536285175,70.0,140.0,-0.2303180427004884,-0.04834263237478616,0.8204397657867158,54.71268434256207,34.940285432418285,15.165682169155179,0.7353014293620717,0.12188031643241028,49.548764443220634,1.0542180955509077,1.5360360893386877e-06,3.0708224556512092e-06,2.8572159627856557e-06,0.5002034834387554,0.5375988757395581
2.6195828128428675,24.934921394756227,28.407533837339486,140.0,-0.13850189511462513,0.006077584502143658,0.8215844384978497,28.89457746569927,27.571657429643604,13.229577893364619,0.7330615036003382,0.12095875362192404,59.69133481129439,1.3913204476927286,1.7540243764378927e-06,1.481219627046186e-07,1.227982968011266e-07,11.841757592260155,14.283784239113329
2.1386673274371306,24.021872884239528,0.0,140.0,0.07049473210294228,0.026262179555704004,0.8459922534078942,36.198599313835196,28.47739471018291,12.51366480188735,0.7338986804338912,0.20806707022045628,63.40552993001325,1.4851546251081156,2.060030379832264e-06,5.025944438072544e-07,3.9604238434653067e-07,4.098792585582757,5.201540191793641
18.015,56.608953372474815,70.0,116.22478108200647,-0.11473530659398053,0.06233962894285669,0.8512080067420885,71.98295660667566,41.43244952129258,16.468207756674595,0.7344269122578555,0.0,58.64980891028252,0.8412376929137186,2.5540382501470763e-06,1.2222620740704452e-06,1.1255273932207002e-06,2.089599525608674,2.2691924386119897
16.757851806474054,51.794873440544954,23.533048304138582,72.29895934535561,-0.021069024716696652,-0.00803043650817595,0.8167669925780773,124.62430834051847,54.15630681099404,17.989927546036725,0.7323528233953024,0.0,53.99428289049566,0.9519832854527749,2.817344290047752e-06,4.892322590692526e-07,4.4734460688132324e-07,5.758705068647051,6.297928368219201
12.523009564131776,43.75041611123472,0.0,60.0,-0.22805531514488245,-0.014537341850240148,0.7663353215801222,108.74403184755869,45.083414626598696,16.31183315773432,0.7277833868819488,0.0,49.76315851657542,0.7810095104246083,2.0074677354584517e-06,4.056939753421443e-07,3.73877375080723e-07,4.948231567317317,5.369321251453164
18.015,57.44345301875248,70.0,82.78495905556557,-0.1657938503955449,0.025380691972107936,0.8711962506005302,72.68779192758406,41.12177464020836,15.172452166837022,0.7421275411270009,1.032735447828204,76.49766731529719,0.9063638832449652,4.55030436710618e-06,5.245580215808789e-07,4.847277229946102e-07,8.674549201235678,9.387340874573367
18.015,57.58850559352112,63.50554885643928,95.36095128115817,-0.11316106942431592,-0.0652800101838286,0.8556515925235089,91.43367701831234,44.84526793985093,17.854069200057427,0.7358995388648429,0.13214793176762862,51.156053087411024,1.2790659382452183,2.089039480191826e-06,4.228415463370681e-07,3.885387876596496e-07,4.940478290954287,5.376656196348081
6.236827353816312,31.807690427619647,0.0,128.77949607094746,-0.092319254246111,0.06756536406005033,0.7567818176358455,65.15083114299553,35.0410477973844,15.08223246069098,0.7289816400558068,0.0,65.40409157865435,1.2596802502478948,2.7165610478544655e-06,2.2105249069889133e-06,1.923812203116787e-06,1.2289212572387858,1.4120718453980792
18.015,56.906414724985886,39.964636290766734,60.0,-0.13357265425339565,0.022763236891611863,0.8472217395156892,124.76762066178561,52.72763611924071,18.118177958018627,0.73092786395444,0.0,45.70951250609611,1.0578987473489376,1.998299916228628e-06,3.992240842983682e-06,3.681954513668766e-06,0.5005459326785401,0.542728029042783
18.015,57.24415291782201,5.451286796572038,100.44161694224776,-0.10304399259303029,-0.017933673607877995,0.8474020049917469,135.06814406503648,59.15228894744663,20.206828399808497,0.7372661311033138,1.1712101163896624,52.58472919060152,0.7405387097211653,2.9299788550474275e-06,1.4990521311105333e-05,1.3792554736137925e-05,0.19545543442020458,0.21243191787889584
18.015,62.24885086918455,70.0,110.64011805706215,-0.2977972051627902,0.0050209057690770355,0.7896474972001833,78.6489568747761,43.83350134176889,17.69548745804287,0.732490132036675,0.0,62.41193390109479,1.1318722595698865,3.0727038642586172e-06,2.4415271142411746e-07,2.271068791873617e-07,12.585171986564696,13.52977010319294
13.503686087378446,45.61268205389227,20.557518522396975,60.0,0.018276681368294814,0.06052713938251776,0.8678035705392109,112.17354280950242,46.99779229544748,16.88341968251048,0.7292495100513832,0.0,55.19424107703407,1.13792214885727,2.549293437208334e-06,1.3551914261420544e-06,1.220502204971074e-06,1.8811316158231883,2.088724974707237
17.640054811167765,53.470704982629314,51.58361180102979,60.0,-0.031024877936079692,0.018637934246336717,0.840332190720118,104.7282950503376,46.55268207756676,15.962100156299245,0.7284147979351225,0.0,60.26323732528222,0.634398030040372,3.044425153136011e-06,4.663261503103165e-06,4.280298791001753e-06,0.6528531910788404,0.7112646340335272
18.015,57.629300007329434,43.21579397361145,107.29767753105006,-0.00209780332961558,0.019756707507582533,0.873696441858916,124.50398323224567,53.61499587833158,18.793897798846622,0.7386144659297664,0.3742995701608958,52.71691972389774,0.9075844196384257,2.6619380363662534e-06,1.6339084119695224e-06,1.485259568631269e-06,1.6291843636189731,1.7922375944154627
9.094434993670594,37.23576453469961,38.84156194977372,129.97650896881441,-0.1890477923881832,-0.006381870691087875,0.8045165415423782,68.8058006091616,36.25474366055109,15.714310795482838,0.7323056456737989,0.0,38.56106901168392,1.266499365913786,1.0300931206775647e-06,3.639727014529797e-06,3.285561693642846e-06,0.2830138404790884,0.3135211622020877
10.562435753565522,40.02485612249621,19.226551184074054,121.04672739327984,-0.1319896936040158,0.018531267711239485,0.8559249256142571,92.61967522992013,41.92743856811549,15.870375262137658,0.7312373271845909,0.0,49.12065066333065,0.9662065542444458,1.8159307000869026e-06,9.361393356120455e-07,8.458711738771427e-07,1.9398081364668347,2.1468170995393856
5.069896114508047,29.590518463373773,0.0,125.23655291154186,-0.11037836362977045,0.05519039443678098,0.7876141871963857,55.29282804782401,32.793106734558556,14.159594549893457,0.7324308688037794,0.0,56.998559302950916,0.7486675451904118,1.908071234608375e-06,4.616060071101521e-06,3.973843057813538e-06,0.41335494019103086,0.48015767277387694
18.015,56.065305901245814,70.0,140.0,-0.07051667986024271,0.020104535705199468,0.8097468958729691,67.25588119605699,40.69764023626809,16.558841360074968,0.7371894234796382,0.26916235413778894,60.86017928924215,0.5301075319701503,2.720737797688633e-06,0.00013222550660268667,0.0001218778649387147,0.02057649743679145,0.022323477680354295
17.0545968192115,52.35841899955462,55.24566396386417,60.0,-0.22015776749689928,0.019803512021546923,0.7892724533676926,94.3686197198234,43.71620923313873,15.284250600607065,0.7299502732183518,0.0,68.51661190131175,0.9818527453921341,3.7633844927301766e-06,1.8262526638960362e-05,1.7094810113839394e-05,0.20607140332387305,0.22014777980385197
18.014659296187727,54.18237018699536,43.107291679159914,67.66271827433306,-0.05662657565223814,0.060772076660703535,0.7728864935991275,117.44443674146962,51.10671708384172,16.740174283586526,0.7262506851346873,0.0,66.9184247407008,0.8418783305616382,4.179665127238124e-06,8.595453779883379e-07,7.910245272261362e-07,4.862646271241811,5.283862868190497
12.580086428483956,43.85770731907761,55.46612984542207,60.0,-0.23556642668639582,0.05018992952270695,0.7796862736164001,70.05803143475615,38.079200297571894,15.586756248946232,0.7343617044949688,0.1691630614880017,71.5204879112671,1.4496209619644245,3.6005886431789614e-06,1.8124212127126425e-07,1.6725706474931313e-07,19.86618021199375,21.527273891692207
18.015,58.928498049416916,36.82001111703937,60.0,-0.3040095662564182,0.07932036294710747,0.8246943780995909,129.26421409535698,54.68403057038588,19.379897927198712,0.7320005279476471,0.0,67.12225408562051,1.2108349781967724,4.490285198114218e-06,7.824555944280816e-07,7.318802627490479e-07,5.738709301958907,6.13527297654955
15.327171997809204,49.07674430201611,37.92141916210427,73.00007754194066,-0.11212644852210389,0.045308526852167505,0.8072423374595817,110.21226212887585,48.36936787695684,16.796319734355315,0.7267168293042402,0.0,70.23912405117062,1.0142843482742938,4.4011704100667304e-06,6.005994521140166e-06,5.517589548856941e-06,0.7327962745512497,0.7976617997941701
11.645307631472283,42.08151395908493,70.0,101.41372841957784,-0.2507830124435874,0.025607725796482187,0.7900526196432034,41.6628130671366,30.961274945728526,14.042718550224542,0.733215749725709,0.10134891264897504,78.57846930717069,1.0910045720814874,3.6435898539868896e-06,0.00011241681574258663,0.00010405467481535547,0.032411430887083884,0.035016109179644477
18.015,56.28889303432565,1.1590444986061783,60.0,-0.20842396461117446,0.039885846642737956,0.7420894464659763,133.99391937762556,58.54632885280908,19.859872034180572,0.7339111142117549,1.1183535002246527,51.64651570113317,1.1608137244401187,2.7826604760212087e-06,4.786211883298191e-06,4.452880073891073e-06,0.5813909922649872,0.6249125127660643
18.015,58.40008034059259,38.09451925061136,129.4307026984534,-0.14648318287282577,0.04167554748300734,0.8141168673152388,130.44871569083244,55.179963712386005,19.58997821936014,0.741061005289056,1.026363564394309,75.44882750507128,1.234673393458015,5.904019401837099e-06,0.00019626856500773866,0.00018170969680433508,0.030081329639335314,0.032491493330675386
13.327929922806478,45.27840274931235,51.45973355077497,140.0,-0.06538156332359436,0.11999293299285774,0.8076377584571434,81.56060408630984,38.68143485945852,16.103918885777148,0.7310223514830274,0.0,55.2113471130329,0.7801174861911001,2.109015982087345e-06,3.238934652296813e-06,2.9410908372027435e-06,0.6511449623078338,0.7170863121294204
10.88080815689546,40.62946845729802,50.62767478603381,60.0,-0.19765510330279232,0.060440617458380815,0.8272642551886408,68.84199248089716,37.23029580595955,15.608378564165251,0.7358990569886018,0.1336822870832439,56.06135482146479,1.2642156636671857,2.081601798763515e-06,7.663423241366588e-06,6.990496633721968e-06,0.27162819189304116,0.297775953245142
18.015,54.763782294369584,70.0,125.28873403278176,0.024739619348799688,0.011433907443452164,0.8284613054433101,67.86615057289312,40.04277479692914,15.500475601077948,0.7333098693785823,0.0,49.27233037693854,1.0804077369464467,1.7411248435546452e-06,0.00044254461650529794,0.00040792340595808364,0.0039343487156256055,0.004268264135188053
5.608815198641919,30.614193023892675,0.0,139.91596274965661,-0.14667369098413047,0.054491118316745565,0.8257697995933008,58.11803043106618,34.53508517510921,14.146834971669735,0.7329270152981466,0.0,58.6136440660758,0.9412765653169057,2.1237580008219354e-06,6.80826219183121e-08,5.933320959416093e-08,31.193833918001783,35.793748818721205
18.015,59.78589589208794,6.5623247007570455,60.0,-0.20977035565890662,0.09536862145155729,0.8115713682334794,139.2534309210857,61.23369197429995,20.23673871509243,0.7348460740827722,0.8042375995092501,61.15386626601425,0.22326210985082529,4.152617204770806e-06,1.650619532269305e-05,1.5284521056245945e-05,0.2515793084710263,0.27168775452560606
18.015,56.90420761410316,41.522020693540455,80.86162761086763,-0.15711760360896404,0.04770323774850327,0.8298475636546491,123.302871421594,53.43057609033081,17.681646840440116,0.7314293492515417,0.0,65.8875001058218,1.021170928191577,4.216994676788237e-06,0.00010222914001511575,9.498253409591655e-05,0.041250417211420407,0.04439758021753531
12.800002327163284,44.27579793424373,12.572757430325623,140.0,-0.14304196712505113,0.08513045002248892,0.8167110350681839,109.54306701301219,45.863345641557764,16.859758559364057,0.7313973356176163,0.0,77.65650168007063,0.9271364839059154,5.254804244727307e-06,3.178569131802118e-07,2.9044520261045206e-07,16.53198035604168,18.092239766738725
15.993951173048313,50.34374077178772,18.934849538288553,60.0,-0.06938292355648898,0.020969125126331086,0.8119965006084876,123.75886025875035,53.25931347249054,17.970863704932928,0.7303350886969201,0.0,52.99772349372723,0.7890506396692604,2.676744969122538e-06,2.562325957367574e-05,2.350066241655064e-05,0.10446543545429766,0.11390083060966852
18.015,59.750016309513875,70.0,64.07224037177888,-0.2386712931663777,0.030157852240840614,0.8489187997110267,76.55056792302805,42.5642333476148,16.249056014996555,0.7361282646853629,0.45812941146487596,48.05110064461156,0.9883356001649335,1.76874526554447e-06,8.209441931102867e-07,7.613525067465765e-07,2.1545255821145135,2.3231620699624407
18.015,61.438802615652044,70.0,60.0,-0.07507222112764794,0.08284391056636926,0.8257519794326736,77.85791057329202,42.887323058670354,16.732616354593716,0.734963393952379,0.16719141883027075,54.45571408363002,0.8733375898608249,2.2717126124407864e-06,1.166481201362686e-05,1.0605710637839343e-05,0.19474918325190038,0.21419711417881876
18.015,58.42207684506589,57.62314079136169,60.0,0.060876525081263136,0.11464020086278366,0.8501887776711985,104.68412937497475,47.6301269500965,16.73120320001274,0.7295592309128938,0.0,59.386491680187795,0.9140429985705477,3.011095711932894e-06,4.056688242280948e-05,3.6679993532101004e-05,0.07422546501231383,0.08209095536774542
7.85048570503724,34.87276738638417,16.870250990948307,86.24894272177653,-0.035220210188873405,0.13625134995196445,0.8118767293878477,76.3920455719114,37.61723184126043,14.888587326312845,0.7311722995002097,0.0,64.02624366496349,0.994595216892882,2.789553396553777e-06,1.0283871555549836e-05,9.029392146591239e-06,0.27125517675766336,0.30894143827908555
18.015,56.47269466451527,70.0,99.03355324407073,-0.044667338768064224,0.03473507635419327,0.8697029885394701,71.34373117262437,40.72180912625865,15.848537526653345,0.7358108384174553,0.08204617603354246,61.3791779188793,1.0012790187621974,2.7577057292216006e-06,6.099880035573188e-05,5.605321776811155e-05,0.04520917974024496,0.049197991462863855
17.222232251948085,52.67803258005236,0.0,60.0,-0.10536231667089244,-0.045479755773718,0.8469693404850738,130.739583784999,55.40877206837746,19.386097604836714,0.7382318589787256,0.6193124453254345,53.58339746025878,1.1650357746481943,2.8312773723238296e-06,2.0601392148767394e-06,1.9018786298477521e-06,1.3743136152540198,1.4886740551632767
18.015,58.532632856740534,36.9496024956215,60.0,-0.2697340997495306,-0.025615093407331688,0.8338966780499553,128.68618387360385,54.493122749315845,19.406296108299333,0.731669666509885,0.0,72.24523026396919,1.157762274101688,5.280219993471027e-06,7.278400304073853e-06,6.787661763011812e-06,0.7254643565723627,0.777914424411168
8.133847100135151,35.41109430939296,12.047233581508753,135.86361618279705,-0.020370112505916277,0.018313634048726997,0.8548576150654773,80.89253643729653,37.66750550128556,14.891261331385959,0.7298697133530864,0.0,58.26951321382219,1.2315110828270388,2.281435245707596e-06,4.134608753299324e-08,3.6239828916034194e-08,55.17898746494604,62.95380839113681
13.034073259023028,44.720426817029384,22.402748880422195,120.93643393546311,-0.21937243678558196,-0.016052521010135542,0.7886504912161842,107.09626852219513,45.38937144284286,17.139253301784283,0.7300633989730994,0.0,46.33461920092336,0.8349605466346031,1.7704982897949316e-06,1.9481887742449208e-05,1.803314534058873e-05,0.09087919575356046,0.09818022626424026
12.581055055790133,43.85912817801004,70.0,92.75490764376072,-0.16921703549189457,0.01924802168149055,0.8476269500905991,48.7599937084532,33.19613599001524,13.738356872370591,0.7355228585523435,0.2905599247276462,58.43781149385358,1.6633698063323632,2.015321539967543e-06,4.596506898767149e-07,4.209345088564259e-07,4.384463211635953,4.787731814724978
8.671913524280127,36.43359169961753,0.0,100.0806152207127,-0.16447506862097697,0.06947479527642256,0.8427768778694295,84.11518935010236,39.18193792767402,15.60992086493785,0.7305341629480478,0.0,68.79541784275685,1.0653534176085229,3.4018100945422927e-06,9.069828957056564e-07,8.137279906815547e-07,3.750688255146857,4.180524860270612
18.015,63.60777983536265,70.0,111.46312640487574,-0.09560116982815811,0.00854707872377656,0.8165017134941187,82.13375172390754,45.26754062482971,17.750648162459836,0.7340314306771313,0.061046091108492274,51.00705742203029,0.9968687439882069,2.1051880178529256e-06,5.792139354822337e-07,5.252296882228563e-07,3.6345603737938696,4.008128377083835
18.015,54.59123628217231,26.28371412931063,140.0,-0.07106621865564301,0.08615286923415788,0.8053654517315217,127.5445384376383,55.43636353097699,18.54313265658097,0.7378662315455803,0.6166774948902761,66.36507558468017,0.7652033463720762,4.4544954469084e-06,8.42588584886668e-06,7.76321287718366e-06,0.5286679082541273,0.573795349603295
11.325564002717103,41.47482009485958,0.0,140.0,-0.08990370148383381,-0.006366410300198697,0.8241003761878016,102.75028003102558,44.54267203078008,16.21635072709231,0.7326019418733504,0.0,54.10241174084649,0.9284240609154283,2.3272087243207043e-06,2.072276031492768e-06,1.8705371912721212e-06,1.1230206251260337,1.2441392425552407
8.106926197785855,35.35977907510056,31.762675902605316,120.22408500031058,-0.24924716811376152,0.0902156206289592,0.8316402847488628,67.28992374022152,36.19473141983449,14.962925474630417,0.7342122047205851,0.0,71.90699009927495,0.6532214811388182,3.4812562178121194e-06,1.1421768813580806e-06,1.0330854036242658e-06,3.0479133964546783,3.3697661447922806
18.015,66.24156170939843,70.0,60.0,-0.11471852547784366,0.059121221459175026,0.7912311640984212,83.65168961023844,44.65584669557819,16.57053524805039,0.7336703219634586,0.21741557918012766,59.41510722715351,1.22053131427589,2.817413011992647e-06,1.8132395752384308e-06,1.6409664573232996e-06,1.5538007500317066,1.7169229751279227
11.504183268424327,41.81393005196494,23.395694615900062,135.29118396945154,0.05199243262123894,0.04985898880596816,0.7903593015994724,98.48019249880389,43.481744729502566,15.928748956401769,0.7303796842960976,0.0,55.18367271084022,1.0730220967377744,2.359447786700029e-06,7.788737335512536e-05,6.9661188669425e-05,0.03029307171448947,0.033870334855994416
14.478343324154283,47.464354407760524,14.531479525293836,80.87487914100959,-0.053174599899278474,0.03326914768253075,0.8208197859034625,120.29539121372682,51.90933749451213,16.870521704201824,0.7293721768303695,0.0,48.06919042829184,0.8297634481607302,2.1649348891338554e-06,3.0478529931567522e-05,2.780215956005992e-05,0.07103147343374877,0.07786930667946966
1.8813428460841861,23.533519216461368,0.0,140.0,-0.18620149933256241,0.07098776470361841,0.8230991461872855,29.007852481504177,27.98377940572941,12.639960572251054,0.7325031651135538,0.13766559883950968,62.615717551916504,1.2501301950627384,1.973566119483443e-06,2.180342058450566e-07,1.7928995339616943e-07,9.051635324073573,11.007678244650648
8.571333298786579,36.24215203120881,18.844189217445738,140.0,-0.11967498874454961,-0.003458110286136303,0.8173974280437618,79.19929469726152,37.41984973423266,14.840429099651267,0.728593728383494,0.0,59.432260132411955,0.7543692972241021,2.3736508812091746e-06,5.842913874132449e-06,5.211287151481568e-06,0.40624437264388263,0.45548264991199844
12.103267584649668,42.951389114655306,70.0,93.21800348810503,-0.12539069582918044,0.10766081230549643,0.77518449674128,48.069597610894476,33.297982389600264,14.1952017240012,0.7332594701553846,0.2745911107576625,62.238016436169474,1.6402087661430977,2.3114907603271395e-06,1.3340379001834287e-06,1.213189549254939e-06,1.732702466706015,1.905300586991295
18.015,65.82015838150143,68.18093465337336,60.0,-0.25950519274375233,0.06042078033191011,0.8300881652934573,87.84615955901239,45.035943780249426,15.920083072286369,0.7347477588456184,0.07441070930000059,49.945652168479675,0.6283751281592498,2.025075317656508e-06,1.7578410500950364e-05,1.61867559504249e-05,0.11520241363956223,0.12510692839619603
18.015,62.97106009898893,70.0,85.85352645578644,0.02817670851072561,0.022736171576358374,0.8774620209344476,78.79575202440795,43.7259174532506,14.505460982721745,0.7417605271749449,0.7561452035497447,69.91115125104703,1.4637517942538436,3.926654850862728e-06,1.8002773276411675e-05,1.6134945319766766e-05,0.21811388670920326,0.24336338134671093
12.934887208749144,44.53206116267885,15.517019557983367,118.97290783448165,-0.1176110533917048,0.09384780629180994,0.8014042624991088,110.22473266081512,45.94430934632208,16.86397122209116,0.7304541831072962,0.0,67.59852425297623,0.9585012209314735,3.838978781643161e-06,1.1269179072465496e-05,1.0288797570660768e-05,0.340661795944224,0.37312219968155264
18.015,57.48547646018404,45.36532073690742,60.0,-0.20808943535366403,0.036324995809096906,0.8002434065785257,119.85586223827254,51.91219841576739,16.193678831804032,0.7271194187144185,0.0,44.8323966487505,1.4767499469755982,1.8864290669914314e-06,8.136472201721099e-06,7.55754547559447e-06,0.23184852356435226,0.24960869545320818
8.117876264919254,35.38111513054178,0.0,60.0,-0.018337622347520177,0.028153945218085792,0.8152001673954347,81.34615207543665,37.6674452857889,14.893273734106838,0.7290834003576255,0.0,76.09099946791245,1.2337734707695067,4.11011616941965e-06,1.0165290387240705e-06,8.91301260280698e-07,4.043284562316681,4.611365822735681
10.055587253885417,39.062299764723505,0.0,97.19991438430758,-0.18575550035517246,-0.03907226581144072,0.8532233949847642,92.15480032846054,42.164062216502444,15.297713468370159,0.7324010828338017,0.0,64.75125849604987,1.2453368524565092,3.1981007606241796e-06,2.0196621700879926e-05,1.83415126865557e-05,0.1583483024037057,0.17436406774498933
11.85609132566285,42.48304947940156,0.0,136.34463388180174,-0.06200982363808169,0.035893418247315276,0.7514098901135079,107.28738398583198,44.64781843723687,16.623638401972332,0.7285366215004775,0.0,59.82026176024472,0.9155006220232006,2.8659164549563833e-06,1.2468177922605554e-06,1.1244205993336622e-06,2.2985848234971886,2.5487939803439574
14.661354672722622,47.811360537863855,70.0,140.0,-0.06704400047422909,0.005566286883358642,0.7662539877458082,53.36800068682189,34.222678200291675,13.866587847671898,0.7329234602808262,0.1167669190824211,58.95345069294018,1.0075345765699593,2.1285589873590706e-06,7.543391025151946e-05,6.902405955099992e-05,0.028217534796510103,0.030837928125429057
18.015,58.07662755686529,60.41012237850558,88.91393333084063,-0.2021503617590804,0.05171563161713987,0.8279759604254227,98.23345156351847,46.04401197450567,17.6387500856904,0.7356680008444755,0.1430129611485528,78.10517285215057,1.1974986174634374,5.339987131561469e-06,2.716648519183731e-07,2.51689614161571e-07,19.656525655979856,21.21655734325807
18.015,54.682029542261105,0.0,75.9035710269949,-0.0020127137282226065,0.045676980034026184,0.8562477558269894,132.06109422766872,58.66912600190895,19.10323342132216,0.739820770006634,1.1784286007201976,56.01996660430741,1.4158356412801794,3.2703855804328146e-06,2.380576581417281e-06,2.178581626163352e-06,1.373778775260313,1.5011535676045393
15.7772155900282,49.93247862921438,0.0,140.0,-0.18649197004669593,0.036852107668965184,0.8436402569917075,125.16333336919789,53.36256537098895,17.923665556121883,0.7324214126617956,0.0,57.58817694779912,1.0623244357615615,3.1595551007905007e-06,1.4131074550864769e-06,1.3096435430237205e-06,2.235891608538112,2.4125305833186355
18.015,64.25237452624889,69.13521813739452,60.0,-0.24168673375838748,0.0003053035029068516,0.8266865406810807,82.86140855401077,42.922478780216835,16.477315707674833,0.7345329820803539,0.13982214092192213,54.34354741939616,0.8135717658518216,2.2661279138681187e-06,5.539173016239669e-06,5.1033323879998485e-06,0.4091094297333405,0.44404866106639845
0.7206000000000001,20.570371230081594,38.55423271724602,140.0,-0.08955187641592222,-0.025472050998359995,0.835746498366776,15.320303239715376,25.499753116781537,12.559798403281034,0.7320628221066819,0.05893036674588411,49.944429354061164,0.9040271396641442,1.1408202207107776e-06,1.0581346646013388e-06,8.210960899224407e-07,1.078142753352279,1.3893869849246725
18.015,58.51620462291616,20.5863857355902,60.0,-0.21431258549783821,0.11379004395465314,0.8510304995150993,135.11971769586313,59.091155663773726,20.33733272265852,0.7385674155022164,0.9093115616326047,74.97469595059368,0.9019085646702089,6.242096199851111e-06,6.759948692855572e-06,6.265507055876762e-06,0.9233940202014007,0.9962635336905904
10.909110120884515,40.68343085820453,33.00378580605873,60.0,-0.139313461525953,0.04557842435369995,0.7984158786831753,88.33019060400808,40.72018898712604,15.320288726909506,0.732090646247186,0.0,69.44776039203165,0.9289437104811842,3.614156011574852e-06,1.2599286379153925e-06,1.1414278791640173e-06,2.868540251259494,3.166346361034972
13.596705665674072,45.788667682921485,70.0,110.94643055241396,-0.19578002905604933,-0.03133126631580608,0.809896893756372,48.22633451801036,35.265235228290955,14.437232149197524,0.7330908520267311,0.0,69.58476191742768,0.8605770093496182,3.145368998842067e-06,2.5447282957298985e-05,2.3790765273892847e-05,0.12360333337433528,0.13220966045567625
11.189482765759958,41.21618065194034,4.28726925331944,140.0,-0.03499645937047373,0.07642268828946311,0.7736212517095028,101.69077138594123,44.39578637822457,16.257585495622873,0.7311081401663948,0.0,75.80291020145721,1.0000668551539134,4.807514141301927e-06,1.1264839856744542e-06,1.0101037982559864e-06,4.267716365646821,4.759425862572174
18.015,58.4829019993318,54.68386749768299,60.0,-0.12770916557819562,0.03882128417485969,0.8520920897000077,107.87596275162105,48.08346336695165,17.814158498198044,0.7281259875203625,0.0,43.66681159980924,1.3086341892963298,1.6733309928849871e-06,9.5701233548963e-07,8.79174517396613e-07,1.74849469628714,1.9032978774680687
18.015,63.591797918775775,70.0,107.74460251970676,-0.04227620055627622,0.09642627416366915,0.850650328395169,83.10076908502288,43.7294769708162,17.82208528014318,0.7348706918085893,0.0,64.04419754881704,0.34866600399295544,3.2659987489945694e-06,1.6732863562303752e-06,1.5090799249531362e-06,1.9518468771551452,2.1642317911663915
17.90977082796768,53.98312210985566,41.39216653807166,66.05149315018241,-0.2106286745451218,0.055570453748850314,0.767087576239284,117.55309212023771,51.17533607404585,16.711094448868145,0.7257744404440942,0.0,68.3831680116668,1.0773445841582332,4.383532246723969e-06,5.0008468815291383e-05,4.68268133096434e-05,0.08765579811920958,0.09361158568997124
18.015,59.20673716831206,67.38735905991265,140.0,-0.1794872107963418,0.08317076697685652,0.8089030035794772,80.70496433715803,41.82957268947393,16.650550794839848,0.7366116077576661,0.2304121334883571,55.730094503867385,0.9128867623145807,2.3200218094726105e-06,6.519491219902786e-06,6.014911099267017e-06,0.3558593349109848,0.38571173724501606
7.938964400384985,35.04101049417104,0.0,113.3596620645154,-0.0002373221521579233,0.05025472337550462,0.8462727357083328,80.06147959072433,37.71289921235312,14.902409874488557,0.7301146468282022,0.0,64.86490426564926,0.927863208496708,2.8785079200197303e-06,1.246269843891872e-06,1.0886976335568196e-06,2.3096987655824828,2.6439920794312077
13.609872256990794,45.813927136672056,63.920199236081416,131.45062526125045,-0.029487707360266138,0.04972261660636054,0.7952104515158223,63.067788878704874,38.86482795116248,15.472421392432546,0.7338231865250188,0.05043834947264643,63.56153158893788,1.031789059433396,2.836075899907588e-06,9.897653137278626e-06,8.988161151040811e-06,0.28654023944582996,0.31553460738509076
9.094333554621667,37.23611149517578,0.0,60.0,-0.03736499694170911,0.07027334787697924,0.839899070560116,89.92582804682446,40.64821940854619,15.722437248628061,0.7302256858427716,0.0,71.7362574456615,0.7510479413731868,3.885867638996034e-06,4.15243138937548e-07,3.674749420292919e-07,9.358053811409182,10.574510516383144
10.66599691123398,40.221560231510686,31.260103132640012,60.0,-0.021687388780891922,0.05054231161390708,0.8377024670452146,89.46037474588319,41.09442700546138,15.376796461379227,0.7326850613792514,0.0,54.1489255113622,0.9674202112915198,2.1496111869279003e-06,8.64546312933474e-07,7.714091572335723e-07,2.4864037412109243,2.7866031492766257
18.015,54.93653565831791,66.96521945410583,92.37739949354527,-0.053287960575799376,-0.01642217355020958,0.839155201679431,77.55627034667936,41.92347521748823,16.515174690304583,0.740559912035314,0.5675873206580536,47.31898289690257,1.127285840661822,1.6894264830214212e-06,7.868596638428501e-05,7.241134452308894e-05,0.02147049290556632,0.023330964148618093
9.445004173104051,37.901711723866214,47.513206725147136,111.53674355631274,-0.0651015861434483,0.05011595830149607,0.8443230913672432,62.414870067407364,34.193518495153704,15.291785752537747,0.7352751135143171,0.04892533117879079,43.64223155998356,1.2679630663276114,1.189731289452032e-06,2.4803444829482568e-06,2.2120067297402817e-06,0.47966373124021067,0.5378515686485826
6.5438710432626666,32.39084879943061,0.0,135.53263210781734,-0.10832724460528248,-0.026042468258099118,0.8395442510871816,66.40602889686653,35.26122188338355,15.068999366976183,0.7316694563794335,0.0,61.81851057903358,1.196281631050851,2.4203873863492765e-06,6.989702006214068e-07,6.114747824486899e-07,3.4627905226824764,3.958278339225504
15.931875546806168,50.225524204659344,38.45804522861379,97.23667211418365,-0.13654873220021665,0.02514533356820264,0.7622834264728181,112.55290229494615,48.65632396456574,16.79837583106784,0.7256876496408589,0.0,65.45407012683911,1.2335548391965536,3.7790977595363573e-06,1.3097682973670721e-06,1.2085811630157126e-06,2.885317782643839,3.1268878542724945
18.015,57.87136943524863,70.0,60.0,-0.2408629055853544,0.06758773299951507,0.817415223807266,70.9290818745474,42.078506202271704,15.451179299930322,0.7354520118196696,0.3252327022357227,55.89815251615466,1.3362063812004936,2.3369957228575177e-06,2.9523211591106856e-07,2.7474210598866876e-07,7.915790989221106,8.506143295538045
18.015,54.40016116334647,22.36967266492378,60.0,-0.3050582125629859,0.05569235931518295,0.864789449281406,128.9345484430425,54.77707372008348,18.448691340329802,0.736240240203851,0.14740658389267908,43.06676713261538,1.376592186439994,1.858887226500114e-06,5.9421873760129834e-05,5.613797710161978e-05,0.03128287798536854,0.033112828827714894
17.31919892224331,52.86147832677886,7.393732673405385,64.1450542605897,-0.17617177147815027,0.10310048381448443,0.8156478966533212,130.21216750110432,54.95669559850939,19.320165075327427,0.7376367354858242,0.5270554908522079,36.715453741444676,0.8516615625888494,1.471259160938732e-06,8.132577453344783e-07,7.557627299270451e-07,1.809093327889093,1.9467209782635813
18.015,56.543427889464425,53.66997624969939,131.19320380758887,-0.19339341736664073,0.03959094454514546,0.862410483673642,109.06322101871694,48.197729571226915,17.4156359397826,0.7360285557358719,0.09542459502113454,63.63067763314158,0.5200168040442921,3.5428358827886806e-06,2.8536270959432486e-05,2.6535225318286817e-05,0.12415202700539323,0.13351444505531015
18.015,64.00151158928419,21.234397998382583,60.0,0.013591012406218475,0.08349882717869803,0.8177714097775778,139.71166251849712,63.59329502055941,20.25586727220057,0.7336774957515959,0.9287659742660591,55.74671335241686,0.7072914673295823,3.5389468791678697e-06,6.82562953209748e-06,6.112475160036453e-06,0.5184791911904967,0.578971167409499
18.015,65.58502502649773,10.809961919355082,73.08500817334715,-0.03912025213752093,0.08200194285999651,0.8127939796956142,143.37306445640615,66.44836049763768,20.52455458244846,0.7328320730660908,0.6879993911188343,46.89149024006323,1.1934173273941096,2.6306330059594097e-06,1.1686287465814028e-06,1.049595292597061e-06,2.251042526255509,2.5063307967495887
18.015,55.60387195574524,0.0,97.48901338882347,0.029834308307278637,-0.019151764386799087,0.9053342905249139,132.51590527958024,58.97621459060037,19.564464596230813,0.7391037840274067,1.2438184911048396,74.88898531549104,0.9287602629184669,6.212619388496044e-06,3.6944213075017324e-05,3.396063331660831e-05,0.16816217944285258,0.18293591084056102
16.47386126791732,51.25539561531521,14.678337600241584,110.192118162166,-0.05176604043157912,0.09445303804395021,0.8158709090847599,125.91347359035787,54.06655308078768,17.981755940577784,0.7344964578294165,0.032674257085061956,64.73537550556141,1.0205655325514549,4.105672611342004e-06,5.566056270287617e-05,5.117900976058101e-05,0.07376268603784435,0.08022180637235125
5.668620283122052,30.727813603785265,0.0,140.0,0.046394443741909805,0.04740265115006527,0.7595496904105724,62.629066076873045,35.07999097786623,14.211604334262343,0.7287043766374488,0.0,88.21157713198264,1.110360616052787,5.436149716308306e-06,2.1525702374086e-07,1.8215874778259636e-07,25.25422688577487,29.842924276116932
18.015,64.1991038893891,53.04221945718615,60.0,-0.17266558657098935,0.08942998045721623,0.8462271824293012,120.0601959919981,53.319349858975684,18.008208957415796,0.7287035235202937,0.0,61.62942256217487,1.0635824462302743,3.6401949624039746e-06,9.512164952387487e-07,8.693048201217508e-07,3.826883764763048,4.187478175830368
11.157360416898149,41.15504302197108,29.533431036588127,70.00496245406809,-0.03718270377979209,0.05527370054800827,0.7780981249824261,93.16441140170963,41.04072373349096,16.25439551279121,0.729522395315723,0.0,54.59787303392724,1.4267297786703848,2.1710477182512564e-06,1.0948819428941682e-06,9.813871661260257e-07,1.9829057665453806,2.2122234661182225
13.355793063562125,45.33181570770228,0.0,140.0,-0.1261158662571316,0.06178374357595132,0.8696641919807614,113.23344836185221,48.05749764669747,16.863667218630244,0.730688219094427,0.0,63.5896597492923,1.0685798432022773,3.509179792419557e-06,1.5515005563036264e-06,1.4179905890252647e-06,2.2617973149684234,2.4747553471647428
18.015,55.765126551683004,41.78087967409218,139.297209083172,-0.13309233002524604,0.0505331263471517,0.8300631440327895,121.87752962901145,51.13797131520287,18.01602918996223,0.7399625080304445,0.5210171834177174,72.77014085758513,1.2197317776296694,5.035880818283259e-06,8.544337952033682e-06,7.899695247217954e-06,0.5893822138770439,0.6374778596752516
9.305102357546057,37.63610002105378,33.31163281745744,70.85126914995566,-0.1254190068403022,0.07449673299541285,0.8015315869090563,78.9336024974183,38.51793273538566,14.839611655266893,0.7315842740943904,0.0,79.33643029796445,0.9851114780761864,4.638258515252639e-06,7.833302218681536e-07,7.020829640097134e-07,5.921204602818616,6.6064250993397815
16.079745092927034,50.507041267620195,0.0,91.56649902373789,-0.10612056389176967,0.05222918372907628,0.7919200305008846,126.3126000222731,53.9000154257377,17.9579840731194,0.7321137016203884,0.0,44.736508766969465,0.9341319118321952,1.9715566905110774e-06,5.928084196933967e-06,5.455332665419051e-06,0.3325790634908282,0.3613999019727301
18.015,55.83330776606237,14.493578416347734,140.0,-0.008648893447302075,0.04643031622936514,0.8485394319886089,132.9547892525264,58.44629731800262,19.098582758850743,0.7397508175699945,1.2752338215912846,68.3810663652534,0.761581646078427,5.017584984567319e-06,4.2698410794191346e-06,3.90320665630241e-06,1.1751221863390537,1.2855032865004854
17.90969962419748,53.98340248837122,0.0,60.0,-0.11542589530906935,0.009029959017782736,0.8405150770320357,132.36161080350615,57.21841672117554,19.022438529793103,0.7394444273132333,0.9963975853209118,54.964566381794675,1.0910179381869594,3.0793598637204476e-06,1.9527511844460883e-05,1.810895712401141e-05,0.1576934065255185,0.17004622864987615
13.408208007879175,45.43113193724597,32.632841859228996,98.37715809674586,-0.11182839919259255,0.04371353329837027,0.8486330617053385,103.74113591247936,44.451505358146754,16.800427278944554,0.7291553802524877,0.0,60.658037914035994,0.8276749168619447,2.9408519024631185e-06,4.385564226913715e-05,4.010934046728607e-05,0.06705754950333279,0.07332087409569181
6.569665135943374,32.43999785521467,0.0,103.28435976045026,-0.23280591607927598,0.041683959838837284,0.8172398435337119,64.18217958209071,34.88596342073853,14.977280712015178,0.7321940921353226,0.0,50.12166051110308,0.801906788317499,1.574028450089459e-06,1.0860131197205278e-05,9.687287796475516e-06,0.1449364120476294,0.16248391532892528
10.92849903685911,40.72053933501009,5.72303148936081,60.0,-0.12954701223461906,-0.0010196870678366595,0.8179132071747355,97.89895962105214,43.24017942967849,16.187295157798985,0.7325721405062103,0.0,88.49459132346715,0.8385193001987868,6.7593161386410275e-06,1.6125528448796268e-06,1.4591509139295565e-06,4.191686591917919,4.6323626117862595
5.937279186792981,31.238019340843167,10.182941955605138,140.0,-0.2524462745963486,0.02299555250279376,0.8263147730419972,59.07549662153407,34.21896539733358,14.109410888616898,0.7334347000900688,0.0,52.549239659554,0.7184672298097983,1.6933383129276963e-06,9.525440375764374e-08,8.471927207806964e-08,17.77700816054726,19.987640018522214
15.205036305250054,48.844287368994934,70.0,129.6749901916519,0.0026412449666098903,0.04912628947628672,0.832407732131757,56.22545520788676,37.541966748218336,15.490923014039852,0.7335141922728649,0.0,59.69074621996116,0.9376267710684763,2.398301085518435e-06,2.0241895326585858e-05,1.8403199756744172e-05,0.11848204166773298,0.13031978771189157
12.65933435904031,44.00794091148789,68.46225543838783,140.0,0.04095055840071822,0.04485799429728548,0.8541117319342433,49.08661592887174,33.10489359542585,13.871018008387265,0.7363638505836402,0.12859182992327312,67.5145379762209,0.9684423279782772,2.758338334719965e-06,7.166470289082901e-06,6.420459748945197e-06,0.38489496550650626,0.4296169499657912
3.9566258505843903,27.474901631854628,36.52402310957113,140.0,-0.14291947348849776,-0.007997095570416318,0.7740636770222139,35.42936306294477,28.339509428633683,13.829825863709436,0.7323497767727803,0.27152999375632714,78.71565468148364,0.8964734240738756,3.35183087948523e-06,5.0594403519823725e-06,4.314686369433226e-06,0.6624904428751547,0.7768422991832715
14.086004871200629,46.719071051392,0.0,140.0,0.02912513190837858,0.04581980844026974,0.8704523597653344,119.94621911963911,51.20554081851188,17.661432360419955,0.7310451365111792,0.0,61.66070335764865,0.6263480517204194,3.5151059596882517e-06,2.7908011697140296e-06,2.519686219733754e-06,1.2595329247509384,1.3950570242272786
18.015,58.8719149313954,37.18691348264142,91.01231065039292,0.05988408471792765,0.04150976270352254,0.8425434832443686,129.5552268973945,57.12404644316566,19.679693548179696,0.7365939071953895,0.2716746331261265,59.65328116022994,0.7181623107829298,3.6533200230928735e-06,1.5651451731934766e-07,1.4094415205464688e-07,23.341732675434482,25.920337735448634
18.015,56.63594596412279,21.739037261283045,66.80303510792817,-0.061597615711055875,0.06486498649205132,0.8083067530936757,132.30360964384468,56.7594151925386,19.324763457166092,0.7374792389561989,0.7679161650007521,72.43880047447365,1.1267405234472463,5.53439121201767e-06,6.429886398564083e-06,5.89100858891375e-06,0.8607292367177133,0.9394641220576055
18.015,55.50435479654008,42.55017346348264,131.4149419500116,-0.12111900745636907,0.007375612638405366,0.8016063743702639,121.19972495622554,52.25880332046442,18.0191183220497,0.7375602082881003,0.398766176272764,56.93421622651352,1.4768733370394054,3.0098730980198005e-06,2.3732019409927861e-07,2.191466091684878e-07,12.682751712063215,13.734518227045447
18.015,58.589172818290386,68.76209918922893,72.74167476293574,-0.1825429321866719,0.016981029010493323,0.8332850429505781,78.1896033748947,41.84000778330765,15.19219554679046,0.7402097756672639,1.0676503350973368,65.73504207475716,0.5422453950583845,3.2993446767894446e-06,1.4468006364619765e-06,1.3364156343359222e-06,2.280441820137501,2.468801316013428
6.166023590773354,31.672919003897142,0.0,117.3175310247187,-0.1538218004454489,0.0014365196497725025,0.7983010541203167,63.21166983988359,34.86126354753067,15.036015963526996,0.731061401378932,0.0,51.779692667944566,1.232873728428839,1.6636844257251794e-06,1.2647397089448767e-05,1.111768882479852e-05,0.1315436222930904,0.14964301051620138
18.015,54.40563233157043,24.21040809637398,124.12228966148453,-0.11753001585270645,-0.021162838564324653,0.8349880293623252,129.3734300158945,55.277208786436155,18.513162176756996,0.7392090795147106,0.7095361706210623,63.54578270785904,0.7209688383875119,4.0430122379614835e-06,4.674913484974866e-05,4.3306253795120175e-05,0.08648314564442085,0.093358623377787
18.015,60.133707077356526,65.45076851661837,60.0,-0.12621636133836978,-0.022594748526411332,0.8224137860494121,87.78101927129175,43.496678675490806,16.549551878934043,0.7322349440932631,0.0,57.25726293309266,1.7588710448416514,2.5287831559274e-06,1.0766474971063678e-05,9.86268625972186e-06,0.23487568240522905,0.2563990265263406
11.676468052440201,42.14144444774342,7.6863988851189795,71.23445202794647,-0.20651827182246546,0.02831616602754937,0.8194008376085936,104.1349085750714,44.081979176808396,16.09969284935938,0.7319276142540541,0.0,64.87209248414855,1.168540781325965,3.3590891771107167e-06,3.5397750587972837e-07,3.243631782957007e-07,9.48955546981011,10.35595098913618
16.504339447911725,51.31343321162513,1.4204519595108493,99.336747019753,-0.10906907175476276,0.029892623555968494,0.8761636829915442,127.25739507313993,54.48838723560749,18.51677638699655,0.736020677154906,0.12226327063388914,56.551398496867556,1.059952354500988,3.1080370200618162e-06,2.854698280581368e-06,2.6304730089716717e-06,1.0887444887621731,1.181550622059733
18.015,54.38025902895863,59.18340974216278,140.0,-0.09737160254519864,0.08843311468837374,0.853561719998748,92.99866809780987,44.61990487792322,16.919254947045086,0.7344762361800073,0.0,67.96965616247475,0.901650909542947,3.7754842107970637e-06,4.802822069929094e-05,4.4435149215439745e-05,0.07860970395792327,0.08496616479202028
18.015,61.57383349255867,40.780400913886815,60.0,-0.04395985919965059,0.042093146725026266,0.8060491896497015,130.32814533207784,56.65067544732726,18.570336705214977,0.7311981876843523,0.0,54.08082653574607,0.9819763518157858,2.9553498646978064e-06,1.3622017449000062e-05,1.2352314750113605e-05,0.2169539039105215,0.23925474087118984
12.345864906121793,43.41336949642919,0.0,60.0,-0.046998200163380355,-0.058220525084891374,0.8868315529978285,108.94208123534675,45.727788736188124,16.42546649876492,0.7319483123937154,0.0,73.70523611563036,1.2900802337088901,4.63496837415327e-06,8.008418456650589e-07,7.226004449265142e-07,5.787620114061549,6.4142893997589905
18.015,60.4671058723397,47.962273141292584,60.0,-0.09682000206212457,0.003767186153675227,0.7935283464556272,121.70976594694737,52.189232502167656,17.62180059564254,0.727537047764456,0.0,75.06666490595727,0.922434830264169,5.52794611282762e-06,1.6482649623508455e-05,1.506064902509072e-05,0.3353797016314271,0.3670456766915011
18.015,63.1153336492256,41.16120812306675,102.17324805460174,-0.08491125327912927,-0.03021581001836437,0.8598972088796818,134.15832988696684,58.201460229425884,19.86904359097813,0.7405501692113567,0.9907461346680558,62.1071671290936,1.5022041125000132,4.02575947020963e-06,5.072249553528658e-05,4.620356190977068e-05,0.07936832420654448,0.08713093328326926
10.966961825867195,40.793423289962654,9.017906720522834,140.0,-0.17433841177489565,0.09690935456340136,0.814105736086837,96.25122793633463,43.066808849563344,16.158760349742842,0.7331876141302003,0.0,60.30223095553891,0.793020331384075,2.8151641469868962e-06,2.1905014866188065e-05,1.999010384176034e-05,0.12851687908837262,0.14082789010359595
18.015,58.129135803809085,17.251821980488202,67.53673356985739,-0.11349341149377985,0.03473610236973053,0.8966017356187326,135.32639071993034,59.79879036186409,20.437676291119228,0.7386994955716645,1.1258124331395372,67.00445005075804,1.445901005639083,4.884016176795599e-06,2.0921017482098645e-07,1.9204265350838923e-07,23.34502220541938,25.43193445607251
18.015,60.75718443502641,70.0,63.35316431167075,-0.18459578400932042,-0.1146695147863453,0.8282826468492256,78.05926865132659,42.62362341483906,16.27745680946005,0.7350816743139241,0.4232957743260517,58.006237024840345,1.1042975148467151,2.560649630000725e-06,1.4331735563651786e-05,1.3191032391221747e-05,0.17866989093038085,0.19412048686232958
18.015,58.99743817216827,70.0,77.99381480162347,-0.21132054359061134,-0.022513282434638952,0.7416399890271188,74.66681755678867,41.02129691359577,14.667897476456767,0.7358995023417678,1.028782034797265,58.74437949141727,1.1837955123356032,2.528127536283811e-06,1.791757055463547e-06,1.6587890145741196e-06,1.4109767440707843,1.524080226039408
7.425775574737657,34.06636569055124,0.0,72.38565933748502,0.05263901632619032,0.04454710065795396,0.7987389468792053,74.88678843921647,36.38851487949402,15.186588449282096,0.7288951633916473,0.0,44.58767005475364,1.3498490918760198,1.312414789836269e-06,4.6687473297821524e-05,4.060972348682246e-05,0.028110640759338487,0.03231774750355386
11.221472688174606,41.27674218081342,33.733221885391295,132.5465885437574,-0.13149047851102447,0.04507416235681126,0.8362252060960917,89.20589772536042,40.82556495850967,15.875431508459295,0.728728119939695,0.0,41.72586588386696,0.7591637149109756,1.3331815813709928e-06,1.7977606079042718e-05,1.6304273708932125e-05,0.07415790375589222,0.08176884203315499
18.015,69.66402215195917,70.0,60.0,-0.2582786646077634,0.025370450951158547,0.8268634768837065,87.31010228735418,45.64669343665495,15.92052896724622,0.7350513265554358,0.3250373987964728,63.0441057722943,1.396518867694743,3.2634081451853212e-06,1.7550024223171882e-05,1.6070677199590716e-05,0.1859489254081219,0.2030660005583606
3.8945974287263745,27.357664250387316,0.0,60.0,0.009652225074700913,0.06252029038530288,0.806262005636855,44.259050686023606,29.788434448422024,14.199427186100646,0.7356252950471496,0.29904994433934073,73.32927971259717,1.0076917119693845,2.9887050586885203e-06,1.6881458153110458e-06,1.39975697843807e-06,1.7704069349825937,2.1351599632841203
14.81754802169509,48.10802814577741,70.0,140.0,-0.20223389365071764,0.0008858353664144973,0.8143399271751642,52.35779136892129,34.065885402898964,15.182751839076689,0.7353079640699974,0.13361770362112993,53.55315699742712,0.7357218705161259,1.7490423302868368e-06,4.518102296936897e-06,4.182536183369641e-06,0.3871187979680366,0.41817745348893287
12.072444561049087,42.893357891048,36.45400621833139,140.0,-0.11924235607790078,-0.036805039105010706,0.7658359033230804,92.0352931068379,40.85415220918519,15.818850797257776,0.7263434678246171,0.0,66.76067757929998,1.0507267137924226,3.318507047783593e-06,2.2169503220027486e-07,2.01429188017036e-07,14.968793007439698,16.474807253370493
11.237025378861881,41.30645036620478,22.200211872646193,79.43882863165717,-0.13606333233960674,-0.0031459156486879592,0.8512662728298941,96.33746890960303,42.771210941387764,16.180749514948264,0.7320924276602148,0.0,61.952123825568954,1.0157143760781897,2.9540812899978036e-06,1.2276338547402938e-07,1.113445336348225e-07,24.06321134425492,26.53099522322601
8.151275550495955,35.4442970364345,0.0,140.0,-0.2660026269611161,-0.012481925571844863,0.8486606774294628,78.04249287468139,37.0520362151431,14.762029386663947,0.7310799061844013,0.0,46.2583370790868,0.8294322630655232,1.441194673422426e-06,1.853723968504431e-05,1.6825387502120095e-05,0.07774591567617102,0.08565595729910097
18.015,60.18580299144187,61.49964053497085,83.04002321980508,-0.06776619121223465,0.032519773765165176,0.8662858215231345,99.58514714719236,46.94658904795543,17.67418480029298,0.7356292667278381,0.06169853352977238,59.77204636975259,0.6640818752964528,3.0168910278007613e-06,7.443017512840965e-05,6.835436321037079e-05,0.040533171158013685,0.04413604174053714
18.015,56.955866148525864,70.0,140.0,-0.13425748413839547,0.02759334052523327,0.8314092101468351,68.75072356081579,40.587823440762755,16.50873843103143,0.7381685303636478,0.2895341858428487,67.15417555566688,1.3238807886132693,3.3338964431625815e-06,8.13745073704201e-06,7.52056534831792e-06,0.40969789567960735,0.44330396569298536
18.015,55.7053268398393,13.55531238151735,60.0,-0.07086080636268113,0.11051220933824786,0.8083847391539135,132.81851659549994,58.2471016533631,19.484733843935405,0.7385764937757057,1.0606124817002283,57.47535768013176,1.0675696996665431,3.4346395127624913e-06,0.00033259420885951087,0.00031020382316750036,0.010326816947715698,0.011072202391612348
18.015,55.078526261253856,67.03548227337303,60.0,-0.12267737175306836,0.027366475171451837,0.8021924546424765,75.65197822895958,42.633749852315944,15.658995874939334,0.7352456583910474,0.335255763359001,64.25418335578946,1.008268239775442,3.185679164212727e-06,3.0726919510352247e-06,2.8424152675041816e-06,1.0367714092326878,1.1207648652302493
6.650078126020113,32.592078743097005,25.871529672214596,140.0,-0.16865313806551474,0.07751914949491477,0.8655248610846553,61.14115231441371,34.34798958169267,14.141580232473945,0.7354207471710739,0.01627369684674646,38.71588312010574,0.782012818404395,9.963976751191776e-07,1.308247557761192e-05,1.1575563562961916e-05,0.07616277738934334,0.08607768163507218
18.015,61.51470516282056,62.01920782866091,114.50604396313656,-0.09012914278190257,-0.019108674903575287,0.8335793681807434,100.99788695895808,46.869619730781686,17.925245344598228,0.7359669373854808,0.21537488822392065,67.33517506566528,0.8841614658669346,3.8847715844326745e-06,1.82151204159314e-05,1.6581449501274316e-05,0.21327180362941525,0.23428419717673793
10.275324535568455,39.479219765590834,41.49546473815922,97.21042724320188,-0.21033353896087115,0.001977193342573094,0.8804301257148975,74.97880067743012,37.30929921823608,15.80150494353811,0.733416213142032,0.0,47.95728866748967,0.9912770549201911,1.5447076022448919e-06,2.0351204371258294e-06,1.8537496155274576e-06,0.7590251535316798,0.8332881578537066
18.015,65.4692178950627,32.75217815496151,66.4102734588955,0.11505850786287629,-0.041043629352477747,0.8466150533280776,138.25234311892262,63.30419119762642,20.195473945469306,0.7360902781139342,1.3566387875947423,51.56824204907699,0.6215822478788915,3.025437298857328e-06,9.803814324377295e-05,8.695337244497402e-05,0.030859798021006416,0.034793789059439764
15.267466910535404,48.96312525599699,54.24831603291484,109.76007269260946,-0.138947443065107,0.04479551329275675,0.8404792427477286,91.20140968883243,42.20560319401423,16.58784432823113,0.731290779082824,0.0,61.67952042703079,1.0428110783236297,2.8869808535889432e-06,1.309956037073847e-05,1.2066902582547486e-05,0.22038761392617587,0.2392478793824374
18.015,57.08261982346114,8.1895905939617,140.0,-0.1542517554953079,0.06997231716199788,0.849839267084097,134.92956106724444,59.00892963551523,20.16348267369641,0.7381741225187977,1.166040699301093,55.408325845236945,0.8734553147127713,3.2364061483166157e-06,5.090035277030865e-07,4.7012859932823415e-07,6.358317717209391,6.884086934811263
18.015,61.18746537348536,70.0,102.80307429590471,-0.059552157380700924,-0.017165006820538294,0.849411134890142,80.47995275285294,43.061988738993385,17.807556886393627,0.7343014127933466,0.0,59.238715444978894,0.6682116959107527,2.7158247392755173e-06,0.0001687909601728625,0.0001539303428039729,0.0160898707874769,0.017643205945003734
7.099220854492121,33.44538096234944,19.17858681727076,140.0,-0.09787593150675467,-0.016021462442724593,0.8358630594172907,68.54436115486168,35.821484958969734,15.076899619951647,0.7318374506965225,0.0,62.71151352881355,1.1608219106043602,2.536451016471076e-06,3.5574371324586085e-07,3.123976314314938e-07,7.129995336609334,8.119302969258584
18.015,60.662872870547865,57.122914088671344,65.31690892838712,-0.05620703121494655,0.021790945854373467,0.8209961722689856,107.70195466373097,48.27584765713966,17.42013415681331,0.7281548082133461,0.0,62.39809428513647,0.9755961041608044,3.3870947056615737e-06,4.342474328384215e-06,3.948001040068406e-06,0.779991877792372,0.8579264978113801
18.015,61.04321732404744,22.115160348181483,60.0,-0.03295405607584484,0.0025963028783676325,0.8682356187258149,137.16328249301066,61.793714467677724,20.090604787562874,0.7364517550802063,0.9088852058569787,84.24708460487098,1.3077386435556533,8.56748946191714e-06,1.471238475036936e-06,1.331426928231249e-06,5.823317978210194,6.434817623298884
6.76801621970191,32.81591166904647,52.347307534874304,140.0,-0.0939419133397038,0.05904404612481812,0.8338978517292613,39.06490850864529,31.339104748582578,13.850927715817006,0.7364718199498262,0.21191632185835974,70.37580343706428,0.741999541587692,2.869490073024377e-06,6.598353678573396e-07,5.773542519015878e-07,4.348797007263148,4.970068313471938
7.729730086618391,34.64371708748901,0.0,60.0,-0.2044799914444659,0.08461567787607271,0.8643247964085533,75.64138094243283,37.20284891326506,14.799719601909873,0.7318849773211372,0.0,46.42579379920833,0.6297252689530538,1.462999124306584e-06,5.476545469915564e-08,4.910975602491426e-08,26.713904455706825,29.79039691348453
12.606403873331338,43.90743011046177,70.0,140.0,-0.21441202441248847,0.04118399113305752,0.8118672848506494,43.60446575281328,32.68489928573589,13.861849539705688,0.7360159427943541,0.2372435901702672,56.93202062668496,0.8784256272504656,1.894140793370194e-06,7.866615656126483e-07,7.240493314030876e-07,2.40782170652388,2.6160383156485527
7.5439369612912985,34.29011414290683,35.66261901266268,140.0,-0.00010171372053220662,0.04415647571213326,0.7954788747336906,62.667540322347875,35.14078851390261,14.195795549826773,0.7336103000563142,0.04591540845962906,72.18187883881797,0.6865622332608332,3.40840307434502e-06,6.752423482961197e-08,5.8723558061046685e-08,50.47673746982327,58.0414945361754
18.015,62.83715521069511,66.54082565932714,140.0,-0.27927413942443113,-0.05385001223257394,0.9040445536275514,87.91511770008468,42.58256188712967,17.032969679906685,0.7370967512905887,0.20357962962439674,49.09260245211073,0.7354333612624324,1.8500601992627835e-06,2.1164528733804206e-05,1.9626059496970696e-05,0.08741324801188925,0.09426549428061921
18.015,55.623331354030775,15.524778050873088,60.0,-0.17249702050007992,0.05311580273066448,0.7888995241746469,132.29067252699497,57.65836722591585,19.40164038427121,0.7371506142448611,0.896620864736341,61.051855805930174,1.3980693028714815,3.847442939865016e-06,8.486755217982161e-05,7.902457527683713e-05,0.04533467551547689,0.04868666394456078
0.7206000000000001,19.672644184430137,0.0,140.0,-0.08193788391910062,0.07315464432602073,0.825040967514801,17.159816909735596,24.767679593576474,12.568806017080474,0.7325637883192068,0.06349530897142572,54.116375415102524,0.891629072022602,1.295345505950796e-06,1.559728413601906e-06,1.2111014622610305e-06,0.8304942672419705,1.0695598563083961
13.178249288065365,44.99366334752729,70.0,95.68923621800754,-0.17356551660737563,-0.028736917963985784,0.8196382373290546,49.797594175790955,32.192418452362986,15.101599368150548,0.7351009609594455,0.29000278229857174,64.1719160882283,1.1302187950567135,2.3964594275630577e-06,5.984896671444877e-07,5.495538963538286e-07,4.0041784497250195,4.360735941393644
6.21201976455339,31.759884950447475,37.892965125106876,60.0,-0.21050418594155423,0.0751100322629085,0.8489327760379154,49.9663514470055,31.308618154891118,13.866446454806765,0.7366848361113335,0.18111695587719448,61.8594954361501,1.2282296829243213,2.151561662057338e-06,2.665901178086599e-07,2.3608926195809756e-07,8.070672985716529,9.113339777559258
6.4611188616631,32.232856991169065,46.36448259181524,140.0,-0.21421462164854535,0.01416144290749302,0.8490607090495046,41.84338054687503,31.703750776502872,13.81732183377511,0.738085320494752,0.36317083006349826,65.89208861407889,0.6589351709883926,2.510264240441788e-06,1.6417175165322884e-07,1.4582902685437867e-07,15.290476072546781,17.21374883032359
2.4201792335401286,24.556481443303912,0.0,140.0,-0.1168079327435793,0.0309123329348064,0.8391071683091081,34.57842876747453,28.952274159769527,12.606560585818892,0.7333312584455748,0.22093467446464798,70.97855969684501,0.7944854490446318,2.7013128104251868e-06,4.122644323329912e-07,3.3873738543645487e-07,6.552379003782947,7.974652124520035
8.374164883180674,35.86742512803112,26.84275646015214,140.0,-0.08090097945217747,0.0655779202627311,0.7935601669754705,72.8406707474351,36.122095631036096,15.090206125011596,0.7285603618360612,0.0,69.56155666035198,0.947156445814694,3.217425891605416e-06,2.4079064164069564e-06,2.1324957318552007e-06,1.3361922496998089,1.5087607649307517
16.142670329251946,50.62566173751961,69.55080682124361,137.06030410395616,-0.009227411485452156,0.01666841738655255,0.84819191389231,61.47946591557627,37.06294254938497,15.48362697340862,0.7354583436339543,0.05716237458142103,63.28293034492583,1.1929413965754625,2.675535619959035e-06,3.6437041514950025e-06,3.322125592962842e-06,0.7342900270487849,0.8053685946210285
11.588764056495371,41.974815651178375,3.017764241103947,126.00360055300338,0.062436897766420515,-0.01972921276504486,0.8393070659280185,106.3954865322183,45.11505709483381,16.71622145508413,0.732712323172968,0.0,60.033094261239576,0.7185278249035769,2.923906267968061e-06,3.840189850418974e-07,3.410949896166705e-07,7.613962803555286,8.57211731914915
10.40408962199798,39.72414656658503,2.5297612984483315,140.0,-0.09969412965004312,0.029687099937111813,0.809377659887801,94.82574555076307,43.354109963633896,16.21042949234029,0.7318878225309743,0.0,75.80481523268246,0.9213311948086633,4.696988243690344e-06,1.8056798602940027e-06,1.6243383607343395e-06,2.6012297899393833,2.8916316681500422
18.015,61.630365141385006,33.86651776685227,103.68808220359601,-0.22768756865100764,0.028162586027845205,0.8701985771130039,136.76561810932486,58.96183758703233,19.757092006435,0.7408522791260581,1.1874794758603835,56.70333645779856,0.7035381916614811,3.396571555737905e-06,0.0005707857059988738,0.0005367125351837857,0.0059506948405337375,0.006328474431056137
17.92182318584026,54.00621744764738,20.257441698412983,63.69587009474789,-0.2024951670937245,0.017372347437202888,0.8026841311065998,129.88740522139656,55.08374048794884,18.511508349557936,0.7350262334226926,0.24864211104714412,62.655736215102095,1.3833140446011374,3.88625551846296e-06,1.2793488409431007e-07,1.193699105017371e-07,30.3768244757866,32.55640807744768
18.015,58.55638450325667,22.054305079670762,140.0,-0.12290637457219389,0.05477023442351692,0.8736404084020446,135.6811448938119,58.8863276525118,19.786334593808498,0.7386705843757319,1.2374669723065481,78.07487662307383,0.41129465457527425,6.852783760565763e-06,2.1046044606633566e-06,1.9325154743137475e-06,3.256091055896467,3.546043409043979
13.243594987878398,45.1190961479785,0.0,60.0,-0.07520007022763739,0.05420508772154684,0.8218643366609825,113.3396069710743,48.2049894339201,16.867937328217845,0.7298848184514897,0.0,73.23779895059941,0.804141473326466,4.828694649588134e-06,4.0595883086186614e-07,3.688224789116621e-07,11.894542703595413,13.09219184209396
18.015,57.10115006774328,29.06416723467572,60.0,-0.04229750674471286,0.0031152153709008428,0.8216622207381022,130.85793576488513,56.047243406402906,19.015581427306593,0.7357398244261941,0.2922059202088957,59.12614556837675,1.0872592152830876,3.5045524176544655e-06,2.451466738823574e-06,2.2389564823649725e-06,1.4295737168909146,1.5652615159150682
15.945945002872964,50.252315142615984,31.59710808814588,100.30998268891419,-0.13673250564381126,0.018268719790528576,0.8175230114120476,118.97343757926929,51.22883402979062,16.865108761718332,0.7302063387562407,0.0,61.23109279250275,1.0290286444424908,3.4505745598205413e-06,3.59914824949161e-07,3.320238266241866e-07,9.587197638518905,10.392551025340122
15.970888943317506,50.29976051717567,44.144133867985396,60.0,-0.0515298294711084,0.10266625421143905,0.7978925244724787,106.63862076997466,46.27664654175796,16.82293627673117,0.7255186405980102,0.0,64.66150319848923,1.0355590512937438,3.5049745921571196e-06,6.934499918667761e-07,6.346002784783551e-07,5.054401374671134,5.523121736664455
14.672517263122197,47.83248304554717,70.0,140.0,-0.1994261697863313,0.006490561891624304,0.783773822818025,52.37777928514657,34.0660280650227,13.861210375188,0.7340639398873141,0.13735543363698696,58.76498935268905,0.487605634949804,2.117983517373688e-06,1.3265049757226562e-06,1.2271116688927647e-06,1.59666458561141,1.7259908540228992
18.015,58.64061335382353,41.7188476932104,60.0,-0.1598284148455267,-0.0572387394458997,0.807240086795281,125.18842316632112,53.20270583010782,18.845116224278165,0.7299608443125236,0.0,55.691427776992946,1.2890005375243545,2.934004713756279e-06,1.9180672824109967e-05,1.7759990300791485e-05,0.15296672544605716,0.1652030583386931
16.52503240884179,51.352358719830626,44.42014013155949,83.08969187297043,0.06448387798223908,0.06856845897374161,0.7946529188357567,110.84811459003767,48.83742982282593,16.82325240829838,0.7294995690951862,0.0,74.59964188351475,1.1171075353046263,5.093734394956839e-06,5.066652699767265e-06,4.597654883393684e-06,1.0053450861533924,1.1078983795314759
16.919332696263893,52.10153114939488,30.601827017988306,128.25309345985673,-0.10039382650832158,-0.03238267785041665,0.8005679618353713,122.46290082570917,52.19291734541259,18.018610795760516,0.7325048925917287,0.0,51.85737471637513,1.13113890511413,2.5014606375222267e-06,5.2958866257983934e-05,4.9014809363779334e-05,0.047234029243311326,0.0510347927492041
18.015,55.87309735872603,0.0,118.88019974034128,-0.04105176573143156,0.02639202101597819,0.8564805793550887,133.16734978728113,59.031996049136865,19.33948460508835,0.73878098029078,1.2211158799590627,60.053431454542924,0.7485860352187683,3.827265838347534e-06,3.152011361040745e-05,2.8955402115393554e-05,0.12142297092114004,0.13217795501837792
18.015,54.617877429571934,12.501371582064806,140.0,-0.060051039387286946,0.06082562510752756,0.8238868660617346,131.71062835256163,57.20309115598936,19.062829066815578,0.7394912518272977,1.0931231169470887,53.56545647796479,0.8532027070303257,2.9331543419230897e-06,3.5268689038846023e-06,3.24466422768171e-06,0.831659588677204,0.9039931826840548
14.522781791612074,47.54894049447261,0.0,128.3223374170883,-0.05696040845548272,0.033434874742606,0.8161649005380202,121.80866751489525,52.434776218697515,17.977222400916123,0.7298704626003334,0.0,49.402939500547525,1.39741861743053,2.2808306576588e-06,2.4456434152613607e-05,2.2335875008040944e-05,0.0932609653323092,0.102115124517741
18.015,58.258453378924585,43.0297517344811,60.0,-0.2517639294340687,0.09247008214703119,0.7848256827355128,123.14848071036322,52.40270968381087,18.774029249500796,0.7285545479174909,0.0,86.73480166652192,1.2411445600821096,7.792846884701007e-06,1.8323542108533624e-07,1.7064763598697034e-07,42.529150960783554,45.66630436823645
8.542963624533934,36.18814234012952,27.62704260441635,140.0,-0.11003138759826067,0.03259212739380227,0.8179132488130765,73.19864629008288,36.06468676322144,15.068494800560773,0.7290940096555575,0.0,45.96039462000277,1.5036766689338874,1.369742254515457e-06,2.382785038976689e-05,2.1241161382601366e-05,0.057484927599835305,0.06448528071715574
8.965533377104038,36.99087732142124,44.03939861598497,83.24865309520116,-0.15240941897927154,0.03020806513241264,0.7525600276610277,65.32054628261129,35.683167065810956,14.819665812054904,0.7327383937958549,0.18149104021845439,53.55567582808536,0.6904400741839776,1.8335470956650777e-06,1.4313160403578391e-05,1.286239453232358e-05,0.12810218316331298,0.1425509916569049
11.274901475030765,41.37853405576532,0.0,140.0,-0.023495095102790617,0.04141976472014905,0.8320237016070694,103.17745144793926,44.797175517118646,16.26486633016238,0.7330964676399437,0.0,59.47253030270902,0.7472272580934506,2.845877380837672e-06,4.456283972504263e-06,3.993252299927973e-06,0.638621191646904,0.7126715687082941
18.015,57.487509506343976,47.5041357735533,80.61644330772572,-0.05278759714089365,0.023820511224752733,0.8505155480503771,117.28791293012232,50.78591490708979,17.544224117469298,0.7311451095260693,0.0,72.28273935032689,0.9190454738513688,4.933783293986732e-06,2.3882165023660877e-05,2.1859615503473003e-05,0.2065886107519425,0.22570311418345232
7.912393803780158,34.99051388481084,13.251639924496693,60.0,-0.09898603652732506,-0.016375967912850307,0.8040603930538797,76.90170095358658,36.89932321377513,14.851008068901825,0.7296592662417244,0.0,49.41965414579235,0.9526663538098987,1.6168697416284298e-06,9.185262473538205e-06,8.131328237948063e-06,0.17602869229773943,0.19884448079253114
5.082997683064908,29.61493597572353,33.99113597939338,103.71765230444382,0.026589400181812453,0.001782394680963717,0.8349379503176518,46.92527130043674,29.82506963180552,12.532710461845914,0.7362476909227262,0.2873646537031702,70.30122056132282,0.8130770283874574,2.722941960792329e-06,9.59294733544317e-06,8.117035677884779e-06,0.2838483174750522,0.33546014442330274
5.860048487838912,31.092240565914167,0.0,60.0,-0.14789862171343218,-0.004848685541014055,0.7646178315087028,60.97906511397327,34.527821759503865,15.040865823208687,0.7296632329249898,0.0,50.970281249668886,1.7605835628840998,1.588140476796814e-06,1.5708199324242502e-06,1.3727520511078837e-06,1.011026435312565,1.1569026435000411
9.867157960169363,38.70364642981085,54.96995126950513,111.6241679688803,-0.1550817306112465,0.05319900337453756,0.8294450071415085,57.82354367419466,33.37333297590406,15.660698195680746,0.7341299189588998,0.0,78.61841455746394,1.0596343493185825,3.932689469490279e-06,2.60845153733784e-06,2.354586035110486e-06,1.5076720472652305,1.6702254285245273
14.700717657300837,47.88664080669738,28.446445786189486,130.67531475490844,0.005035650635428754,0.03103191042830206,0.8107027876268771,114.0714990132752,48.98679035482585,16.877345522343322,0.7320290310295492,0.0,50.864145277249264,0.7311407569595736,2.2758155551385315e-06,5.127753706074511e-06,4.653810729791498e-06,0.44382310180820955,0.48902194078711353
12.54074372345297,43.78318868353783,32.49826844001845,60.0,-0.023124994383748612,0.09781158662782505,0.8144341939635041,100.56683400924216,42.75163835469392,16.26559516822426,0.7292681286249245,0.0,72.93578792840404,1.0728379472646619,4.235339802614126e-06,7.793625399248187e-07,7.020189620947963e-07,5.434364093278962,6.033084619218892
10.219702867200743,39.37376193643375,15.304951277317688,129.57701715284682,-0.29429847436738493,0.10465227360171071,0.8030215370393476,90.47929948543226,41.3140791980875,15.738669634648158,0.7310011893671998,0.0,57.134998250846444,0.7555477713738296,2.4154369945290347e-06,8.116748429792733e-06,7.470404291973205e-06,0.29758677571712233,0.3233341731081906
18.015,57.308749540999,57.54681903919266,140.0,-0.12375923576203035,-0.011929005069710128,0.7797780155433071,103.10168664608902,45.403790381960924,18.359637955674387,0.7337800509702864,0.16882964130517422,70.07917345433256,0.9582756093639436,4.111711908285644e-06,3.348295584060347e-05,3.0836242153939e-05,0.12280014727073564,0.13334023931189087
18.015,54.492283540235086,70.0,60.0,-0.13627099463289716,0.0224206093976626,0.8195679781682478,69.33509555608823,41.8520241956723,15.51032533068415,0.7362464367190831,0.4135397193029164,73.67726659240994,1.0429904402646717,4.2439410767302555e-06,7.290416877592935e-07,6.755475748451256e-07,5.821259809948578,6.2822238355355084
17.05811768130933,52.36470555522223,70.0,140.0,-0.024742261356775166,-0.025635966947185364,0.7979063870740231,64.17772334299258,37.336907423385334,16.59421032417806,0.7348455156151634,0.1412849636349655,57.90621810582948,1.3890193741905936,2.2289397892299192e-06,6.98398009004534e-05,6.408938470477936e-05,0.03191503641894616,0.034778611145937555
9.457379452984801,37.925107125199474,47.749067720692345,140.0,-0.0017138824945873293,0.045200366956351254,0.849502546399122,66.86721035102474,35.90932513315097,14.19460454189533,0.7353372777566042,0.043395794391231673,69.9111554441525,1.4878183591124654,3.2243095484077296e-06,1.726048354453346e-05,1.527970242352315e-05,0.18680296760451393,0.21101913237812112
18.015,63.82928085613528,70.0,60.0,-0.028337643994623712,-0.01714153288354458,0.9138527549714641,82.32035710137214,43.235828589465605,16.62648319978681,0.7353078078349962,0.12349477119815666,66.56823277270315,1.3212750496033665,3.4832146902705704e-06,5.454252441440817e-07,4.907529648753446e-07,6.386236661518422,7.097694643893464
0.7206000000000001,19.0959,0.0,140.0,-0.20614300997327833,0.01429270579998866,0.8743238276880865,16.03339777981476,24.644389133768346,12.589411866227584,0.7334369999540663,0.04089730376875062,41.73807427219606,0.6545119618223045,8.076673243869831e-07,7.516414868339701e-07,6.003965106874269e-07,1.0745379792552463,1.3452232150087622
16.02721388043817,50.406971487610946,7.018236511483874,67.95318005044601,-0.12923425361510596,0.03056261148359042,0.7878024153466537,126.08547894417113,53.830154157429,17.94734548030956,0.7311158212769999,0.0,36.70023749559728,0.9894391082783873,1.4330884902380758e-06,0.000164126658628369,0.00015223698837871425,0.008731600961200394,0.00941353678564
8.38340957642298,35.88516904490345,19.04982766321907,109.70306336120025,-0.15008828771659838,0.04592504997651935,0.8251162002120981,78.52411679163107,38.10309158074295,14.825346092761155,0.730425113126583,0.0,59.0271947818347,1.067732538472127,2.374656099432419e-06,9.724370847613103e-07,8.691085390826651e-07,2.441963738986045,2.7322894582750776
18.015,58.509679734766515,70.0,60.0,-0.2872536796172623,0.00432355720855919,0.827841680701782,71.48908607551787,42.02766847786336,15.421078656428964,0.735316348194716,0.31223987697521655,65.86432585238525,0.7514703339452867,3.3218338437360786e-06,6.483632072772603e-06,6.061651427182313e-06,0.5123415095816131,0.5480080607802607
15.64924777123519,49.68840802981422,54.874353566209564,126.87330219945946,-0.23055180821131516,0.066190419662869,0.7972709269510898,89.29717428260372,41.68133908946238,16.58556507217455,0.7276879309735504,0.0,45.56687739184181,1.1960548395234407,1.5667856881938381e-06,0.0004640088459634597,0.0004677839449681962,0.003376628919521119,0.0033493789281296544
15.06897273378885,48.586121116460234,38.52704408086508,140.0,-0.07009062111923117,0.023577091530130233,0.8666754100374975,109.80570245085907,47.4556525978298,16.94817027955856,0.7344972743146488,0.0,71.7788024231078,0.8605788471840993,4.539338866877057e-06,4.658340287858194e-06,4.261225871247984e-06,0.9744541159237957,1.0652659596163632
18.015,57.63529674400739,5.945435846616302,119.62992915828707,-0.10691396660303892,0.02452613993149707,0.8600178873656776,135.39213809861837,60.37881565719885,20.20451563845425,0.7372539866116529,1.1446048854383648,52.53480936088889,0.9221152193798801,2.976862505398057e-06,7.790625878716097e-06,7.1576429516995445e-06,0.3821082608434339,0.4158998325965975
18.015,57.353063783363744,0.0,60.0,-0.3577022500081972,0.06589827448953468,0.824388941865469,136.34508735457518,59.572323430752085,19.972382348536115,0.7372593871116739,0.9901393736779629,64.85737420352217,1.1024089140055766,4.539473924752032e-06,5.399033135496563e-05,5.090310430955479e-05,0.08407938626838089,0.0891787246833971
15.226829131738757,48.88615172738894,38.31293964619136,60.0,-0.2410191125919473,0.007436324391924114,0.8029274780521178,108.89874017358406,47.12331167605316,16.595910776887948,0.724896874307828,0.0,70.39858384320081,0.8234293278228341,4.315311624160213e-06,2.8949394448373646e-05,2.6945099096916796e-05,0.1490639685695617,0.16015200421563838
18.015,59.136623348900855,38.39780278494375,63.386468032051205,-0.02841503076206843,0.0274923987167614,0.8218634566920759,128.98335279780036,55.22928469330943,18.946951098974996,0.7319547011461826,0.0,61.138573802654726,1.1541871384289228,3.703919511096977e-06,2.592251139632706e-05,2.359296265948543e-05,0.14288428518626412,0.15699255598185058
14.75177035910644,47.98402841510393,0.0,118.45457549442239,-0.030636050145284657,0.07675873496502916,0.8290685688547615,122.24543611612779,52.51176427073756,17.98916336346611,0.7309006344741966,0.0,48.70608430545086,1.0968836224540717,2.23366018726612e-06,2.7780359773217635e-05,2.5342795267939527e-05,0.08040429301493558,0.08813787759599913
7.4499763879516765,34.1118558820971,16.466419940025872,118.4863718580965,-0.09722447376189297,0.08229571682673625,0.8289996352350731,71.0480342531349,36.09253997674651,15.077451390700329,0.7315628532805741,0.0,47.38343106805441,1.374983434891116,1.4522999815758446e-06,9.499712159382801e-06,8.414273040812154e-06,0.15287831433307353,0.17259957866017467
14.41016801525947,47.334448706916376,49.09626446176898,140.0,-0.17069774768912516,0.020726616589650294,0.8295302074074422,92.3736065305148,42.58259868354852,16.238461537215382,0.7297169023810087,0.0,72.53802351768735,0.4821461989629081,4.183042849791909e-06,2.601537651385824e-05,2.4018896191286206e-05,0.16079117085096295,0.17415633160151095
6.722311669918406,32.729564215138666,9.61104525769369,60.78176513967113,-0.17759599787634567,-0.02895590649402865,0.8768875119169952,66.77094316901409,35.062530759722335,15.016923931465957,0.7326206822829602,0.0,53.187972701872184,0.8373658846690382,1.7733616441361758e-06,3.5848916376980392e-06,3.1766472671613215e-06,0.4946764988620135,0.5582494671247735
18.015,57.32291861781711,54.05006758825652,72.40441920304961,0.026140298111377566,-0.00472702751047887,0.8697368075838531,108.05663562104228,48.75655762863411,17.89243560934177,0.7342476102262289,0.0,45.188577547933946,0.8488912364836305,1.8185725659307064e-06,6.154548814497996e-07,5.580302621090981e-07,2.9548430286989946,3.258913878715712
18.015,59.07651417093059,22.98601270523868,60.0,-0.19412340465832606,0.11514122460751047,0.8786059220870635,135.4948783676958,59.15867278568425,20.356558961986174,0.7386686186181914,0.8368489206881766,30.850547928970762,0.9276244998382943,1.2686713455600111e-06,1.2380985970983867e-05,1.1472396171562234e-05,0.10246933067635121,0.1105846875044982
1.5721395227437123,22.944744307197457,61.977612125564534,128.35334129520777,-0.14465659461929126,0.08038314150560587,0.8211628337191181,11.12753716790837,24.38264289091573,12.549489229284125,0.7349864849775789,0.0,62.25736245436144,0.9237500075837586,1.7032756964617753e-06,3.013920938655632e-06,2.435278415547916e-06,0.5651361568965131,0.69941723524805
18.015,58.36107837772326,52.84940257779591,60.0,-0.22473247931178697,0.04144619250526801,0.8364393041425368,110.31042642808191,49.01397815312827,17.6590689883492,0.7274220758054196,0.0,60.365765512673505,1.1656177157827705,3.1992217891444483e-06,1.083440602896385e-06,1.0055549067298695e-06,2.9528354213344965,3.181548583506521
18.015,67.04736955768404,53.81512578689956,60.0,-0.04858248987329501,-0.013312772575317343,0.8405464682390539,123.39992289006585,54.71431365805778,18.643262576634672,0.7298484264102324,0.0,70.02088281095308,0.7526136476369969,4.9528357722376935e-06,5.022446441276301e-05,4.5283781895724876e-05,0.09861400873354224,0.10937328034223391
18.015,63.530981249347,70.0,60.0,-0.05133910270136287,0.06394405130625129,0.8444742389109338,81.49610139328587,43.19790241983249,16.612318263056483,0.73519966668798,0.129313524517469,56.38067985404567,1.2249752080377285,2.444466773032298e-06,9.540512107885942e-07,8.610544854035019e-07,2.5621966047417564,2.838922291760419
11.753604966589535,42.28753900717368,54.17840492684024,86.25928027227259,-0.15653326258247022,0.006534485387532124,0.8394311162070087,72.75356514236027,36.59330192129603,14.763947048718183,0.7397720174668918,0.4809701654204789,61.74378156558666,1.1067273785647296,2.5072380269993244e-06,9.736485926789078e-06,8.891501004129462e-06,0.25750954151752853,0.2819814141431118
7.390990529693317,33.99963344577495,33.939651592462724,116.3104530192014,-0.18069249968901005,0.08468984597147818,0.8273267478063653,59.593187078959346,33.137164239646935,15.014066881453392,0.7348461774611129,0.03003363264722719,39.89713632137353,1.0147627526033027,9.997078056002914e-07,7.825276395955475e-07,6.971702410421922e-07,1.2775367348263817,1.433950772347711
18.015,57.92314490971108,63.62196281535449,138.12821296110377,0.027816351835500755,0.061093606525597866,0.840406103898771,92.19003705206843,43.52552698870284,17.152898153051453,0.7362892489093774,0.1418209985262144,55.35826794459056,0.8973473881373559,2.3821132249682765e-06,5.291074959907827e-07,4.790668196460196e-07,4.502134713679759,4.972402861731084
0.7206000000000001,19.806393281920712,0.0,140.0,-0.07032235119768289,0.03921483363854924,0.7671201585976956,17.222848119877344,25.468564678292836,12.566188030328739,0.7298376479999388,0.07129126012102815,51.529107505831426,1.1840573144271318,1.2047766297331182e-06,1.909216798349692e-06,1.4773714086888416e-06,0.6310318612189643,0.8154866289190951
18.015,62.49546249844546,2.5729411032955163,60.0,-0.014194692151170321,0.03813935457414956,0.8352828595172744,140.91579891488536,64.20472205042049,20.240104709642864,0.733296301994543,0.726436348669606,65.863177484264,1.0249202881895298,5.0630904132252774e-06,4.838092902573558e-07,4.3570049612925454e-07,10.465054134309895,11.620575276378077
16.41968715020427,51.152200028639115,40.51382164823238,140.0,-0.05131960705178751,0.10408111435687217,0.845169702364395,113.49664441140845,47.76782410820191,16.972062993318076,0.7360097751600321,0.07426499780539114,55.65657586140508,0.7448572078362077,2.6482021502103986e-06,3.5928353162118967e-05,3.3074250994261916e-05,0.07370786348767382,0.08006839370813984
18.015,57.95149942838541,66.07925192441319,60.0,-0.057371453779572756,0.03984185962249615,0.7974521429565863,82.59252503101571,43.17984047192744,15.270870887994839,0.7332361543763457,0.017593485294446154,56.07379923753715,0.8954760526727146,2.4254978639981803e-06,8.64740351584696e-06,7.908748596922431e-06,0.2804885720382181,0.3066854173291114
18.015,56.12481299366007,70.0,140.0,-0.12128661046769501,0.10292222555189495,0.8010454648430705,68.30163383873453,40.6098678357388,16.51940675577279,0.7374322937168841,0.27177412828462566,68.75745326766082,1.269230718221315,3.5168977131000657e-06,1.3318753420384429e-05,1.2306267912359185e-05,0.26405607207333937,0.2857810132321307
17.133036890611045,52.507610158443974,11.140263364333922,140.0,-0.06070858911494846,-0.053270278139770186,0.8702445999373035,128.8342693941697,54.620339012236755,18.545098808599743,0.7378378764810797,0.456246831338793,65.59998613280835,0.9613752998499402,4.271746002224808e-06,5.563287296883898e-06,5.113722428100355e-06,0.7678456592772934,0.8353496034026383
11.81417751836465,42.40255024447834,41.00521301601618,140.0,-0.043927124395332764,0.034238247947890044,0.8165095597743746,86.99613177941286,40.08275166012824,15.719674438431142,0.7274481229087248,0.0,61.37526424201688,0.9298370878067906,2.7159044251933763e-06,1.349170461901378e-05,1.2148544152462447e-05,0.20130180002353953,0.22355801576791212
4.0400456417413055,27.633285560812908,48.91045069987886,140.0,-0.23879497579721218,0.017402815336913017,0.8168309930761821,26.033863281011012,25.850888503952007,13.226842983010387,0.7334678591925371,0.06936208401056347,60.33617735358605,1.1804218051751456,1.6853573604026796e-06,2.0443229463493004e-06,1.7730344314871277e-06,0.8244085717534735,0.9505497075931519
13.454927834752265,45.52011332339678,4.845292303565817,136.771574583312,-0.08412874622047543,0.041597581686292205,0.8017835822903366,114.20783826420673,48.17602819313001,16.86504503920639,0.7289803018871992,0.0,71.90158756648383,1.0056006720540704,4.621883493139712e-06,5.780508185325559e-06,5.263800030808288e-06,0.7995635236488133,0.878050736366973
18.015,54.749179068085844,53.671865119973106,60.0,-0.2665739498085936,-0.017995376008317063,0.8281034296126527,101.89303331811027,45.90089887037194,15.949492506535375,0.7288265810545927,0.0,41.57818237569297,0.47356020180091707,1.503826619489195e-06,7.508603353963871e-06,7.0409501772114635e-06,0.20028047142686117,0.21358290878927633
18.015,54.513083875572946,0.0,140.0,-0.09066668343457947,0.010903566763436916,0.8459749183432392,132.41160088004668,58.42660000172818,19.040330987947442,0.7395713581959156,1.1039291990420166,68.83412478133214,0.862972920499268,5.0862436696396145e-06,3.604214491815155e-06,3.32705783944017e-06,1.411193390734656,1.5287512015407148
18.015,57.77082782771544,25.184620993314454,81.98700706271626,-0.05670565043045101,0.0458439849955173,0.8339130689866651,132.6979421221215,58.64984429111904,19.548584923929848,0.7381501669640474,0.7385431029430295,64.4057127581896,1.1344745529709153,4.400529719530482e-06,1.6016510494055032e-05,1.4679449641338636e-05,0.27474959175182756,0.29977484354305756
10.863569652327456,40.597195164961086,3.853174926669471,60.0,0.0003549303475847698,0.023536455807036026,0.8210302289276304,99.56224721923627,43.73048878865691,16.28086205404559,0.7326858943187928,0.0,52.741836534359024,1.1570474982485974,2.1657989574255333e-06,1.4051576374726353e-07,1.2516496119193098e-07,15.413209875306329,17.30355633718006
15.13543547971833,48.71215543283434,70.0,77.65855671935935,-0.08969936849200137,0.015382837972225297,0.8471908087099471,62.44641994353629,38.083037059764585,13.87342001856892,0.734728569379382,0.36976369024188127,61.74689261898001,0.7152110997956544,2.619482710891434e-06,5.1653740790405e-06,4.733529140189541e-06,0.5071235249970547,0.5533889479312561
7.986026906732447,35.13026917200996,14.654663011786145,105.65130874663153,-0.13982938452264504,0.13745050857233967,0.8025000764291162,77.01784305901865,37.35667658247619,14.835728733425931,0.7306448398870964,0.0,73.82406741860576,0.5653399594518094,3.816990786236025e-06,4.4814939158947655e-07,3.98851358175662e-07,8.517228535551705,9.56995810091976
18.015,57.75660180627999,70.0,128.13759117557169,-0.24463923824625095,0.03659585196932924,0.7955705386715198,69.98364616939377,41.03661531615902,15.366990897233554,0.7338942103950655,0.07481632103367154,63.322262649056626,1.0235458445887358,2.970458547350239e-06,7.264971558019043e-07,6.764321292758405e-07,4.088740779819655,4.391362294588647
14.42321232515758,47.35961073686353,6.4224559904482454,140.0,-0.029707600998228154,0.04104625595073577,0.8195521402798928,120.86189577459743,51.87758474751487,17.637245014024288,0.7300298892345399,0.0,54.925529122004086,1.061849955183626,2.7889104808107355e-06,3.062343120967888e-06,2.7823266269255244e-06,0.9107112987160201,1.0023663123594106
13.133189500153703,44.90838328463301,54.848780281221615,140.0,-0.16984422661675272,0.076605073442171,0.8329491544505354,74.197854877262,36.281260487735956,15.404056522110709,0.7335390047610303,0.0,85.3044335876497,1.3937704961085031,5.18137768016138e-06,2.6655225536548308e-05,2.458851086300279e-05,0.19438506243576648,0.2107235248620754
13.191744014748906,45.019890058005466,27.81518212694948,140.0,-0.11542380846112733,0.04295544883728428,0.8245868454953765,107.02745368000639,45.30640856365883,16.585665898175808,0.7339068099061962,0.0,76.01772146433277,0.7218114383293446,4.946147728975493e-06,7.402603161107129e-07,6.754295472146104e-07,6.681632962526321,7.322966176669065
18.015,58.51407269179109,70.0,140.0,-0.20436868409423403,0.0504131019057644,0.8178874355814961,70.97522556355102,40.46516939979948,17.059360033152878,0.7378870551530987,0.3039875589876831,53.97361323478653,1.1734005256682396,2.0976046594008902e-06,2.0721569327630457e-06,1.9185943179978283e-06,1.012280791206249,1.0933028622694299
18.015,65.37194815597144,70.0,140.0,-0.021217536262696235,0.028475834031508662,0.9079225589762732,82.79372549203394,42.90931311071649,16.762803310592243,0.7362545988612563,0.11462983317982123,46.59407650998622,0.6147589778329903,1.6989470185905652e-06,1.3653230498192947e-06,1.2240222230875102e-06,1.2443553332051538,1.3880034092069753
1.5856066657454064,22.970439631765192,36.446433128687396,140.0,-0.2500354143589329,0.05297923353341622,0.8942946521299543,20.2024881132322,25.81956413612137,13.23271367647463,0.7353960757193094,0.0,55.64899255569834,1.2693492526653725,1.421973336963964e-06,6.485707622469012e-06,5.366288042453483e-06,0.2192472155293735,0.26498267064953035
18.015,55.25243182149816,70.0,60.0,0.001854733320236654,0.11601170921379786,0.8089554588477701,70.56685387204013,42.009963074950356,15.587029911228024,0.7362380246718534,0.388741675885109,52.86288713335005,1.0105556982326938,2.094065136518002e-06,2.517564206124342e-06,2.2989236259038796e-06,0.8317822168840354,0.9108893888089333
5.156021852383694,29.753765688130017,18.471035935151843,140.0,-0.10484699264080666,0.04540561757512946,0.8022741868255727,50.086502801143176,32.809514499174085,14.161395566121104,0.7343459901225386,0.10546821875345064,48.01592085541847,0.5031039747985451,1.3751285516957561e-06,6.16671475094193e-07,5.310248168179507e-07,2.229920804242994,2.589574927845955
10.307637755468523,39.54098524680751,5.4939205039311645,60.0,0.1330233403994433,-0.11192141329500355,0.8412097967648311,97.08592197254973,43.72853081206799,16.36830175313946,0.7319000695617238,0.0,65.76650973242623,0.9052556469103262,3.44052810474036e-06,9.706646941260162e-07,8.493905391944942e-07,3.544507310877524,4.0505844437626175
8.259501356638518,35.64992591645707,2.1032949525117814,111.24843209793872,0.0644218719296145,-0.014591265371871718,0.7929662295042951,83.0549853066064,38.69181090724394,14.932699558596351,0.7276519134645086,0.0,61.251727745926665,0.4471700016194956,2.624609267897776e-06,2.7271790301298445e-06,2.3733764217859097e-06,0.9623897950597012,1.1058546144664314
12.424215369035437,43.56163208277855,41.68582571075241,131.72704012371094,-0.08050969742838114,-0.017986728753552512,0.825009678583801,89.63245583471277,40.51381505759133,15.844536610936741,0.7268641997435915,0.0,47.443271565236955,0.6887416250778804,1.654405660491015e-06,1.9991752440182053e-05,1.8131308488043588e-05,0.08275440912152218,0.09124579517148403
18.015,59.438342145154365,70.0,98.69431085237822,0.07183361581571866,0.05884111588192173,0.7973057731799771,75.72888363741845,42.28252165222824,15.548944860799613,0.7330913708680891,0.0,50.26745021062462,1.1794795019679942,1.9068568621520116e-06,5.468122757516109e-06,4.915343237098723e-06,0.3487223946336933,0.3879397165512153
14.450565869446978,47.41154286206648,13.693455119150638,129.42928261307503,-0.15396426986633366,0.01514743103728322,0.8411918262610593,119.76164343687118,50.9861416459625,16.85720725590742,0.730124351952066,0.0,44.0548905173839,0.6372897584810493,1.8293079394254883e-06,3.7610025098280867e-06,3.463569406703955e-06,0.4863883857150377,0.5281568591883126
8.281843475424736,35.69241627666419,0.0,96.69853874796505,-0.22761986240318274,0.04339471202175152,0.8703676509950028,79.51810360825286,37.88315759779747,14.785328751605658,0.7312741892178379,0.0,40.66679609895835,1.1126145221870833,1.1752325387417773e-06,4.434988932896216e-06,4.010850776680951e-06,0.2649910871309223,0.2930132792709637
17.747458995501542,53.67402997670624,70.0,85.41866886182618,-0.1793287203288868,0.04119775142174908,0.7472346772744202,69.03459540578527,40.025264549095645,16.739584165107512,0.7363882384440369,0.9074808051003204,53.11872937261323,0.6455949138304835,2.0252809650258533e-06,9.156380407935085e-06,8.543345731518219e-06,0.2211879448860281,0.2370594646022765
11.362342110534751,41.54435753174224,33.475529211145684,140.0,-0.2145565822655735,0.03230441737151009,0.8259485122074969,89.14360371572384,40.54257782161662,15.80918921514032,0.7290734215858226,0.0,46.89848016125244,1.009116597027266,1.610760904632756e-06,4.371200265715144e-05,4.008333975241384e-05,0.036849396200547446,0.04018529679867195
16.932914105811534,52.127036252242696,50.87459895925482,140.0,-0.28749290645671804,0.11189601280018346,0.8529449688165482,102.43074334722384,44.358615299107306,17.373150949327425,0.7328351875718252,0.0,76.56174483690994,1.312626187791078,4.908250753580568e-06,1.0958947414728782e-06,1.0285007474793743e-06,4.478761114396715,4.772238392251629
6.926843742742383,33.118305807224736,0.0,60.0,-0.2944904600928464,0.0651225021959578,0.8847119628274183,66.67024758721425,35.683513356121104,14.930608835527616,0.7335890725739208,0.0,76.13103004200265,0.7447398559422596,3.90849092454823e-06,7.778301595136831e-07,7.020818673491199e-07,5.024864202992471,5.56700166507032
15.710007651029374,49.80430852312485,15.84035378755232,60.0,-0.08385253725108838,0.03449695921006985,0.806586775670567,123.63825392634551,52.902018187027565,17.965632322187837,0.7300929018345785,0.0,37.9114853640924,1.0825999411485134,1.4725276577908462e-06,3.904399234013991e-06,3.5830933466477374e-06,0.37714577058683274,0.4109654746138586
14.342923723752442,47.207154643179585,11.299256700005667,60.0,-0.2672694291461905,0.04522818196976482,0.777853558226657,118.78711188036017,50.352975116781366,17.537090134747654,0.7270839801489293,0.0,70.72614547832107,1.209781129897954,4.648086046785487e-06,4.7780626207435395e-06,4.447501008990563e-06,0.9727972225826905,1.0451006165910797
5.338337219980006,30.100196172943004,10.225156986710122,140.0,-0.1206749455860614,-0.029101684429860906,0.8257891267459283,56.37302123646534,33.17603785468568,14.15249870321063,0.7333523791195183,0.0,59.54833116681599,1.0662624451615652,2.106059405109671e-06,1.3004531798028376e-07,1.1248025858264151e-07,16.19481145356553,18.723813686490654
18.015,63.27609735943536,54.834772956077245,88.83061728875077,-0.14238766451398746,-0.009465041061449134,0.9032646518938781,117.50952564123412,52.868433720078585,18.43233643457136,0.7344836313501435,0.0,68.70101672420712,0.774530184005622,4.585653222679575e-06,1.1053810173203844e-06,1.0083076656455176e-06,4.1484819721220765,4.5478710307571095
14.417179008323368,47.34784399236197,44.350184216167875,113.955743827406,-0.04264164908162038,0.08162996256059708,0.8257193444178134,100.1342192655706,44.19152846384285,16.584475457680107,0.7268153743298229,0.0,60.25939812980482,0.7306279904752024,2.886377387606573e-06,8.737508995224094e-08,7.945267982115857e-08,33.03432808119867,36.32825719791416
18.015,56.250557077656715,70.0,71.07398167492191,-0.11765123783553905,0.11324516088664052,0.8417425800237166,73.19903902892062,40.922718200137474,14.143935173147637,0.7370693834831283,0.6214311309797872,62.72083463605545,0.47151760381859975,2.918292255582144e-06,4.532980925134081e-06,4.179099049154021e-06,0.6437909851773365,0.6983065539384373
14.669557072119293,47.827450517826804,32.56024912151047,83.0440705820592,-0.09764595184287128,0.020092657105740135,0.855939311844033,112.30417118520919,48.62546921394997,16.79899753982494,0.7276745116242689,0.0,46.134535075994144,1.1704596378756607,1.8697638130190343e-06,8.722016012545621e-07,7.984816629724049e-07,2.143728938733423,2.3416490318120835
14.270408421045877,47.0692666376687,18.3334259283714,100.86999233605759,-0.031198140078531417,0.04125721786494384,0.8190385342335023,117.64386484487271,49.88235607727612,16.874133087349126,0.7293206631521114,0.0,36.49409766453272,1.1277497753789016,1.3111628126248876e-06,3.346413781607597e-06,3.0384845156909574e-06,0.3918113234625196,0.43151867513358927
16.672681208045688,51.63293330516955,40.66283530939142,60.0,-0.24671585003760654,0.12053302989380274,0.7844461407955553,113.0734528779251,49.49557368692486,16.595185513329117,0.7257697435050378,0.0,69.23558065358411,1.1844668693172282,4.3557051725319945e-06,0.0008199718262310033,0.0008664314863465466,0.005312018087929891,0.005027177845184914
13.541398493655768,45.684167379345084,28.05045642826537,140.0,-0.2534152073336808,0.06098783825294611,0.8646370851236206,108.04884398977688,46.329610034621666,17.13694175824278,0.7345470907035827,0.0,61.15256270215018,0.9727431879520699,3.113729608349693e-06,7.220795734368645e-07,6.696379562237278e-07,4.3121696318445215,4.649870246168345
17.40984332159632,53.032991365224724,70.0,140.0,-0.37637413989673824,0.0858746890323099,0.8329058815681749,63.21079243745818,37.256827845581434,16.31145977975415,0.7373600346300698,0.1915700973088493,54.4809610523887,0.8672579269236711,1.9754622103091614e-06,7.393973990099951e-06,7.017791622439411e-06,0.26717191769326976,0.2814934265065116
18.015,54.51442531220655,57.72369914721894,140.0,-0.1801746488782769,-0.02003779177743042,0.8342579794745589,96.93885318217157,44.42380950484155,17.409480089092582,0.7335385408600229,0.0,48.761263079661624,0.789891072959374,1.903873368977772e-06,1.6416090007665128e-06,1.527420932689621e-06,1.1597605569223857,1.2464627976685243
18.015,59.152988056255516,70.0,140.0,-0.0655297473901498,0.019214578215100774,0.8995716179545622,73.7179017682529,40.701385981129945,17.170832247566942,0.7389706545124244,0.29445434843295026,44.4762688584528,0.5566159288859478,1.4875765135931005e-06,1.559750292190135e-05,1.4232877202787385e-05,0.095372735048782,0.1045169218000259
6.922021628783443,33.109199240561736,0.0,90.60093226912849,-0.01755847114366857,-0.03951583864645343,0.7899863921133495,70.36391507284145,36.24670986341462,15.136413636872819,0.7289778141960614,0.0,62.41614971481146,0.9145403678676648,2.5461221303253984e-06,6.25558085389036e-05,5.4485939548394635e-05,0.04070161012693105,0.04672989309588618
9.946100265621888,38.85412422872589,8.022250056803546,60.0,-0.11535136076091235,0.04162681883012321,0.8018914186538088,92.75891070180208,41.82058973334378,15.882815926123401,0.7304938685326071,0.0,56.51776327218479,0.6562964006044769,2.3946745572529944e-06,9.824150007926458e-08,8.827915388600768e-08,24.37538672883547,27.1261611812135
18.015,60.426855603151296,31.88486575118974,60.0,-0.08349993315860724,0.024772607655871304,0.8636483600520625,134.7483111909724,57.81491357402066,19.445960794358395,0.7369857769308229,0.42515082238247476,59.059230757600375,0.98836159410138,3.610140691658731e-06,3.7905893000574444e-06,3.453775750968919e-06,0.9523956318886937,1.0452736228303026
14.743803978377544,47.96803312834332,70.0,60.0,0.006158676691645645,0.031173236804424857,0.8097618317236223,58.179487368957574,34.19585224561821,14.986653406821494,0.7363185652474438,0.36354772538443497,53.1770604376822,1.0815965523993232,1.7229663809003618e-06,1.1965729666996208e-05,1.087166128747043e-05,0.14399175218312307,0.15848234555339555
14.39605696379437,47.30775289829484,39.530998350791975,121.90528455628284,-0.020328906989763973,0.07916401972728343,0.8095122777340867,104.83872793954887,45.12432008883121,16.584629263244597,0.7281042090740382,0.0,56.17028397177229,1.6080741914259087,2.5247623958712492e-06,5.076210113722739e-06,4.608765179331205e-06,0.49737153098646364,0.5478175384578016
18.015,63.2815618004956,67.643864831423,140.0,-0.08795851896178145,0.03184770664428041,0.8527928378070747,85.9755071991433,43.02493496874523,17.204465598816654,0.736494080928297,0.1669742321460349,57.50953741451981,0.7860289652250605,2.5484208240989747e-06,3.374577772637774e-05,3.0844245709244e-05,0.07551821281946555,0.08262224494389937
10.556255953941069,40.013247076931584,12.319762298897938,60.0,-0.13053779356932457,-0.043663688763276726,0.8310204982437278,93.7115747586684,42.78468402120955,16.1844603006497,0.7321473990816425,0.0,66.82971063689442,1.0997585070092801,3.482039680119907e-06,1.745728390021116e-05,1.5844593117045325e-05,0.19946056328257278,0.21976201309795657
11.006815527756268,40.868858736204054,50.30822350917772,60.0,-0.07683609140933247,-0.006860322541253066,0.7590857528440316,72.07577139228081,37.80082361487177,15.678232758231363,0.7317174023674101,0.06022475047675299,63.83356264078263,0.7328720523150879,2.791532401294709e-06,4.028082906643998e-06,3.6275393308324192e-06,0.6930176130909076,0.769538837957721
10.84772572688264,40.56714342092655,0.0,97.63864247648448,-0.2948464078663472,0.05832624096381594,0.8402819600979182,95.52674777724202,42.589607646472935,16.063553772673405,0.7338985705590848,0.0,68.45017443781813,0.8197932682945552,3.6628494834659693e-06,8.213588599295257e-07,7.580225416233537e-07,4.459499570967371,4.832111556500343
18.015,55.90652838177309,46.17637921379008,60.0,-0.17491593855867252,0.10236233774604629,0.8115485179080723,116.47801925665215,51.840834229145074,16.6086163579375,0.7270705740898468,0.0,56.0041522206458,1.012761629331891,2.9005173219327066e-06,1.5869567304071795e-05,1.472101051867627e-05,0.18277230036312933,0.1970324875627848
16.403568701077333,51.12118063323471,70.0,113.27752623017051,-0.10901876688457483,-0.003354524776810461,0.8425583163710828,63.09115296366262,38.6913677117126,16.433863595462668,0.7341193786240648,0.0,59.60789342284445,1.0836680922535031,2.4609277278050264e-06,1.0038414630363561e-05,9.24873705556119e-06,0.24515103414451203,0.2660825703035087
17.748885560983844,53.677756417807736,17.42687229491857,60.0,-0.2979485120147976,-0.03155455839689012,0.858849091519705,129.82953676552034,55.03430058483003,18.883084199523605,0.7367969347993697,0.2897702631119611,70.04007575458787,1.279480311875746,4.967719793218605e-06,4.3854026135244946e-05,4.155645936301575e-05,0.11327853405975213,0.11954145924278996
13.988192256120199,46.53284547879051,42.24650985566937,140.0,-0.013198135638574485,-0.041625127946881,0.7603159283426677,99.96460304498315,44.31599928273344,16.349444549922364,0.7276441943522319,0.0,85.18796989401372,1.2777868608202572,6.310500315912711e-06,3.6296553249482746e-07,3.2851795788644013e-07,17.385949218201983,19.20899653861261
13.29063694773565,45.20812946144752,7.2757664289829656,60.0,-0.08361363749853072,0.053399144758742904,0.8660589106504226,113.31165144733139,47.0849364137158,16.86921508940309,0.7305897489936974,0.0,77.50364453003762,0.9609186512808191,5.369143302728956e-06,5.529042610375504e-06,5.033998322827064e-06,0.971080109358085,1.0665762994759356
14.053609517293685,46.65730979257047,20.7390763057943,140.0,-0.23664658186244275,-0.028527389743736795,0.8087207892662817,113.45695805628004,47.50954305765569,16.84148041947365,0.7297737540827727,0.0,51.29977366105894,1.2738928014960742,2.225381793795589e-06,8.284779716229691e-07,7.681855257375588e-07,2.6861085870951014,2.8969327320492413
0.7206000000000001,19.0959,24.450679881006955,140.0,-0.05934200660241822,0.04081512379205379,0.8219242084245437,15.041978715649515,24.788751951658742,12.56140943022134,0.7320228396427123,0.05978029831082195,39.46842188973874,0.6723858404130625,7.432824407687068e-07,3.757468871823687e-07,2.903370897118406e-07,1.9781466357376765,2.5600671326781375
11.20810745930151,41.2516724424861,0.0,129.69673346146544,-0.10933244302404879,-0.04567775102277413,0.8111553966497531,101.76162171381543,44.110764056493394,16.200656472691083,0.7321537660100047,0.0,61.22423625107446,1.3375071260795262,2.9625924922314447e-06,1.2153147096867871e-05,1.1016066865243584e-05,0.24377163121764311,0.26893377904037774
18.015,70.95002593127623,0.0,60.0,-0.13777012949205616,0.046812706235875724,0.8793402103639886,149.76761319580572,70.76274150729147,21.99868548905463,0.7402844828278058,1.753880146840166,51.7440088353311,0.8186242523343803,3.392697851391867e-06,2.5618636126212094e-05,2.307456340205163e-05,0.1324308536441008,0.14703194128865782
13.1275271041674,44.898038081537855,20.692795058611356,68.43439966272135,-0.2662545337032489,0.024668347197413953,0.8050703812267859,108.24335082288025,45.28656016466753,16.833757335399493,0.727408070998248,0.0,57.3772260884925,1.1692722206636412,2.6581704277336345e-06,1.4640298548761648e-07,1.3585484435142691e-07,18.15653156853469,19.566254265159113
12.873375450677342,44.41470517565499,70.0,92.24352273007486,-0.0891798437810172,0.05142750338328194,0.8304796634530345,50.05046047235481,33.3951528209376,13.815632147466586,0.7355305602938725,0.3105015118313259,51.543701808774664,1.2436973590743339,1.579367408480854e-06,1.4680623500385173e-06,1.33393309628952e-06,1.0758176643106585,1.183992970017789
6.724542806643704,32.73386557301324,0.0,108.7297277326892,-0.09586296633770702,0.007978653704721006,0.7993938012172966,67.9983931134943,36.09013008925821,15.078859981374077,0.7302334011236974,0.0,58.47511649167048,1.274745154722397,2.201113756256516e-06,5.619488903964164e-06,4.920659289968046e-06,0.3916928734753406,0.4473209028603176
18.015,61.77689568964707,0.0,60.0,-0.1762441695022711,0.05213906685896118,0.8836478048800053,141.49710874147988,63.31245762034497,20.151844705269546,0.7348294921691518,0.7046908094781584,59.73036032653256,1.0400397531615138,4.0460558423072305e-06,2.7260382458358616e-07,2.5025064206629807e-07,14.842256334766217,16.16801383165012
13.03785510603644,44.72751683630551,27.49039249364462,140.0,-0.09329007675830052,0.030873863741511916,0.8433025435915931,105.06251370479299,45.38375960911446,16.602417499177797,0.7343308005376019,0.0,55.94651039284551,0.7486591039850655,2.542457578646311e-06,2.892854849022796e-06,2.63261382168524e-06,0.8788749216038789,0.9657540949241024
18.015,55.15616976106633,16.961192742941005,109.08066599300062,-0.0947027491421612,0.10215176058883374,0.8076358094153154,132.17903849174314,57.75604343564688,19.3975749038891,0.7392770546298777,1.0110924900862064,67.48796415510998,0.7168310480014982,4.817675614011917e-06,1.2040260517708553e-05,1.1127734349223442e-05,0.4001305127016301,0.43294308282513255
18.015,57.390471955449684,0.0,60.0,-0.1972758975692684,0.007555439250104383,0.9237668145498487,135.8828624887202,60.11761651775018,20.122374010391376,0.7375717620276188,1.0844529851392644,49.461363411789705,0.8881741041578326,2.6413636531021187e-06,6.717242409765748e-05,6.327839182217266e-05,0.039322142807620246,0.04174195293276383
18.015,65.79188850620022,15.915184183826575,118.2710960826625,-0.05167572567453925,0.09332052706057602,0.8963797256596528,143.92897250464193,65.92513504042688,20.527970351401997,0.7348686438339587,0.36626793145505915,72.74581706373709,0.8644510860916669,6.500518030861103e-06,3.871035400752781e-06,3.4820836771585735e-06,1.679271140118476,1.8668471620893419
4.512057818472081,28.53067267898949,0.0,127.69011854458688,-0.10757971098055272,-0.04693225917109128,0.7552444291799952,46.776704553553714,30.808517015805556,14.156995616789215,0.7317625530332633,0.14220323306023722,62.65475075145733,0.8335703953680851,2.183572298991156e-06,1.132659149651456e-05,9.691269742088094e-06,0.19278282435303584,0.22531333427942335
18.015,61.25219766601349,35.95030813226583,67.2275908001341,-0.12407112316686386,-0.01202139914600497,0.8691331813569096,133.37648725070378,57.56837160648494,18.895815507516716,0.7352318901595584,0.053935226747599145,60.048104520004365,0.9740551685933391,3.7227104999290147e-06,1.4050812217323691e-05,1.286199981641781e-05,0.26494628512216306,0.2894348120870853
14.188390682357305,46.91332870644045,36.3225725996715,60.0,-0.0032406392814829516,-0.01695842242419459,0.9055830314230227,105.54185062453665,46.21203167044838,16.8388262316264,0.7266013732420543,0.0,52.78713461946729,1.0036782104544593,2.297252449613946e-06,1.2639997403322004e-06,1.1437920952948301e-06,1.817446931603158,2.0084528115415887
18.015,56.73672994849193,59.13126302531837,60.0,-0.20269410831736506,-0.08053187522387203,0.8419214911981331,95.77716936967737,45.81642822111614,15.287640200101889,0.730891076119459,0.0,43.40195159711746,1.063767211179008,1.5857873482441892e-06,5.591930787049243e-06,5.19487819228357e-06,0.2835849384825772,0.3052597750221949
18.015,59.15281217793097,44.429513878128205,60.0,-0.0607597225422512,0.05861658078264188,0.8406380290663171,123.7997468775893,52.90892356812297,18.922270365196706,0.730591295956898,0.0,81.68994557066108,1.3852173859835695,6.814729991169749e-06,6.084846741972764e-06,5.552600891657242e-06,1.1199509667453598,1.2273041272260088
18.015,56.729586599097566,5.9371609657445426,121.91850726119625,-0.02952347857639412,0.06076618161337617,0.8102052760565251,134.08873315994506,59.340060673158185,20.018025856921746,0.7368724630121813,1.2285255188271327,50.3010668291293,1.0444783572137573,2.6849043168295594e-06,0.00029217134314326855,0.0002709615140240952,0.00918948548459455,0.009908803198489673
2.2009709575645067,24.13988604517853,4.289433505593355,140.0,-0.10206928035212734,0.012908333741268783,0.8361747867257081,34.77763852349277,28.157552547936625,12.598538088058554,0.7329968454323138,0.18853190355017108,55.648526610893015,0.7262130101922446,1.5609787477595025e-06,2.4395426077775807e-06,1.988233201290047e-06,0.6398653349127407,0.7851084806081479
18.015,58.075094052365735,0.0,60.0,-0.17052041369468235,-0.0038569760895041543,0.8333636156647002,136.97147812862815,60.34899490878102,20.64645803464372,0.7360236282512902,1.02889366019344,69.8727787539498,0.9725968536927998,5.428510012744758e-06,3.912943001517233e-06,3.6154767094501087e-06,1.3873215149415332,1.501464522937115
18.015,66.42549933874453,47.896352444212525,60.0,-0.19828278783538156,-0.061025196632486525,0.8000980970662354,130.30493595164427,56.90451424121036,18.499698836163716,0.7305312315149461,0.0,47.476244034364356,0.9465415839090957,2.3146128651487426e-06,0.00011444251225575168,0.00010597824752298634,0.020225114072785606,0.02184045234987218
16.9093503250479,52.08290953230066,0.7977359323399256,66.16668659122018,-0.09966150637089524,-0.025937305391894466,0.8861231169366114,128.46525013347406,54.94057527901826,18.521423791212023,0.7377546409069407,0.40666674728876184,52.66046184699279,1.0073883043612148,2.718153235196361e-06,3.6119905141549698e-06,3.3298261133414013e-06,0.752536094583924,0.8163048587749703
13.575370881605346,45.748957988831236,0.0,140.0,-0.19726673098356629,0.02946281568208646,0.8341200960549473,114.77135042022157,48.85390608795918,16.848571809727826,0.729576748295086,0.0,68.90634882817857,0.5341142309763214,4.274258970868881e-06,4.201341613343469e-06,3.87639298490724e-06,1.0173557316295885,1.1026381967748717
9.995366970161463,38.947965252296655,0.0,140.0,-0.05144415531778378,0.017429388866492156,0.8330193438207508,93.62926660887533,42.65873866871316,15.933913891799516,0.7315938904885663,0.0,71.74980626776667,1.4687839504858295,4.062693501743771e-06,1.6929481137318916e-06,1.5107605326866464e-06,2.3997743751213223,2.6891710591081694
12.606680517857635,43.90850118347272,28.273924699856448,60.0,-0.21991571754242528,0.05043747779966194,0.8344540014687367,101.66435451774676,43.83671658761142,16.11630077432255,0.7293710248409764,0.0,63.866713844411436,1.1396036971765728,3.2294354300785326e-06,8.45691442253605e-07,7.788439299390617e-07,3.818692337092484,4.146447453639666
18.015,63.8287417963465,50.342731139847494,60.0,-0.0590513346969133,0.02391053136845137,0.7803807901878785,124.59505781933686,53.69959568792377,18.861672988580505,0.7276038532482617,0.0,62.48490747734653,0.9994568239221356,3.7780738234496092e-06,7.278678965972361e-05,6.604543412235629e-05,0.05190603736079044,0.05720416367390848
15.650885004408115,49.69215639165859,0.0,60.0,-0.07537033868502568,-0.01379452208713683,0.7744271327753112,125.66211063653162,53.703606285896385,17.968190858433566,0.7296956630662023,0.0,72.61045592993528,1.0961477697533601,5.265659045493205e-06,4.257449390452106e-06,3.9038259771688995e-06,1.236810719888331,1.3488457416618562
11.727117444639045,42.23731169297861,41.36601035414533,113.12106183791074,-0.03783914333500578,0.017474482821174447,0.8184730630808483,86.98496667882034,40.9091282998642,15.945983874427892,0.7295500963671658,0.0,64.21334518073786,1.1984820803844956,3.048040025381172e-06,1.8226453832350499e-06,1.6403921949319813e-06,1.672316542437424,1.8581166350328548
16.22048086846836,50.774034097879536,26.916135158680877,60.0,-0.18137417272454665,0.08995259786548113,0.8048561491630082,121.4838508960002,52.19973654418653,17.57263961134807,0.7292127105430916,0.0,48.895629622666114,0.9587051563365584,2.2417571865662045e-06,9.017753345151872e-06,8.381842780541086e-06,0.2485937573100088,0.26745397703838686
18.015,61.904571982117865,42.39263652519854,99.6308723372805,-0.14573147337978692,0.025850794344065765,0.8251453515917749,130.79439497047014,57.033445089695356,19.379101329157592,0.7385564154981786,0.6196925975698706,59.34540122611749,0.9726342134164384,3.5981209010239924e-06,3.6813014285316427e-06,3.3695650145571874e-06,0.9774045866326061,1.0678294929699823
5.361320369781886,30.143863918836715,17.97776898050774,81.12211704561321,-0.09761599616926112,-0.023170815003628113,0.7668623017097101,55.10335886049322,33.39827307777745,14.159053159072657,0.7314252954717055,0.004676517487554721,47.78816070755358,0.9242303000681641,1.3754865447034955e-06,2.4847093099071097e-05,2.1493582407541193e-05,0.05535804688375872,0.06399522046268542
4.196306410498403,27.931315648823684,0.0,60.0,-0.2482183678777199,0.05148036443832443,0.7937605245198471,40.34488959854537,29.84559384121274,14.112195624262108,0.7346214827109752,0.2776457511822949,52.56499710258349,0.9074385200793842,1.4734536240065531e-06,2.034806522065236e-07,1.7720787510115607e-07,7.24124681156941,8.314831511666496
17.96546309630762,54.0889675986094,29.41391050692279,136.20539591066108,-0.012417418778723335,0.044844974541724474,0.8614278229408465,126.45282459025401,54.502571487094436,18.576620933827662,0.7395309029467708,0.5498282395644288,62.5245635032726,0.6017926201180304,3.854996261449837e-06,4.309013096816882e-06,3.9531253703665135e-06,0.8946355406293771,0.975176828528568
14.395403865853039,47.306784250920096,14.680294727362746,82.00003268623738,-0.06276113829161101,0.06395987935603442,0.8746664547152645,120.03256465795766,51.49695175202226,16.87352578830583,0.7304479507338207,0.0,81.2901653418895,0.7067418332656802,6.575440034879625e-06,4.842128612168925e-06,4.417562694586806e-06,1.357964763338721,1.488476902192478
18.015,56.939788735087994,16.54635570625931,76.81251511673392,-0.22701440338989357,0.06980171845830635,0.8416970934972823,134.07252042318845,58.26373211987301,19.846109307754567,0.7392182066536349,1.0356882231310447,49.43666261920708,0.8247234301909052,2.5603869769328584e-06,3.7785276349274668e-06,3.516278560204672e-06,0.6776149930108974,0.7281524865265016
15.678228414813505,49.74364741216291,47.86966143247624,60.0,-0.07776522780285003,-0.06679732951102783,0.8257114065981387,100.66744872646514,44.11590798825872,15.95781719402457,0.7279793843953438,0.0,54.542956393509854,1.1995034445308193,2.3347366953749117e-06,2.7833625594688265e-05,2.57588951778097e-05,0.08388187472854668,0.0906380758669416
18.015,59.35732572448942,40.28229722535316,88.75690565932132,-0.2589072775352269,0.049395888833791826,0.8471198736007055,128.50025389360874,55.68673328073376,18.418286054719573,0.7348876786353087,0.013457221879319642,65.69919351217803,1.0754944251463407,4.365744241068771e-06,1.7270304145138327e-05,1.6061855443807988e-05,0.25278907680949836,0.2718082139602253
18.015,58.08198136874922,49.16147766288494,60.0,-0.23322187887763757,-0.036190568283602904,0.8869320754111993,116.38290183719148,51.117214314958176,16.015361226774484,0.7276507249270981,0.0,73.29979544180996,1.1156966489681492,5.12082033741773e-06,9.918243020686022e-05,9.700457587190265e-05,0.051630317252132976,0.05278947195418824
16.428765869971663,51.16959307190878,29.08782638497354,108.18263563016893,-0.15579483707374187,0.03237538959191807,0.8178512873215551,121.59284497623496,52.90283892506424,16.863366140585835,0.7319109729122816,0.0,69.38372123458979,0.8985900808629987,4.686749645134509e-06,4.961063318064048e-06,4.59416427494902e-06,0.9447066777134816,1.0201528209799413
4.160605293919903,27.862895666676717,0.0,140.0,-0.059897491315393396,-0.030178079958620176,0.8149206773953798,43.29284440359871,30.378630364173567,14.17307960860491,0.7352278657125023,0.24201736764892892,51.86469504669671,1.2874513242579415,1.4534052071517367e-06,6.365267954612508e-05,5.4862757864635025e-05,0.022833370370504917,0.026491654151579086
18.015,72.43857755268516,70.0,63.570232192903106,-0.23037750254052322,0.05143845243850572,0.8545488530621862,90.18136426058098,46.62848356858925,15.922714084021086,0.7380111713945511,1.1049415412359702,61.39677049298669,1.1383398523862192,3.155744261455867e-06,1.59787737718548e-05,1.4551030704502553e-05,0.19749602231770952,0.2168742768496378
18.015,54.97053667875243,70.0,140.0,-0.056983118743539854,0.004875887132695704,0.8223900506161894,66.69836748240934,40.00327749841529,16.56968476327794,0.7371936808358014,0.23569198847170067,78.68201893574464,1.1073612564714348,4.7218529097372785e-06,5.557414228822395e-06,5.111908549900728e-06,0.8496492640855079,0.9236966709486569
12.459388814945896,43.62783423497069,70.0,81.6527112640245,-0.13959412007662164,0.08806111883056669,0.8018908242561656,47.43849515591356,31.250940262235147,13.859888660776027,0.7340399992905702,0.24014208564495892,51.97469233348793,0.588122450912463,1.5172345678505297e-06,2.5202879562136424e-07,2.2989778366950955e-07,6.020084189625494,6.5996050228637095
18.015,62.03458196782405,70.0,140.0,-0.13270401511265706,-0.006487773103378512,0.8642471305919066,78.52735686018858,41.933272566616544,17.11637238623378,0.7376830421542356,0.24537412898748825,49.95060269746937,0.750011643991459,1.881557204947258e-06,4.117346421312943e-06,3.7603183847975603e-06,0.4569829721413787,0.5003717803668247
4.771593222674056,29.02307310206624,57.836168446091605,139.37556567648636,-0.12944529209630876,0.030655912242040197,0.8652578032937827,24.13363633812312,26.012877627456117,13.846076597193585,0.7343846081795916,0.13284441224220753,55.37889551726685,1.1487337529934218,1.4204064762263308e-06,6.877952581782503e-07,5.915384916182906e-07,2.0651588671729626,2.401207184912819
11.98125684423274,42.71989218455548,63.271655014201734,139.24090950212423,0.019274434839436735,0.08411086095290081,0.8754435428646367,56.21186587654192,34.610632001566316,15.318424575535616,0.7370061246891215,0.1176950565000334,64.50368603616754,1.402902288370103,2.6004800645673537e-06,2.2643417470671823e-07,2.02476239674624e-07,11.484485802267011,12.843383839734887
18.015,57.7549836225585,67.24261309567024,60.0,-0.054146552407432894,0.0003710852458774485,0.8740749078539025,80.5580772033924,43.19322517045314,15.27201147526796,0.7357978400022268,0.16681157157931284,55.16999350407963,1.3752176684127655,2.3348365039236746e-06,2.0626089891237637e-05,1.890395980871415e-05,0.11319821237255241,0.12351044582984069
18.015,54.41964365834711,22.353336684802066,60.0,-0.13372502612917483,0.16644672073489616,0.8661284176064341,129.02788987154122,55.284493749478585,18.5585339761272,0.7378214786524011,0.25994112944087194,42.78654324007542,0.7911077355233318,1.8801737435268991e-06,7.159651932349713e-05,6.862715962022115e-05,0.026260686431300417,0.027396933720289098
18.015,55.085850266179285,14.751507588631608,60.0,-0.20589598387855115,0.06052140569775974,0.8528830814651945,131.98046722097175,56.57792845818421,18.956276448771234,0.7393961040536037,0.8271425295618298,54.43284765827676,0.9851228009374161,2.989934839067099e-06,2.828888810431338e-05,2.6393396683913165e-05,0.1056929076901826,0.11328344263053762
18.015,54.573906730644296,64.15460155184151,60.0,-0.02908015927284334,-0.06684462755013926,0.8585278384344276,82.91768925998707,42.81492662142706,15.279892891564263,0.7354545159697466,0.12327977093149807,54.157315741108604,0.9921156471757925,2.2395763068220124e-06,5.5814215480383534e-05,5.140264220544664e-05,0.0401255538136003,0.04356928380978646
18.015,61.4614706002286,63.023592028203346,60.0,-0.12608722961795754,0.03206144296846802,0.7994577663115865,95.63512027587343,45.99812471322844,16.586673700777826,0.7300644791131903,0.0,58.584556110816834,1.1752000957726203,2.8190028987334392e-06,0.00012754929172398093,0.00011706871825539609,0.022101282262184684,0.024079898889672022
2.6968236587622716,25.081485091218678,45.8411615769912,140.0,-0.05927328223613597,0.037228904018898806,0.866466101568053,23.74343653751597,26.082353206387243,13.229869185546777,0.7348147657527269,0.018500314825531317,53.75276520222429,1.1702081426768265,1.3410730565191093e-06,1.9701342078349108e-07,1.611415741428708e-07,6.807013710973977,8.322328136934367
0.7206000000000001,21.312431737203237,18.094376306836903,60.0,-0.023960977173080655,0.029755230879665993,0.7825970083655566,22.49347067435504,25.52615779953404,12.556715638309873,0.7299249712434336,0.1182681939881951,46.69893478484219,1.0896884923635903,1.0048395184113881e-06,4.685720096412714e-06,3.597169387320272e-06,0.21444719226414558,0.2793417296259012
15.072722054696964,48.59310160998196,48.34348861741143,140.0,-0.13139790116251687,0.025945530205410818,0.8636931528309263,96.06908934338365,44.79349258327404,16.268958197723453,0.7306616814182438,0.0,49.798557178100836,0.8607092173364916,1.9944075656847128e-06,6.577999107650494e-05,6.236650402868525e-05,0.03031936509941346,0.031978825761459904
11.25033637242023,41.33168155577048,27.012292922113335,91.46506206487977,-0.11225547350845556,0.07755636273382337,0.7976378952569481,95.12426564509528,42.857022251272085,16.201182849703756,0.7294579755913362,0.0,49.739670146874225,0.8199532291011452,1.9052956391340785e-06,2.185904710453604e-06,1.979361491986669e-06,0.8716279488407821,0.9625809367553921
8.583456587965838,36.26543044613131,0.0,129.6272514302769,-0.09187206261594152,0.06620167442573639,0.8379755437494427,83.60182885535473,39.406309569807235,14.857500613554052,0.7300779156400277,0.0,59.26736437327591,1.4923259552247856,2.467506542554808e-06,7.733273438507025e-07,6.867728007891398e-07,3.190765931368879,3.592900795895684
18.015,54.64383963478466,70.0,60.0,-0.14056899389670097,0.11116787757080925,0.8332985790933866,69.69238055023064,41.84640398968135,15.509660409544367,0.7372218194296258,0.41145840747311246,45.96406352413452,1.1607479723445786,1.5986826262612933e-06,3.579049324967784e-06,3.3187880341887544e-06,0.4466780089083247,0.4817067585493075
7.772307642763602,34.723683452481445,61.7055912754777,140.0,-0.20795383040417686,0.11311933708584414,0.8609039017343713,35.13132715556908,30.353126251325342,13.844666363685558,0.7361375797969875,0.13945728322793333,73.71687662048355,1.0469144846295935,3.081636756309322e-06,1.8271184896097227e-05,1.642733010854904e-05,0.16866102411166378,0.18759206371007237
18.015,55.991838621966906,0.0,116.5914100055419,-0.1824246069137833,0.028476905956252154,0.8208164776569374,133.72008685076446,58.63483275631938,19.88515616258738,0.7379892806889913,1.1449289840376398,70.23980145095982,0.7692951994640241,5.344390053698971e-06,1.7551671696892199e-06,1.6289680250510282e-06,3.044946456379582,3.2808440506568908
17.240393435187073,52.711205026142615,60.02931937632644,129.2834487768141,-0.028341241400453077,0.012940078600030082,0.8578023817697391,88.50228883545505,41.113538150603055,16.583857269365723,0.7319615115613206,0.0,63.18184632419199,1.3164643960938727,2.954937648935762e-06,1.9176943076617232e-07,1.7567429594560138e-07,15.408804401879706,16.820546415343404
17.670782433952365,53.528687280994774,70.0,118.46810103757495,-0.16205303014595432,0.012328177716570859,0.7752060609712373,67.4008243049328,39.78699291376131,15.583284488472426,0.7310951318783752,0.0,62.671610877329115,1.3376559135922481,2.809520042496959e-06,1.0965480422970738e-07,1.0185028717278782e-07,25.6214952206883,27.584802365168013
14.410588559297969,47.33601029205735,0.0,68.0322427806718,-0.0692525188863738,0.04229775234404943,0.8475421622922285,121.43934202028692,52.172373854552625,17.972442972186474,0.7306092869039257,0.0,51.459993368977806,0.8638039499839171,2.473122971618001e-06,2.5038591384793843e-06,2.2837717286772443e-06,0.9877244824243389,1.082911632788461
3.71887344295268,27.02403132627518,0.0,60.0,-0.0976803501613144,0.08521743725105528,0.8467574330403251,42.68325245714354,29.535666061027154,13.909055944554892,0.7365845626620539,0.33289846480090024,44.849510081187034,0.7814327513390953,1.088913933056598e-06,2.004540867746277e-06,1.6890089324244838e-06,0.5432236132361191,0.6447058462228018
18.015,55.08975503047674,0.0,60.0,-0.05708041289530872,0.036487609300957215,0.817995688565075,132.95077913904393,58.51593813156969,19.06348486709739,0.7385206802352516,1.1833833489570198,37.898457474314384,1.2404298552106,1.6204141048182828e-06,8.198908365363883e-06,7.539350308506358e-06,0.19763778695999193,0.21492755191253446
18.015,55.99227168339262,40.39705592998883,60.0,-0.036280980565925755,0.042859558958324655,0.8741939408489093,122.78243707926981,52.827817310638395,17.12514834280543,0.7305385204498249,0.0,51.59743354090507,1.1429029384783185,2.506832505478813e-06,1.6289541022100197e-07,1.4902528881653803e-07,15.389215092541686,16.821524221737445
18.015,55.802698472989775,66.46954178377756,60.0,-0.2716141467836135,0.06630453666205591,0.840902459478002,77.50527393643755,42.86208516653448,15.173517332633418,0.7365542329407588,0.3097068914458204,62.674782546828254,0.39510939355154273,3.05465503629713e-06,2.3798890482834335e-07,2.2294353730884926e-07,12.83528338642674,13.701473804398464
17.985992626686716,54.12818597181196,17.87454570968361,60.0,-0.12682056936354424,0.10336178936978871,0.7883909078366859,129.59790808543306,55.5207084072395,19.011702394583033,0.7363996174779625,0.5019731433578677,29.734092052314118,1.1591954307986287,1.1313136089589604e-06,2.7651898549329395e-06,2.561603390724978e-06,0.40912692014284735,0.44164276681363196
18.015,59.11753721635412,32.750214309333174,60.0,-0.28625335311811606,-0.0010280965510611328,0.8341883172916165,132.37503906320586,55.29123232018954,19.25603901363123,0.7348328901163236,0.09186056843395196,54.285932377181275,1.2898799457629333,2.8955749955042e-06,6.021284870619975e-08,5.621324377193827e-08,48.088988608274576,51.51054807034059
18.015,66.14183481838649,70.0,125.2066825492916,-0.23473776543553104,0.06715354763802428,0.8014241448792278,83.50299911325449,45.417072269605136,15.67287401436222,0.7355031149524599,0.44218246022438235,32.867660659421546,1.1785573361769233,1.0357831567856226e-06,1.3455364061208276e-05,1.2349660818678731e-05,0.0769791996763416,0.08387138497107642
18.015,59.04418444447797,2.418743256507341,60.0,-0.15895482243870432,0.00032750327111003404,0.8344665945714251,138.92288205807682,60.914931859478756,20.273267101361796,0.7352014946478842,0.8994713065983492,42.880889143470554,1.5109428240116218,2.0467419051481224e-06,8.919197085309271e-05,8.266720058984234e-05,0.022947602632520506,0.024758814748102334
17.654885217660258,53.49861835796941,70.0,60.0,-0.13043174964158807,0.012906110001185425,0.8574263507138898,67.71141973334299,39.51645653340528,15.512871190759435,0.7374414594533796,0.421473801967336,60.80939099701213,1.0487148881354562,2.6224177754324356e-06,1.4635046800542875e-06,1.3551224699326735e-06,1.7918752233406996,1.935188762357933
18.015,60.054499934039185,70.0,60.0,-0.05261092889588383,0.0409683320245591,0.8234193810948831,76.9061634235573,42.91591594493908,16.744743163789465,0.734803828668736,0.21121433070744833,73.07631895612208,0.940820948047811,4.273635243916444e-06,5.700844293295405e-05,5.191100673773185e-05,0.07496495297972865,0.08232618692039591
18.015,54.286413092012026,30.90655380493039,60.0,-0.10204219152678858,0.05247884899062474,0.8658797679249313,126.71962177571747,54.11543170114412,17.12015226133675,0.732842565476015,0.0,51.615286338314505,0.6497106671202062,2.5895145579983915e-06,2.833401187554879e-06,2.618494125447081e-06,0.9139244274239354,0.9889327353584413
18.015,59.66678266210856,63.93013814627115,128.86462570478685,-0.0390352782098954,0.022575277250519867,0.8403859478612226,93.02816242369337,45.07495919358287,17.224731866892082,0.7367436032227329,0.23900780527981041,55.29533394370849,0.7970165153272497,2.4645579163684076e-06,1.2326951600301962e-05,1.1204973393990475e-05,0.1999324728676663,0.21995214354459916
14.970383100419237,48.399319950845765,0.0,63.619571380204434,-0.1271868350878114,0.061048260405453074,0.8137822001416852,122.4380768521366,52.76786329102426,17.94959428341261,0.7302439636704886,0.0,69.27473725041558,0.4331929110415572,4.676116064678188e-06,1.0282676319051982e-06,9.452185190456725e-07,4.547567111505952,4.947127008682995
18.015,61.62944891263669,70.0,60.0,-0.24393549530783487,-0.09357071923756721,0.8839326671167713,77.43548149637544,42.65418158234443,16.639957455233226,0.7356284743898159,0.21478659367063752,56.02815216050619,0.8327299597506119,2.3939287500189794e-06,6.801370542068732e-07,6.293538576084224e-07,3.5197740443808145,3.803788156818541
6.561423885558092,32.42321965758402,70.0,140.0,-0.19810149110207365,0.05270582178268612,0.8205099756783724,20.815087590653913,25.743826874807983,13.862878465448393,0.733173367792089,0.16147730548753464,58.02857334064935,0.8830667748903575,1.55154329005922e-06,1.793295824945633e-07,1.5908333894122016e-07,8.651909341874802,9.75302190905423
17.602414671276687,53.39902632462694,63.96946632470079,60.0,-0.07984314741652612,-0.004859107301181398,0.7785929008081157,81.3859571038786,41.92015193599129,15.258143394702596,0.7333660562918103,0.18769347669135159,54.77171493382276,1.5611752832139043,2.2289079692682748e-06,2.4928650398391444e-05,2.3008766547935208e-05,0.08941149776050845,0.09687211892148541
18.015,55.21957691503866,35.84607717828509,89.80076472057323,-0.12769476858162757,-0.024542804859820383,0.824700108705388,125.06493870204521,53.35950200812745,17.92037915182866,0.7337990952753326,0.0,55.68265123696577,1.1710940111033923,2.9454226785156123e-06,8.883940747650542e-06,8.228102699290278e-06,0.33154461090868514,0.3579710640667711
18.015,60.589393269824534,70.0,60.0,-0.0640370089389225,0.06925689268329895,0.8120264092388776,77.69380213732288,42.902063615922906,16.738845682869886,0.7345150201904306,0.19254155384307486,54.924428703082434,0.8585596756778909,2.3122963085179382e-06,1.3292618296391263e-05,1.2085681883579522e-05,0.17395341210886123,0.191325266608216
18.015,54.876360863722944,50.34507872911401,60.0,-0.1238163342521793,0.012025460012384396,0.8317639607096654,108.98631374855255,47.533493687266386,16.795293215029343,0.7272669767063907,0.0,62.014891801744525,1.0787342949750458,3.2882784674479714e-06,1.3448921065047075e-06,1.2438941115741117e-06,2.445012838980821,2.6435356810932653
18.015,58.822099577579806,49.66441791697323,96.26664843089063,-0.19873340398365744,-0.03363985825855092,0.8300885675651011,117.00571841443397,51.73027140658389,18.411526401014804,0.733472600899494,0.0,46.002997179361586,1.056552022938174,1.9831382739283413e-06,5.149763440200391e-07,4.7631843124245184e-07,3.850930818389538,4.163471627069791
11.669822469675866,42.128867044645524,5.355311696796456,60.0,-0.09075569777899042,-0.011526189028909674,0.8231198066336917,105.55083256672037,44.53938251231984,16.600211360158173,0.7319409254433645,0.0,46.937173023710606,0.9578768017740162,1.773928318652768e-06,4.0967709436795445e-06,3.7104604819766912e-06,0.4330064685187162,0.47808845486146634
11.873965389063331,42.516344749408695,35.42096990143524,115.25548577965253,-0.11162265119474515,-0.01951683661366503,0.8216693685036642,93.39495428894601,40.89540302234253,15.821510307827472,0.7284262928599895,0.0,76.24051408776124,1.3331379933612748,4.480680899189522e-06,2.565811173612273e-06,2.3277903387647008e-06,1.746301888958338,1.924864462478741
8.764251207199159,36.6090348217142,0.0,61.80852161272051,-0.23270829728906156,0.08465350858760591,0.8124688791237097,85.23930890618306,38.96518621451565,15.548590799531063,0.7301591924176403,0.0,62.860476471976135,1.0759347925980298,2.7751259559139525e-06,8.31091256601699e-07,7.530915869584618e-07,3.3391350635324195,3.684978034507003
18.015,55.393912881086706,61.98173132035757,60.0,-0.19863964129684594,0.02289822259317019,0.8197736732663278,87.18833588676586,43.71503049859213,15.203136049306254,0.7332676833651183,0.0,53.054421746795896,0.766829164278185,2.20243587250875e-06,2.6487741321655665e-05,2.475741803607473e-05,0.08314925179022711,0.08896064481762674
15.358145257495002,49.13548846141923,44.079630584421224,111.5964805649527,-0.19197078700350576,-0.03579217426031442,0.8499571014284699,104.29881656825093,46.84947079224798,15.9465701292903,0.7259598394426146,0.0,53.901272405694016,0.987670818770268,2.4277212081315255e-06,4.642813529126171e-07,4.300824355953698e-07,5.228987106420468,5.644781109860469
8.89714948265929,36.860790027899995,58.44215538009577,121.38547783564653,-0.09779571339271068,0.008565557425496395,0.7951013604379281,47.08068614484886,30.730039745773002,15.217609881720197,0.7320484753802575,0.0,61.76486002015122,0.9693536212777046,2.1096519165735814e-06,9.842309736958443e-08,8.766672611718476e-08,21.434520686254327,24.06445421212142
11.783548088433601,42.34477446506816,7.290263253386112,140.0,-0.08557748719995327,0.019043156784102747,0.9016543345634849,106.11280428441789,44.562646686530236,16.607483724918225,0.7334287684917976,0.0,71.73582898609949,0.7950682944688552,4.258713778955762e-06,3.2232863298811795e-07,2.913709894669886e-07,13.21233468921376,14.616121483975878
3.9142179469592957,27.39490466254572,0.0,140.0,-0.22380596755715582,0.037466037976107223,0.7746318027864356,40.724409277362895,29.21123494315621,14.120203249979332,0.7335656445868584,0.3313339433497526,68.27338449438767,1.220536548165868,2.49088412435573e-06,3.3827440226146277e-07,2.921974042319359e-07,7.363501665226352,8.52466205476129
12.755558853198226,44.19107923069,53.53672696079444,60.0,-0.06052148754853248,0.009948762558104979,0.8153882978411753,76.00730705738174,38.77166480809338,15.266784148630054,0.733717656440376,0.0029541080495464654,61.92924777308086,1.3418963037239788,2.6684788262719882e-06,4.906739912119589e-05,4.451301761890987e-05,0.05438394685809365,0.05994827960480428
18.015,57.74749223111125,28.99238958528904,67.0803585683496,-0.02155100962689878,-0.009157834970239732,0.8621379654585482,130.8279408908777,56.1101975842365,18.816519663485483,0.7364990234446519,0.2777149506470584,62.16851677682709,0.8540820679550758,3.910288293293011e-06,0.00021012691224251134,0.00019246039998686366,0.018609174101316805,0.020317365512905028
18.015,60.89539680886882,52.843815358079155,65.42839817849635,-0.05604835852174253,-0.049044000216084405,0.8372056774493097,115.8548451161336,51.85118392217021,18.072526332733148,0.7268057060391404,0.0,53.515238777564754,1.2488290063872,2.6401363989100167e-06,1.698158505950704e-05,1.542747055404661e-05,0.15547055175700175,0.17113216257071456
15.502093646008559,49.40896409004171,52.17043249458147,60.0,-0.03211382653561892,-0.01973556753622985,0.8450675433406271,94.05174076144364,42.77783404761461,15.369005783643564,0.731033923958842,0.0,73.12413769625647,1.0889451914700345,4.262585449227001e-06,1.8742018021119493e-05,1.7112387021757715e-05,0.22743471084190056,0.2490935626810739
18.015,58.13849154867619,18.833862509174395,60.0,-0.24145943727540264,0.0977015095193038,0.8239619660178795,135.1034966159813,59.00136760381294,20.310714973462876,0.7379089464114045,0.9391993319286691,48.039160499857715,0.8018442264238591,2.4592264010603554e-06,1.6352308503466151e-06,1.5210875961095066e-06,1.5039016665684117,1.6167552791504785
12.993784455827303,44.64308711499215,70.0,60.0,-0.04560515336242414,-0.023630334508340452,0.7320368395666467,51.81799709692703,32.88481885899072,12.99628513565821,0.7311691255581629,0.33260111561927524,73.53315958093094,0.9166150829534024,3.3221638725828717e-06,8.151037264867958e-07,7.374355053432856e-07,4.0757559616391825,4.505022945750845
18.015,58.00115383859014,29.2783540871961,61.291150548017654,0.002437229123704504,0.06293394421146059,0.8361676129172808,130.91313095749092,56.17445584140486,19.616767184286118,0.7370900041585275,0.44237799490038554,66.75953002336311,1.2710258027064354,4.555871799828202e-06,5.588298874180361e-05,5.107729909621538e-05,0.08152519939256854,0.08919562859512621
6.349697730364074,32.02161189288176,10.177437974050463,119.08452266136456,-0.1917068071373093,0.036727458803646855,0.8789477092584833,62.60558291721519,34.756012147431896,15.00687171907694,0.7335470334130691,0.0,69.89362211606127,1.047613100248162,3.126925533613467e-06,3.681095557315513e-05,3.265231507473391e-05,0.08494551377236775,0.0957642827608587
16.10955114733144,50.56343910378521,0.0,136.75249704082165,-0.1652555131513287,-0.05354668613890591,0.8779620063580037,126.24928227536219,53.72788272411459,17.92871855988499,0.7338896309861757,0.0,63.73903748806642,1.052448771515999,3.943734455006895e-06,9.10252362733907e-07,8.424690269869273e-07,4.332572610041949,4.681162545656519
7.216194501028891,33.66799743681406,0.0,108.02926820917409,-0.13226063137505092,0.021728785325758036,0.792007191517512,71.01843744701014,36.01475736063726,15.052170368279201,0.7296415650754968,0.0,48.58899826014405,0.802627533109697,1.533001283373066e-06,5.846037111252533e-06,5.168923396667666e-06,0.26222913987705004,0.29658038352074845
12.51257580533755,43.729934247271814,4.100900940905376,60.0,-0.060052376043588464,0.00198622529144516,0.8621213387633715,110.5184675602712,45.68405690627753,16.41992344756269,0.7315078003410087,0.0,60.32191091676816,1.141742190194378,2.977932421346449e-06,1.4552344426323616e-07,1.3159571824855623e-07,20.463592216520738,22.629402088309362
18.015,54.79072545814488,70.0,140.0,-0.12169559567384035,0.05794408380771977,0.8040709585633914,66.29253831066987,39.9080244450052,16.51851298492015,0.7367376270308288,0.23116730015769166,64.1726775493274,0.9998275050493683,2.9740064776234835e-06,1.6034006811416125e-06,1.4835992710468382e-06,1.8548117838555533,2.0045887967611384
18.015,67.83404459372784,64.54775956178457,104.89161761496722,-0.18120443747868348,-0.0034773585443662433,0.8835142683563958,103.31268817844845,49.169717949889645,18.3148650180058,0.7375375655384337,0.3300269228308448,83.5813172557147,1.4458116924060829,6.6861429054685646e-06,0.0001607348632047489,0.00014691221397189578,0.041597340938733095,0.04551114386410118
17.187926904690478,52.611390748371136,70.0,111.56857030848289,-0.2586239896866074,0.09209984480057445,0.8553229034023917,64.72411357303272,38.45757262249855,16.37858926483355,0.7347213791973165,0.0,58.59797930689628,1.0900700417968612,2.359981928227975e-06,1.7969155986756616e-06,1.6826565775351685e-06,1.3133515730885172,1.4025333272015514
18.015,60.981782017127905,55.0436833087526,60.0,-0.09123276884441214,0.02715694816804822,0.7894788689396958,112.7265491536963,49.61247982184233,16.5343229283185,0.7263755688685206,0.0,71.58011782288567,1.2540961875795615,4.7047813449836606e-06,2.815881041063744e-06,2.5664705005844045e-06,1.6708025929981596,1.8331717991351728
18.015,57.770900742571456,70.0,60.0,-0.11036661026790726,0.022350221645292254,0.8364413370154987,71.8519995847342,42.21983730639196,15.524659941045053,0.7357051342513333,0.3124366634199481,63.20830531731967,1.0336986120128395,3.043986828253192e-06,7.536254001796618e-05,6.941951789639358e-05,0.04039124514019188,0.043849149641117434
14.925578653395213,48.313946023961996,13.858859302275125,140.0,-0.10072338894526925,0.07907355305966769,0.8293906495881785,121.09005051343814,51.667580096591614,17.96192100095659,0.7308574661476085,0.0,55.37452207189439,1.2479191603742583,2.8177181304923875e-06,8.880843568144491e-05,8.263354995957616e-05,0.031728045977518604,0.03409896019075543
17.035131190583616,52.32131262973237,70.0,60.0,-0.23493020736264006,0.06750447008800085,0.7954274585129248,65.4551898323086,39.39717757167503,15.454949995466725,0.735971270697106,0.4133573765987664,63.71053357535985,0.9176835213793902,2.892353147007257e-06,3.6731510224961696e-07,3.430850211845395e-07,7.874310447060506,8.430426770078984
18.015,60.63217856553272,66.08066733919212,140.0,0.04185325013449985,0.09441906756744202,0.8344239895067056,87.55838002431618,43.30631631666892,17.307743436621575,0.7370638706937603,0.2120350248310386,76.20390469359529,0.7222213461423539,4.75458240089639e-06,5.9677095114818065e-05,5.4042871944766385e-05,0.07967181364556412,0.08797797433407559
17.194267485849995,52.623716357933,52.596786939755496,60.0,-0.13644452451184824,-0.015147410038910073,0.8397272809729444,101.76831558255829,45.57629424879253,15.95686726329779,0.7296253390761265,0.0,59.07999246622493,1.0983197357532068,2.8448563290975184e-06,2.400579939311078e-05,2.2246264623580142e-05,0.11850704417341501,0.1278801802115617
4.587778176595525,28.674429856532257,12.231457549508043,60.0,-0.011652836034264535,0.04080512815429577,0.8039409138709437,46.37520368709316,31.08157941193833,14.191701869358232,0.7346052516830318,0.14063614922448847,71.08387745382879,0.8749141203429741,2.9080863039170916e-06,7.32232299438878e-06,6.18205278581884e-06,0.39715351346090677,0.4704078733504219
18.015,63.019284443030365,57.681576392516305,60.0,0.013665904584019936,-0.026792767530294047,0.8422264675382329,110.51243469421604,49.146113238530944,16.287429279475894,0.7286536023460257,0.0,51.99210384708532,1.243693217212486,2.3639142769886467e-06,1.6395741325240055e-07,1.470453656182502e-07,14.417855405839882,16.076088267383348
16.769353294590903,51.81697391601835,1.223895328473212,60.0,-0.13703776200618714,0.00933222263819239,0.8282553146530726,127.33416659140556,54.40405977205542,18.497833582962222,0.7359724537576193,0.26964116415157213,64.48267086795279,1.149305106134522,4.092133956351428e-06,2.9944448887143337e-06,2.768454706959739e-06,1.36657514445303,1.4781292777028407
4.653943581644151,28.79989569621802,18.028769851285123,140.0,-0.3348757512770513,0.0033758990302187814,0.8193005403391715,41.35670543258099,29.52546750116473,14.080635337737213,0.7358257867118648,0.3230872626925255,55.43693480729274,1.3317856834240396,1.612449598746072e-06,5.328894901033616e-07,4.7410446909265715e-07,3.0258611376128175,3.4010428162214628
16.70515565228957,51.69496612697995,15.131704642177823,60.0,-0.20351336485622246,0.07753398734329789,0.8807422816296532,126.07307425056194,53.61058234479092,17.91670097639791,0.7343405577687001,0.0,63.43469725892728,0.6157500756204489,3.910591633616675e-06,7.507309052338138e-05,7.020581355364597e-05,0.05209045753083427,0.05570182062812357
0.7206000000000001,19.21598051148744,0.0,140.0,-0.018103915711757193,-0.04513877002662634,0.8701646721638765,17.843783667120302,24.83172896584593,12.551070150387414,0.7329673094669538,0.0676911406114484,70.17303221085868,0.9418382068022223,2.2557578805913346e-06,3.0302317213743807e-07,2.321690112301911e-07,7.444176181906713,9.716016227311206
18.015,56.11825247732508,25.125624123505506,60.379753814240914,-0.08723973487793507,0.03534931801054201,0.8026364198444578,130.28114141228875,56.11901556150582,18.580253735666933,0.7359702107161701,0.4278341485027076,68.59563265627901,1.2859555593244691,4.8339928128689054e-06,1.1357908792317974e-06,1.0442529562906157e-06,4.2560588408126865,4.62913969622855
18.015,54.490766850234515,70.0,97.22750550772022,-0.0907461234671259,0.052910877974106256,0.7934565321892311,69.0389038696423,39.72495798864283,15.481976865819663,0.7354002332744346,0.24755348377525557,69.02804076033618,0.9271880314630344,3.4783703951492645e-06,3.2633598117901157e-06,3.0129659943182035e-06,1.0658862631642219,1.1544671933598694
18.015,54.59345059856005,65.56556389343393,74.06349802130447,-0.1550094262570167,0.08708976117366302,0.8616076399047626,80.50913619460219,41.86163225972337,15.812238631837811,0.7424859836407182,0.9566538977568764,71.56922392951525,1.1666326523718096,3.970322125410728e-06,3.425225966640168e-05,3.187389077285175e-05,0.11591416636681783,0.12456346022219565
0.7206000000000001,19.0959,0.0,89.44766954754886,-0.11194081905667892,0.11412866328526138,0.8185592911755737,16.851854774207617,24.73830018468101,12.576770858228468,0.7327219855546653,0.05421268297796942,60.9612789239979,0.798379979348603,1.6545127314854635e-06,5.719713929355512e-06,4.479380378693401e-06,0.2892649443521892,0.3693619633990698
9.514791838609295,38.034339628867976,31.459726352932297,140.0,-0.09210280844109538,0.07677310709828004,0.8299398442663453,80.43804884544443,38.046512343723336,15.678373956305082,0.7283944518180816,0.0,42.56092693505201,0.8875841999483415,1.2793139040352698e-06,1.4788610839508844e-06,1.321550607676129e-06,0.8650669883188015,0.9680400406949757
18.015,67.49758188475892,70.0,60.0,-0.11603557045640124,0.013467096253951318,0.7907761258576771,84.98219394904505,44.65317426210547,15.978499853582525,0.7334580385934756,0.25539655455251886,70.29392746283848,1.0402318169217066,4.069494562075592e-06,2.7940545015763525e-05,2.5324942536292643e-05,0.1456483601082105,0.16069116667268582
18.015,64.40499036253765,70.0,70.2270782529173,-0.1281169141747335,0.11065435755386435,0.85043952393386,82.82381237507752,45.23924757347263,15.95899701944041,0.740753060756464,1.110495055298311,68.78126014860553,0.7061155891679078,3.9362775128534506e-06,8.153172618439021e-07,7.410215015391959e-07,4.827908958963115,5.311961265195817
14.849371198869616,48.16876148278238,55.592784035851665,140.0,-0.22880570546097478,0.04248013315729374,0.7526624039432549,82.02114731676373,40.633901393693066,15.95666454586182,0.7287397561616284,0.0,65.03507378208465,1.3805545575091662,3.1087800148479794e-06,1.2644803468867908e-05,1.1748354848285758e-05,0.24585435609987452,0.26461407192698067
12.980010371630145,44.61826483416141,0.0,82.1109116339372,0.014448251087007383,0.0028265052665822194,0.8421132971965652,113.05780987862951,46.98134572362678,16.879616544313215,0.7306490314104099,0.0,69.3294789298125,1.1505108328778666,4.147903395427767e-06,3.543026960871605e-05,3.192352301280188e-05,0.11707230685050614,0.12993250756704974
8.675023010851428,36.43904550448182,25.58986991733351,140.0,-0.0852999602458073,0.07443706100096696,0.8254489068909944,76.65719081299834,36.86589231791232,14.860996366633856,0.7289307275236946,0.0,77.47062392436563,0.6474330325606925,4.207022280029113e-06,1.5856922113722243e-06,1.4094744568124714e-06,2.6531140468858365,2.984816262327521
13.55424575598426,45.70876613494869,22.61089824634257,60.0,-0.09929406901797144,0.05713986057691309,0.8144222345900283,110.68981042921831,46.349604771878624,16.86285544711492,0.7275472200474351,0.0,69.26846499958799,0.9597206155154354,4.089183447486927e-06,3.633860099856666e-07,3.3140350829308455e-07,11.253001863357978,12.338986598387368
10.71554281496765,40.3154579931105,53.94102536061686,64.32669616136673,-0.09081309819405906,0.10720137152879357,0.8342489626214004,65.9030076751159,36.120418186860064,14.515170310262317,0.7388130227795866,0.3509797100596168,63.60774442489143,1.0478632577140428,2.6396027684969703e-06,5.60981196673465e-05,5.078112470293536e-05,0.04705331986436305,0.051979998157551444
7.466747488851554,34.14405321937035,0.0,79.94506148021941,-0.0844393504427158,-0.027995032252301252,0.8128232998506896,73.34402769080128,36.11419773409955,14.857941500568202,0.7296776284431384,0.0,55.841143608324536,1.1954194437491399,2.004515767551012e-06,2.585808777726409e-05,2.278725326851648e-05,0.07751987636585785,0.08796653742908576
18.015,66.48769312874944,55.41285915258647,110.41388418933387,-0.2121302182364604,0.006706988733004,0.8252210256190364,122.14295102164482,54.65760611413789,19.003818494131345,0.738088486516722,0.5834232320579719,65.45505934965628,1.199210956359914,4.246379406605292e-06,5.395709424778016e-07,4.936321510663339e-07,7.869918619236972,8.602315301854532
18.015,60.02349467692393,11.566925898850862,60.0,-0.020655068405237773,-0.020993398108671565,0.8614446006082817,138.00906241712843,61.78484741191329,20.372828247949112,0.7352157932288289,0.8709065399396759,64.13404263613644,0.8554192383897385,4.6040254874205435e-06,2.9829867512950275e-06,2.704472721644759e-06,1.5434280710169972,1.7023745333325262
7.172766532736767,33.58530825359655,15.623829051587514,60.0,-0.13696430227951809,-0.05434475650200862,0.8166526323107669,69.14640126454644,36.006060062725396,15.04778401184293,0.7308515381765595,0.0,88.26139489525428,1.010994768139942,5.589168215795887e-06,7.881928281627157e-07,6.964824289695128e-07,7.091117828138942,8.02485171674093
18.015,59.382702701962884,0.0,60.0,-0.019011439394544,0.024809117145821923,0.8046282481268411,137.79459657207198,61.780804164485964,20.37484448032512,0.7335929315424259,0.8782334776655073,50.04000454725603,1.2184415032405351,2.7605988242907164e-06,4.453820579731876e-07,4.039142524904292e-07,6.198271292861346,6.834616028698143
14.267092649588452,47.06271645325499,51.796430122166186,60.0,-0.17393908004294098,0.07494510421398193,0.8055700937685203,88.20523991094387,42.011550983531464,15.308981897721484,0.7315378382385787,0.0,88.78735562656423,1.127429348913804,6.61330106106063e-06,4.654182313722611e-06,4.289601798241596e-06,1.4209372592821858,1.5417051213871578
15.309063550724684,49.04209947443006,57.43862005345478,131.84951519241366,-0.10704613865135777,0.07059940515981941,0.8277629093634122,82.55534416198647,40.969452932823536,15.728065723593824,0.7306827543814821,0.0,50.48759534153985,1.2048861494073082,1.8625178288134128e-06,1.1347281607282759e-05,1.0424814829954632e-05,0.164137799102301,0.17866195795264003
18.015,63.888113253250545,70.0,60.0,-0.07491680473218879,0.013904803035135162,0.85511305755819,81.49758296011363,43.16611511600132,16.59618656495479,0.735206261600872,0.14172852599785385,45.03209967673881,1.0351344822125155,1.5938839904419954e-06,7.965942068183578e-06,7.205505460711385e-06,0.20008731883803899,0.22120363368437923
9.346269093739828,37.71420851899818,39.69809579525196,114.31179681669379,-0.15030697306319638,0.10335439449812205,0.8484208113250102,73.29333150034654,37.49907994010424,15.628060938394364,0.7341331753184905,0.0,60.67865751496267,1.188252970178428,2.4740896351390074e-06,1.8857663329906464e-05,1.6998026264511588e-05,0.13119810189926,0.14555158326260514
4.611758465794877,28.719827615021018,24.666649675018533,60.0,-0.23824153616512828,0.06943426101185722,0.826784614904047,41.63634063090283,29.893432655584185,13.859951650087442,0.7362199965047853,0.30277396374827575,62.29748885648951,1.2388574829014392,2.0854529550590915e-06,2.508445425481699e-07,2.1922830582720275e-07,8.313726636722103,9.51269931677007
12.35419112383497,43.42892068429198,25.342399448343333,60.0,-0.0730453878758765,0.06823707416405694,0.8052993932251368,102.35999109602615,44.34138408838809,16.22921947836452,0.7291221493383827,0.0,54.3489669590376,0.7254758432664659,2.344515803763301e-06,3.0359501556283853e-06,2.7485884772998707e-06,0.7722510856829367,0.8529890244124438
18.015,61.56432499869668,32.11386785309512,60.0,-0.14134005767534158,0.015213006136000913,0.8284470244491069,136.25982203112483,58.89608342592372,19.410454275549558,0.7360256511370924,0.45156549068499185,69.83451323624274,1.46901789468842,5.275756059193846e-06,6.507459169125736e-07,5.952953955760031e-07,8.107244197895803,8.8624170427004
18.015,57.727622790345265,50.755297879124306,78.11580909488349,-0.08834228272140203,0.04021051904414848,0.8260165147981308,113.63762570546854,49.15613978992248,17.90041508854121,0.7317284806300571,0.0,62.13614142285958,0.8804782105652458,3.42097603754291e-06,1.152218805980129e-05,1.0595937328558304e-05,0.2969033329249365,0.32285733026399205
8.355688276911588,35.83250190712681,22.423234804735102,81.48390687978055,-0.2739718814400281,-0.0013555080163330493,0.8060999374962422,75.12874921048733,37.75378240135891,14.755404770191042,0.7315797759239212,0.0,41.01533987329381,1.5111973775141436,1.176966500839465e-06,5.541236943636566e-06,5.03616411918975e-06,0.21240140293785262,0.23370296777159497
11.237947038334763,41.30808304919159,37.7726841835086,60.0,-0.15111374209366202,-0.016864794639971616,0.8134285414518289,85.25186814912827,40.68628146085534,15.310368591656557,0.7330751753629896,0.0,67.75559962883528,0.7602566231331036,3.4224305322894086e-06,5.262793446839737e-06,4.79208285854163e-06,0.6503068316968719,0.7141843397363445
9.820075982317906,38.61439328848328,38.6710414476006,70.98884698719957,-0.20547217627440306,-0.029033568820583836,0.792648589088215,76.00941984866662,38.58810232200202,14.827658778719904,0.731486918537304,0.0,61.95870748857435,0.7793247259469099,2.6718474180458684e-06,4.290996915279039e-06,3.896904518931692e-06,0.6226635606593348,0.6856332776606844
18.015,56.55010557278468,0.0,77.6138634471941,-0.13315542606727987,0.012749125734154654,0.8888873970741346,134.6423319170932,59.07317765959296,19.93011674341914,0.7385647817297561,1.16502425854808,44.748510034861816,0.9360959001685112,2.1617015358625884e-06,4.238001793768151e-06,3.910488159231279e-06,0.5100756538237673,0.5527958269761222
3.9324055190414042,27.429517474933164,0.0,140.0,-0.07096024804438683,0.029794068986818748,0.8225367421562578,43.099713860266824,29.596924861192157,14.17143247050231,0.7358504025727419,0.3015477650239098,59.89598086642937,1.117158154793979,1.9010744507777539e-06,2.348291339064558e-06,1.974274122692184e-06,0.8095564716152499,0.9629232480570566
3.6053408630745283,26.807739010704484,32.83247514824998,68.83880478551538,-0.05012133456035969,-0.01373435225617127,0.8885241815617853,35.649374708875335,29.65963754148029,12.57763834045178,0.734723037522085,0.3049626105083709,71.38992383208172,0.797965944946636,2.803592670863528e-06,1.144781876107194e-06,9.531301954493763e-07,2.4490190920886032,2.9414582438464314
17.190475057200427,52.61693131087053,7.536261157729093,60.0,-0.056950512056910776,0.029663009811538143,0.8212141961619508,129.8430273453247,55.288085369172926,18.547752895960823,0.73727938105144,0.5273033752369289,46.53126476578556,1.2211660158020865,2.1572541564223126e-06,6.481939498564467e-06,5.964018464419582e-06,0.3328099802381791,0.3617115153637031
15.799815992068657,49.974084955746584,70.0,119.1875916917384,-0.16133877627875837,0.022425400206906566,0.7705699339059786,58.862768562055514,36.56647261267533,15.391837691422804,0.730254776656909,0.0,46.77086202560926,1.1077559450728924,1.4430057173812672e-06,2.0697679914710005e-05,1.9183637501713012e-05,0.06971823524798601,0.07522065183166714
15.336103424942086,49.09348188507148,63.72880489056723,60.0,-0.330521786219946,-0.011032605550834991,0.8406337346000448,69.48329226462641,40.03768238847137,15.537309508711308,0.737786249734001,0.3527788178756343,78.77459524072646,0.8804326538111823,4.744105548778571e-06,1.8965447909132949e-06,1.7815194828213894e-06,2.501446615713206,2.6629546263874357
9.354272685692516,37.729394685093254,40.37509254003368,123.92981512660907,-0.15846987741403173,0.027560416722517998,0.8531146745042345,72.31914905960117,36.33030579867666,15.623383472383923,0.734329942361042,0.0,48.81956962018734,0.7839199818641802,1.560652069488087e-06,1.8347601671787888e-06,1.6519822393306106e-06,0.8506027640047458,0.9447147991860186
15.101399915604988,48.64765806539352,56.044900978673056,67.34830266746246,-0.2315769725970479,0.01365937888826123,0.7798864800000839,85.5828830192524,42.598971667018844,15.26737526246175,0.7328366966644879,0.06616165679501435,66.12851433821064,0.8016963723239807,3.3951769213408886e-06,7.489191339162365e-06,6.964551247213959e-06,0.45334359446618505,0.48749399650107633
18.015,54.23475901260734,10.838856232553706,135.47185781110267,-0.03736011524360135,0.059071037747506216,0.8133419401762965,131.62809090068055,56.97590985771443,19.07791455680172,0.7390382585726745,1.0498091114418764,50.73903490113831,0.6253201595385677,2.63968384374146e-06,1.9129220889845466e-05,1.7603625147471964e-05,0.13799222973804995,0.14995115049473443
18.015,54.53737680719648,30.22218575610461,60.0,-0.03178179752223739,0.04994458075672284,0.8369485456151072,126.9303128877593,55.04158967970266,18.614074893478946,0.7328565214307096,0.0,53.76391754561704,1.3869551914089921,2.824219330591819e-06,2.7240291630003576e-05,2.5042291837158757e-05,0.1036780137655027,0.11277798968867254
14.045965647629338,46.64286201597821,12.17621144484768,140.0,-0.21796957154773183,-0.001344479234936839,0.8090330902003267,116.30612466510624,49.673199369050174,16.843174123304472,0.7287866199201122,0.0,54.49443382920024,0.9073679050595441,2.6336822918565787e-06,3.734295264731664e-05,3.46577992363766e-05,0.0705268894168664,0.07599104241715045
18.015,55.04282218419865,63.84893286632786,96.50098043399694,-0.22266181102257387,-0.013216480019842257,0.7745665724858399,86.96047744910152,43.08094914922269,16.057315059173227,0.733422681781865,0.14990018715944858,56.41651707994401,1.1651195111676698,2.4425612185581645e-06,7.928685992756281e-07,7.399879187259067e-07,3.080663329068285,3.3008122926705443
18.015,63.1132568746783,70.0,60.0,-0.13199949017153637,0.06345028695280683,0.8502621292635498,80.45260281524384,43.0866662360542,16.55910235983623,0.7354217735360157,0.16033075146172399,71.99304120679395,0.9805123079838097,4.1462077906259776e-06,2.3209042701992798e-05,2.1171381136877685e-05,0.17864622181379208,0.1958402129657873
18.015,54.71945570363914,70.0,140.0,-0.20682789872127522,-0.026334479034276475,0.8156305020641381,65.83472092656945,39.766271463269035,16.448383053715705,0.7368605111130592,0.23726684734207557,51.382133253465575,0.845504178874141,1.8800905569479038e-06,9.052086276934547e-07,8.441646936822681e-07,2.076969329974823,2.227160850268329
18.015,56.37676438921057,70.0,85.76771297516422,-0.1376169716377459,-0.007949118414325749,0.8936801868615821,72.35479866696473,40.0803040439642,16.86312048818907,0.7424999997926254,0.9886186826308473,52.36404222015127,1.3108963925787709,1.953382104059658e-06,7.0018256459015855e-06,6.46991403690789e-06,0.27898182600462795,0.30191778328375146
18.015,59.86702851162303,21.274882693016696,122.92136263138472,-0.013904951262583759,-0.04701578000343643,0.7927051103274857,137.16482309517818,60.95021735005264,20.28568301335414,0.7344149164513134,1.2323570221083209,60.234181855236336,1.3101019858302092,3.955039333405296e-06,4.589333625390721e-05,4.170100464681428e-05,0.08617894570845405,0.09484278297135554
18.015,59.22510812713438,70.0,140.0,-0.10085343296349339,0.01305426363613804,0.8149781161733649,73.80406455108532,40.646315242149306,17.143179288535073,0.7374037473439815,0.2959618443349335,58.66092199526417,1.1581898740961787,2.498206616654766e-06,6.0760970565216223e-05,5.570202274474877e-05,0.041115317833400646,0.044849477515433334
18.015,55.071704240002994,28.414208201481202,79.88009715329753,-0.195119251730214,0.05899778996838346,0.8525122937893214,128.67024608880487,54.55440497490144,18.863100085139614,0.7352330793938345,0.03527965337177555,53.86760599855498,0.9968831246695993,2.823132071318003e-06,3.4361061930066624e-05,3.2034532683240574e-05,0.08216079226724088,0.0881277744624311
18.015,58.85869600558277,33.322450023807214,68.02899423358589,-0.12486953725934441,0.0031734760877818917,0.7956094550083072,130.67029714262418,55.83406277782102,18.898281989574492,0.7319719332486124,0.0,63.825548216654695,1.2220832431790443,4.104931985905657e-06,5.313107404859743e-08,4.87640150367087e-08,77.26047439114437,84.17953244447848
3.520560690057221,26.647029796155017,0.0,60.30148348021816,-0.12385018395742683,0.013066943186445057,0.7834265429240287,42.28788389694346,29.463082126266592,13.896993842974855,0.7336036684619408,0.36097739125163486,62.98038440110984,1.4010815107344086,2.1017283922297016e-06,5.361477887921984e-07,4.515684845066173e-07,3.920054201779605,4.654284929839701
11.598848978427673,41.993723312966274,24.507037648958278,140.0,-0.010685721300554119,-0.014331504799816472,0.882990851865906,98.1090735852351,43.67034386926165,15.88669928715004,0.7326766199112082,0.0,63.63012867397385,1.1054338251173,3.192267934208357e-06,1.4694923217364684e-05,1.3171323289309013e-05,0.21723610848378713,0.2423650125420183
14.00254793132685,46.5605414622007,17.671175819090468,60.0,-0.12234785044040408,-0.01826257718344972,0.7886269618925585,114.58877330084381,48.856596282906736,16.854899089259632,0.7268211330595572,0.0,56.55609470810229,0.476320184313045,2.808889433215578e-06,1.320698218610328e-06,1.209800450672365e-06,2.126821550627336,2.3217791261810947
6.103537579614427,31.55372377301034,27.804044155326995,140.0,-0.16759166455354246,-0.0022289098995303827,0.8258436078558432,52.58883133668753,33.59464053072904,14.139217058665864,0.7353347649026428,0.13070687447405305,58.34879343336451,0.7849433732221076,2.0502552043882115e-06,2.7019195913620498e-05,2.4227451373454398e-05,0.07588142929726005,0.08462529437308626
8.223376437119644,35.58107423757424,31.854352839531728,60.0,-0.0068105472345602325,-0.022730721962268836,0.8121751547485093,70.34814269428826,36.42278917324104,15.14380151757465,0.7303177026233845,0.0,58.66952768127768,0.9165407365641736,2.244895924926826e-06,2.5442966976022686e-05,2.2383091654951646e-05,0.08823247410737921,0.10029427388911237
10.359498258557275,39.63942882787764,2.250913702877405,140.0,-0.1679110724062689,0.02364997698799627,0.7886854883508985,93.87999128565806,42.661592556844006,16.15962323723995,0.7310543822814944,0.0,66.17117685820905,1.1924679950643504,3.3947863806830497e-06,3.7840414489716623e-07,3.430854912169308e-07,8.971324512329549,9.894870134675989
12.73470305956155,44.15138367734,47.97712997253087,140.0,-0.1636785915865364,-0.017319305466564117,0.8229845787646223,81.95612535991374,38.42689478030479,15.681068196868365,0.7294903706781551,0.0,50.920199248871675,1.3353614305607773,1.7728090387149385e-06,1.3505786105871759e-06,1.2366900443770659e-06,1.3126292870462344,1.4335112074165048
18.015,63.99604042107473,65.71774367304232,60.0,-0.28556185983051946,-0.01652202824986444,0.837243169867832,91.85541244572161,44.955663868094135,15.899362312741808,0.7334271009242537,0.0,67.27247771080206,0.7391368744868656,3.7228371294885255e-06,3.8379508316927234e-06,3.555196557457999e-06,0.9700064677083351,1.0471536719056656
18.015,56.44533711907879,61.83020787929351,140.0,-0.02733072370821353,0.015803448957213622,0.860800298628148,91.55472450874302,43.42992478938443,17.03320048918681,0.7358014521389479,0.08138140541739843,65.75624436665309,1.1779264834932839,3.408781458127873e-06,1.6665681190179835e-05,1.5232163003744755e-05,0.20453898158909217,0.22378840465991864
10.190706537855064,39.31828143756447,57.19390703517623,131.84631565966183,-0.07081153149759961,-0.04400198021056949,0.8191830786533647,59.295779618907176,34.010423324669155,15.24688702615044,0.735358610195437,0.14667106760647133,76.74354582455985,1.116979850533461,3.7874374884342717e-06,4.064547155871692e-06,3.6415791276005512e-06,0.9318227451151344,1.0400536019465343
16.44503800818326,51.20083251831479,3.122707730596069,60.0,-0.17729159457144128,0.035217554260831604,0.818274682717902,126.89397115933757,54.02373116128538,17.927410681247025,0.7340927668897622,0.02443401734503223,59.98227448860754,1.1245319352405534,3.480368054717547e-06,0.00021322886982075965,0.00019983503522658783,0.016322217801197123,0.017416205575620146
18.015,56.099833358833955,45.46323960880338,88.83120055416806,-0.22346206893170767,0.09943727861331955,0.745872225296045,116.72337427982679,50.59413221666447,17.51710545266749,0.7286466834387524,0.0,71.80310933564743,1.0345030179047154,4.837945451880453e-06,4.689900395595633e-06,4.3723053651894494e-06,1.0315667804851147,1.1064976134554196
18.015,61.26181203621036,60.16045477799023,90.3926341860157,-0.16459074014436148,0.03625275334033143,0.7981664073771537,105.55144443517504,50.0511478615819,17.529022502720444,0.7332394609338573,0.008961369609721962,75.10586003599508,0.7911705076815628,5.311949546496459e-06,3.945621895941974e-06,3.6205740539999515e-06,1.346289555002657,1.467156718042517
9.037289803138577,37.128018873094504,0.0,77.57218939836633,-0.1622774056924789,0.1006017994926929,0.7873094432399405,87.87835650128103,40.228407940132705,15.612294376739516,0.7291100777268794,0.0,65.00155054151966,1.1548643043155462,3.0791380676975494e-06,1.2349203515784164e-05,1.1109144315629442e-05,0.249339000994027,0.2771714886596183
13.455296687711026,45.5206617899939,24.326011811414936,107.02036503658788,-0.0547264364508188,0.12332004332184594,0.8186018024224564,109.62660299005658,46.03429808769021,17.194085575685904,0.7304870925667757,0.0,64.20621322553222,1.3266353689666632,3.4258954853667756e-06,1.0120919736928965e-07,9.182200197187354e-08,33.84964582681603,37.310180695212665
18.015,60.52527670288806,70.0,133.14824710186866,-0.05168495493698759,0.043044564336952994,0.82768372276805,76.52675189910258,41.795208083378604,16.573158216382772,0.7373831859498414,0.2578627021744698,70.95811409187357,0.9857564564874225,3.892043341814639e-06,5.199057480269763e-05,4.766906530716814e-05,0.07486055610242441,0.08164715034237058
14.57426055832457,47.64605680859475,68.4463095557843,96.5208205826787,-0.20052446361682114,0.041410506227457775,0.8257362272173857,60.644851267184926,36.997681821912515,15.037390933478617,0.7362766486718162,0.24378757136797552,71.00766314640656,0.9727481566069319,3.4510141113498493e-06,6.88677767349634e-07,6.369716578056683e-07,5.011072340306592,5.417845627917575
14.674557908258963,47.83659089014407,70.0,71.77446795163183,-0.04246304346244352,0.0547981211001006,0.7826524270307199,57.8676868448818,35.941431834600905,12.661413916770382,0.7327619424072992,0.22250650369780528,80.5466422560769,1.5107542627920694,4.475451317622991e-06,1.7963556114252878e-05,1.6370818695395098e-05,0.2491406094181998,0.2733798108021243
0.7206000000000001,19.0959,2.8528218060686896,140.0,-0.24438016922455325,0.028170590234078138,0.7644129653178573,15.47085225449726,24.594632659999125,12.59926481139618,0.7300429199247983,0.037005500071909836,47.92296915369677,0.9382032690334029,1.0179185120704656e-06,5.7094761907447456e-08,4.611212156777349e-08,17.828579681627293,22.074857487838106
13.909208224434774,46.382927946846245,31.603717244481263,110.65568747070414,-0.274603254478036,0.0077989450555271435,0.7643005799727497,105.4000675332217,46.597029935311184,16.780739965068694,0.726701714441719,0.0,56.60792009025187,0.11033206808182527,2.7012454492789327e-06,5.9298371185542185e-06,5.520863746512539e-06,0.4555345105225312,0.48927949924235603
10.016997924226763,38.98931469249827,0.0,60.0,-0.0936805640355074,-0.00033104667319338855,0.8244206387425729,93.07341841234785,42.503724681954054,15.899450024085489,0.7314215612431938,0.0,60.239409278978684,1.0225875487309055,2.7657107615841923e-06,3.521874550803173e-06,3.159236528935301e-06,0.7852950812667261,0.8754364341679313
18.015,55.145362032908594,5.074349173117838,129.25343739831266,-0.16279833599278698,-0.0014126120662647302,0.8582254915614458,133.22916937929458,58.22042707903593,18.98928615982622,0.7396466078075248,1.121843556928715,71.9659826631095,0.8480952178389192,5.602479919375668e-06,5.762811361324415e-05,5.4926509462863175e-05,0.09721782595514458,0.10199956221801439
13.893287752948366,46.35259766153206,42.74358271825692,89.20319546561527,-0.039037887236196445,-0.022659582248052125,0.8700442691784663,98.9240861813066,43.77384329905961,16.83105225017957,0.7290752841550894,0.0,62.89378722897164,0.9835878435071429,3.1236442659824113e-06,1.2749083428066474e-05,1.1581521723104124e-05,0.2450093203646204,0.26970931287475064
10.119410233850335,39.1827168491649,70.0,67.91921443605762,-0.17806583944965748,0.002891472291893584,0.8037077293361756,41.85782627504446,30.70227004435839,12.649216641304077,0.732775532659888,0.23243380093250948,64.84085622995921,0.6654167260634969,2.3470682282931385e-06,2.752303616072809e-05,2.4980117852619964e-05,0.08527650127648743,0.09395745216818396
16.65236862973799,51.59504255262044,0.0,60.0,-0.1879782065615035,0.0025864098539972557,0.8603089552006311,127.27672067940676,54.26414259535083,18.466255768927418,0.7360246363651737,0.16450039253584142,74.5157963226335,0.9537542782693287,5.650147047233453e-06,8.044181183368048e-08,7.473479694773263e-08,70.23893319205139,75.60262793227368
17.935300532439253,54.03166339195032,34.30875952846549,88.7550711727861,-0.25119673196285913,0.033011331482248885,0.858656558736802,124.1419211436759,52.99908810444174,17.861381325194234,0.7342776964839297,0.0,67.0795257673487,0.953935504113861,4.3536899277801e-06,1.3688836468684588e-06,1.282807074511215e-06,3.1804674836607667,3.3938773914534086
11.253809926559981,41.33875639672939,0.0,60.0,-0.039882304213264455,0.049019261390601705,0.7782068253875402,102.95230956096,44.37735869416057,16.25345250200515,0.731027048996657,0.0,60.704579807491214,0.28193498009175244,2.960729677082326e-06,9.468035292296337e-06,8.49822684318834e-06,0.3127079257394955,0.3483938157588093
17.913265543684552,53.989935344271935,27.72725290624787,60.0,-0.13536349053415572,0.013517221484633052,0.8671881817733037,126.50038781178228,54.727020829301,17.55929253787402,0.7332891687546522,0.0,68.23661420196294,0.8605653292604029,4.672650525613041e-06,6.593946703620927e-07,6.112027903285679e-07,7.086272812983388,7.645008497263464
18.015,59.081418662821235,42.25712114271576,140.0,-0.15194876756357883,-0.03266393850813085,0.8653178267951825,126.77414200134373,53.666604080849986,18.75585977077097,0.7397518092992026,0.6201794567724441,80.41553855246204,1.4604192662697995,6.658132082297073e-06,4.156992636218317e-06,3.82413615957172e-06,1.6016704057368942,1.7410813330042996
8.722319594643125,36.52911612807824,16.475368112995163,60.0,-0.07359389729978369,-0.00018691877875090602,0.796326036638796,82.9975130378407,39.46148766529247,14.86476694825323,0.7289584419036712,0.0,62.19159628285232,0.7269723481292545,2.7557703387706603e-06,2.7299210761411755e-06,2.422231586502384e-06,1.0094688681132216,1.1376989525390073
4.601470464603233,28.700008725226862,46.98525314052972,106.68421823960888,-0.07595847316570231,0.04900682841401376,0.8272773385996224,32.985096183142346,29.441157180515024,13.225771938421904,0.7346036392956181,0.2541824832379046,56.29551831482226,0.7763749165572684,1.6696406844738413e-06,5.949688035832324e-06,5.059770528985768e-06,0.2806265932630985,0.32998347946987255
18.015,60.051173781781316,70.0,60.0,-0.0826964808000009,0.00642751167316243,0.9037551194972985,76.69358205645796,42.87260587979528,16.72781469356762,0.7358163708218977,0.22063947161723987,76.45745107703772,0.9693035748185396,4.73666759373642e-06,2.392871562446423e-06,2.1814625320847256e-06,1.9794909463898462,2.1713265866683487
15.417311091475227,49.2486059241394,0.0,60.0,-0.08193294301554727,0.019587531220453116,0.8713834244031715,124.68392499457411,53.24423116060829,17.966373869492934,0.7323154922598524,0.0,64.78460501385466,1.2992054605349983,4.041533320346669e-06,1.42804741793947e-06,1.3083210979990898e-06,2.8301114301779973,3.089098942551396
16.908040223270657,52.08012504707072,32.97990701135325,60.0,-0.13166263452069568,-0.07641463986788412,0.9056420514931366,120.59268062408519,51.435259760419314,17.58953982737112,0.7297786275751095,0.0,60.341804840735946,0.8363366718893246,3.365260443538125e-06,1.3173997598787192e-05,1.2180772498226935e-05,0.2554471729862721,0.27627643846299416
6.503363352617234,32.31298581714994,64.6715955143182,140.0,-0.11995459426843345,0.042161479986594794,0.8087250351007766,26.475623906196336,27.045165184865436,13.857538287496963,0.7335061986978343,0.19018879067246697,56.604672556589286,1.2982040956438357,1.5417681643778721e-06,3.381123909022834e-06,2.9621842279029476e-06,0.4559928017614276,0.5204835505688157
11.496536699388422,41.79883121157997,70.0,140.0,-0.136709347926388,0.03314758674596158,0.8353911734362977,38.67174823312747,32.31170734402531,13.864161869185052,0.7363262433771641,0.24647176201536347,54.85644743840387,0.5973657414004174,1.7438187405993558e-06,9.028543284265066e-05,8.244115043834815e-05,0.019314508284392688,0.021152285373594263
18.015,65.44382684620791,66.47710637384671,60.0,-0.15518370519831823,-0.029341984053421533,0.846024178677697,92.2096862304745,46.504459443172735,15.959034352806784,0.7336726701742798,0.0,63.47465373779349,1.4959624906630644,3.3718126652968365e-06,2.5731518037523448e-06,2.341920785178706e-06,1.3103823335956433,1.4397637557324732
18.015,58.66385607284638,53.88828288406479,88.47317283342204,-0.15885138724269282,0.009085281204845787,0.8294190892373908,110.68220286548463,50.69035433205339,17.526486193670777,0.7328278774879114,0.0,54.007737795192554,0.7554289112391874,2.6456934523289388e-06,1.8641911760169937e-05,1.7185954960664838e-05,0.14192178819243703,0.15394509402499856
7.617045996455605,34.42937712844056,3.2204268893500334,117.61607438918638,-0.07676127548622416,0.06832765981541708,0.7948396611988857,76.00240056898814,36.947897656469124,14.86586515054351,0.7292976295846073,0.0,67.36008389157314,0.9328430517489704,3.063778186646882e-06,6.141366504196686e-07,5.401297142165127e-07,4.9887564673973745,5.672300756663717
18.015,68.11567170939367,21.025911755052718,60.0,-0.10386794922509503,0.12843239135549203,0.8406933987882165,145.51939715300776,66.31834586626954,20.487229223642487,0.7345094042284648,0.592715089882756,71.62031802266489,0.6033337956500819,6.3235995038309905e-06,6.270426214170101e-05,5.6609741123684686e-05,0.10084800120190757,0.1117051478828489
18.015,55.9185014613538,43.35235641902141,60.0,0.04680487520187092,-0.06499026192831779,0.8171033720289721,120.25159040382174,52.408059272357946,16.159086843200388,0.7276889585125178,0.0,68.72807777309455,1.2320021691271592,4.535333698031169e-06,1.4183970997537263e-06,1.287805791501891e-06,3.19750632514592,3.5217528356833054
15.422193420893807,49.257465005021665,18.202129092373994,60.0,-0.08386322399933253,0.021951298004272164,0.8421979907435245,122.3882417018198,52.59889456980148,17.614617256674226,0.7303808230245451,0.0,46.861427319090375,0.8538185412217082,2.093101521675218e-06,2.174370781776082e-06,1.99420975817378e-06,0.9626240102276938,1.0495894492021738
16.49329945852478,51.29229236181631,19.427045962747584,96.70186692906604,-0.21810488195166206,-0.017532760177787734,0.8021592938106905,124.95170607054824,53.572404980745596,17.9082221678362,0.732050151115498,0.0,59.081728182072986,1.0483725031860425,3.3458355610148726e-06,6.544752018546501e-07,6.094820134754035e-07,5.112241917697497,5.489637900774406
12.60240004400809,43.900486005509606,8.181019690953981,107.13311467883312,-0.09953071156090793,0.08112563101106118,0.8325950127356022,110.1508433196861,45.55161116658864,16.400434722194245,0.7312302799139696,0.0,63.250495400661315,1.1240059306320973,3.2864792238438273e-06,5.021295253894247e-06,4.562829832391074e-06,0.6545082608506263,0.7202721435091528
9.667582588594373,38.325468447240894,0.0,60.0,-0.12792979518942874,0.058557465254703026,0.806020841867385,92.05689432478174,41.36328955308835,15.87344532162041,0.73037913668706,0.0,35.21870493370383,0.871992006927456,1.0445463700983968e-06,1.7987817779397696e-06,1.6162508482972206e-06,0.5806965485800982,0.6462773839833493
6.130761450167253,31.605143337983762,50.28977668043481,140.0,-0.32142296384417346,0.020364304947855245,0.8505751984666953,34.01051449226892,30.113144625236487,13.797692364441021,0.7363958301416486,0.2421133369551219,53.98727099629614,0.5989900196685196,1.5743714050334998e-06,2.9871167432623686e-05,2.7084644704822917e-05,0.052705385840195046,0.058127821951939954
18.015,57.4808040611626,16.49492785583442,75.75195839514271,-0.21572986505167502,-0.050939249976206524,0.8445810332730075,134.89592163209954,59.0973742597217,19.853664881806107,0.7385601983292106,1.102810315408569,68.43938460972868,0.8558186061386953,5.079395058306183e-06,0.0003443129049810377,0.00033538237425184323,0.014752264538518878,0.015145086469248963
13.61324597284687,45.82047716345348,63.59804096598704,60.0,-0.07897929357527408,0.012832198780794139,0.8247186635190572,65.81832987730051,37.22285866129838,15.54185179549657,0.7380776979186681,0.38231618938635825,38.69859285283019,1.054283715748116,1.0697510382406583e-06,1.7108087464227312e-06,1.5572938455727708e-06,0.6252896710269266,0.6869294714557902
3.268772044236296,26.168755475732073,0.0,60.0,0.0880826600393481,0.006413648283830005,0.8060144220110803,43.65513242734297,29.96851747492373,13.968094780618886,0.7349277526957968,0.35659047745827066,61.768794232564154,0.8985789093211113,2.0590375840978896e-06,2.076340822914615e-06,1.6826884700107062e-06,0.9916664746819183,1.2236594121815008
18.015,57.54003243312769,70.0,129.51823509032795,-0.05055445303714945,-0.03339665340772249,0.8698869082296256,72.72291963658527,41.19882225221496,15.462398944591165,0.7355171571638328,0.053039270468482204,67.55613121932603,1.1489408590262926,3.433073006666945e-06,6.410672353566596e-05,5.869757939432744e-05,0.05355246403689536,0.058487471580450194
18.015,59.21927260840103,70.0,60.0,-0.03558529898132669,0.02082348246960664,0.8246643269192687,75.19148799641859,42.29499841608745,15.565962475229748,0.7349004444719399,0.24217538804676644,56.29435502933798,1.0578204619490745,2.390226040406113e-06,7.276443659310665e-07,6.611684872664827e-07,3.284882220379277,3.615154210219848
15.927050015346937,50.216672607673544,14.091425268026843,60.0,-0.1775788283845424,0.07782873291485994,0.8075431286672172,124.4846520933101,52.946764172119984,17.927981271872717,0.7306919163764025,0.0,65.86651527317551,1.0072153366669974,4.17633613522533e-06,2.5353739499990624e-06,2.3489843442903483e-06,1.6472268854962695,1.7779327245737957
18.015,58.23383518235076,54.09814846691275,136.69357871035336,-0.06740338835545018,0.09899931125017015,0.8518679262658829,112.3967960396915,47.65002173905893,18.385170881532144,0.7395358301142295,0.43413492286447986,67.3169322011311,0.767035170258719,3.9508003796821725e-06,6.18968299773772e-08,5.653680558016642e-08,63.82879997450853,69.88014867730953
11.618049186444907,42.03025735741041,27.59064060243251,89.52411038344697,-0.15456969085777655,0.006656806084052041,0.8158538250524621,96.31497642196457,42.70304598937322,16.16623399288736,0.7300609764936373,0.0,55.695207238975925,1.2119058902833928,2.3572216026178464e-06,7.044807815467487e-07,6.414725270077392e-07,3.3460410338552626,3.6747039091658666
10.756903421548273,40.39455824990865,0.0,83.243820768874,-0.16343480273741937,0.08250899496860638,0.8172676636389505,96.4119598772803,43.10939004948839,16.165834104913547,0.7331260085692399,0.0,80.76173375264567,1.170044997894444,5.4088829800423835e-06,7.993788342472131e-07,7.256635441032055e-07,6.766357511999938,7.453706368461471
16.1894526574779,50.715251201399475,0.0,139.74059258998525,-0.08219428986029637,0.07891722746504647,0.8704756262314899,126.36300252561925,53.97964064684754,17.968507071947272,0.7350326875648882,0.0,91.14251021804512,0.8339800689592842,9.064460584794994e-06,4.060405206666976e-07,3.728096684391744e-07,22.3240295572265,24.313909622421455
8.538499960150062,36.1797965668734,13.788076195337371,140.0,-0.20606286833553278,0.016773396583234634,0.8516229057953391,79.96093479092696,37.9440897536403,14.795548448269178,0.7302892380077448,0.0,68.17518284564589,1.2155821505332394,3.225279599386254e-06,8.955313359991383e-07,8.073478912008674e-07,3.6015262333481957,3.994906823363223
18.015,69.84877013171449,70.0,60.0,-0.06047801106088742,0.0861707050869657,0.8367415763169729,88.82672275678847,45.99904659019239,16.003398040182585,0.7352828918168902,0.19227427595707394,59.69983594998794,1.5279422230669786,2.92401211350823e-06,3.819110581751347e-06,3.4117108019259785e-06,0.7656264595950382,0.857051574200711
14.26215968557624,47.053315768935285,45.80962670389849,122.66756359953166,-0.19860319216387573,0.09293465672652383,0.7640901280411521,97.19465031336617,43.12916792123516,16.579565106561407,0.7245563008982735,0.0,71.91472188514525,0.8837971600879871,4.142593446509009e-06,4.817627081095356e-05,4.45830833618126e-05,0.08598825473156241,0.0929185048259207
10.094992612729682,39.13715236121806,0.0,140.0,-0.1415186737165726,0.04142421999109382,0.8187062740784562,93.15702811348895,42.32432252105944,16.180298863155425,0.731751878648401,0.0,66.84356807085769,1.1186370926104514,3.445694533220058e-06,6.196979756701577e-07,5.591219766902016e-07,5.560280440635284,6.162688423762762
18.015,55.91262911699499,28.337239517981963,60.0,-0.11025920720324521,0.0028308912110211882,0.803726049706866,129.49987099669366,55.297630933891156,18.56406159194794,0.7336633348081273,0.06133788077714261,56.8948915790059,1.0396451796463346,3.1942988038733516e-06,1.1117373391409716e-05,1.0257809203770838e-05,0.2873249545024326,0.31140165901107875
14.726987945892681,47.936669212421904,12.72320750064042,140.0,-0.12868237016591824,-0.01801652321026533,0.8714552859058534,120.67887905299061,51.59112836955924,17.946473124472423,0.7308428628802668,0.0,74.93191472657192,1.1032620167298188,5.436686938365311e-06,0.00015385804495998839,0.00014371089939654863,0.035335733921350365,0.03783072099050463
8.056880934358631,35.264992745245955,0.0,140.0,-0.09769110134469414,0.11128012710681445,0.8330179501772627,79.67615378780955,37.46645595948845,14.856459633652712,0.7305788389980831,0.0,49.39111142510462,0.9738435684371062,1.6393523159374423e-06,1.9698016025717784e-06,1.745914955228235e-06,0.8322423505987098,0.9389645876096742
15.166235013866691,48.77175251391821,0.0,60.0,-0.21825946765623216,-0.02896786183676079,0.8311655770295423,122.77862015370992,52.48623606303343,17.906907370363122,0.7303239293954482,0.0,70.05345889283352,0.9777738908806523,4.748551988136938e-06,1.3539064713947072e-05,1.2576891060564379e-05,0.3507296913386702,0.3775616696741786
3.912086457975453,27.39117447346516,0.0,60.0,-0.07914685347983773,0.038688102457401924,0.8488779182544897,42.988419421208896,29.579969445455003,14.16868566344111,0.7365453116640643,0.3016653750865193,58.79162227005102,1.1998818050218323,1.8257893826390262e-06,2.0117349967454094e-06,1.6954870695848471e-06,0.9075695285874101,1.07685243691424
18.015,66.54713838833744,70.0,88.9177600637969,0.007365100577960096,-0.004103593544588942,0.8567355824255237,85.97959429668362,45.43395494690731,15.514017628034773,0.7370516983571097,0.23115062978913792,76.86054805464263,1.0213367147904293,5.0799073477301355e-06,9.247173041846553e-07,8.246227643247112e-07,5.493470625824622,6.160280272992589
10.705399577421222,40.29673298430164,0.0,81.95759160348123,-0.09890199984613643,0.0247574724281289,0.7958286328737917,96.8784312946984,43.35611904000105,16.210733196084064,0.7317754647195743,0.0,69.51937440481268,1.056670985629216,3.8536946285814725e-06,0.00011936384973873093,0.00010818949582711007,0.03228527428544418,0.03561985938764136
18.015,59.60413066440545,70.0,111.88269080067928,-0.10376504477817396,0.02549209164941458,0.8659821993209075,75.58474243147586,42.37453640676494,17.75331597640816,0.7345375669710162,0.0,50.845908441119576,1.0259909603804478,1.957824866591408e-06,2.392928295485933e-06,2.1887465331665466e-06,0.818171137967104,0.8944959303985487
10.507350829073106,39.91990527656048,54.49495458386393,92.21669310499755,-0.12943606366007418,-0.0151717556567786,0.808191067828109,61.93542877087766,35.49632611077436,13.641607279753462,0.736492995610408,0.34553476198220207,73.57012667560956,0.8055920722586603,3.5925842670982926e-06,1.5721421944890934e-05,1.4247691472818156e-05,0.2285152246210014,0.25215202574762724
11.971319333792952,42.70152904190336,20.457420778955942,60.0,0.033058245010999895,-0.012185692553725157,0.866386447129303,104.39417807979152,44.69337748122254,16.30309996110458,0.7313819270596572,0.0,48.86111544800275,0.7864655652747107,1.922855743279449e-06,1.0434572425393033e-05,9.325916930048812e-06,0.18427738721714054,0.20618409510853158
10.374184037208304,39.66738723728099,3.862948627753646,94.76040623217948,-0.12825483803419901,0.0953495440446798,0.8617702790158576,94.40100736460118,42.81566679039455,16.192478247383015,0.7335789462038604,0.0,53.75185633290898,0.6349257050949253,2.2179427923728645e-06,6.699530249748709e-07,6.04460245572445e-07,3.3105944890032504,3.6692947280137425
17.643058562326193,53.47625428347185,60.06719044732816,60.0,-0.155860496086542,0.017508534875410486,0.814150470910415,89.6156361641402,43.93435836673628,15.222746934965347,0.7328008180406136,0.0,62.99952763695802,0.6799965312080111,3.1555995047790795e-06,1.0924539147707104e-06,1.0140067661077478e-06,2.8885424475241064,3.1120103043215464
2.0204709920258113,23.796636061099708,42.91367696311466,140.0,0.01967840408332415,0.052956691299296615,0.7505488125001435,21.24579828025753,26.169127827744735,13.223696287774619,0.730423812178747,0.033061866829593035,67.68548399376385,0.9070375912807919,2.1937043722500785e-06,2.0656714847397815e-06,1.6359032401584451e-06,1.061981243608262,1.3409744038636464
7.788986561479367,34.75585623925414,22.853268200737173,106.45806868275943,-0.05853638705318414,0.023013319958446177,0.8024219685185854,73.25543699319539,36.927788004617206,14.87232629103388,0.7305783692087683,0.0,49.94777228913887,1.4621478737256306,1.6388982979485329e-06,4.405394698666336e-07,3.871714612889664e-07,3.720207631894331,4.233003880224883
14.723408177674939,47.92927958898722,70.0,70.91832902676833,-0.0840123837654691,0.04756527531080025,0.8023444046528087,58.14988319076063,35.86560366323271,12.671598974225272,0.7336453659828867,0.2167819420277127,54.68772658972115,1.0594988806105898,1.9114151225172653e-06,9.146216916772195e-06,8.373886798503024e-06,0.20898423248765738,0.22825901143767116
14.517898320476764,47.53925930117326,31.970729096362977,140.0,-0.0474391409972099,-0.02403693121108338,0.8546783466385586,111.44512641816146,48.19813873171947,17.19400951568327,0.7345576246461538,0.0,59.476427499463,0.5143334228988439,3.07126678206433e-06,6.992207354058463e-07,6.363909663848034e-07,4.392413763704655,4.826069105775525
10.66788749170795,40.224959044741226,41.47605146947704,140.0,-0.1884917604989022,0.016162855483690453,0.8130871974549189,76.24114069942468,37.5393729782983,15.7174066235924,0.7291099415022527,0.0,65.36829600708113,1.0725185366221517,2.9106972521649945e-06,9.705255907403757e-06,8.8632691067247e-06,0.2999093769330223,0.32839996361575025
15.11718617959174,48.677822460917504,35.66262459007182,83.57129538989659,-0.2321665794853266,0.063820088058602,0.7923751957065845,110.13087130074904,48.03982779624193,16.78187835912439,0.7264051883609443,0.0,58.58519218141881,1.1978912114612736,2.943555907219545e-06,8.764981273886039e-07,8.14688038979057e-07,3.3583139715191783,3.6131080442868933
18.015,62.09960213797892,57.5110661036274,60.0,-0.18259447343089596,0.03560899831160113,0.7768078593205369,108.22779170167513,48.19429170544919,16.44461569950486,0.7267316763779016,0.0,68.67953003129612,1.0421532927386656,4.16919379900352e-06,6.050441487590788e-06,5.5549194125470525e-06,0.6890726581778155,0.7505408250543554
18.015,68.15464991705663,49.21342594989855,96.91446424954606,-0.15117190671787847,-0.004360508589112765,0.83166700843014,131.47312480258717,58.134171454715556,19.007353406503636,0.7369035141765817,0.35597651001857633,59.88109146940849,1.0052177027238458,3.736161044698537e-06,4.7263479840949274e-05,4.291866384007342e-05,0.079049639537153,0.08705212861752841
14.226083318220267,46.984974785447385,25.087063546988112,120.50256109251698,-0.17597619678995288,0.014752901177838241,0.8190225131453869,113.55711506506559,47.739026721034854,16.857969175647163,0.7303959665540568,0.0,57.00774224472617,1.1041836944424137,2.7669617539427265e-06,2.8148907151910994e-07,2.5940929593088577e-07,9.829730649969056,10.666393985664747
18.015,60.8695126172738,70.0,132.6070316246442,-0.17338704192229143,-0.008780551833156463,0.7867328529045284,76.23064543143278,41.78610437895107,16.46994418814896,0.7353294114408135,0.25186573331546724,55.056026558960376,1.2039616471520138,2.253453391848723e-06,1.1157981213275862e-06,1.0255488583927677e-06,2.01958880264787,2.1973145144740522
17.478343017226216,53.163242019439245,70.0,60.0,-0.06795137262388888,0.13100639057516703,0.7769347162717987,67.32292259049851,39.57654184689841,15.550736284838088,0.7356285769614659,0.4207156566140562,45.135202926536294,1.282247158804437,1.4603570493224752e-06,3.26571045468777e-05,3.0146864626390544e-05,0.04471789736368706,0.048441423923205586
16.682213506868102,51.65063675292455,70.0,65.08726668570448,-0.24146677115301618,0.025406141291287987,0.8567287143838405,64.6145549470294,38.48228140765353,14.848760496479795,0.7362478987171175,0.3450709673107909,53.75126724978354,0.5534919326749617,1.9961205102623455e-06,5.390182746544582e-07,5.033934416449088e-07,3.7032520122661405,3.9653287967752244
12.573019074219342,43.84476076500538,5.089103882356483,60.0,-0.11048051116457307,0.02421447231030209,0.855095310202055,110.0729977848811,45.513125368860315,16.391751620936585,0.7312842890511375,0.0,73.32508709062193,1.0574872422319506,4.564486566207933e-06,5.25176254595033e-05,4.8012618517547645e-05,0.08691342242287096,0.09506847797813205
18.015,55.76526633280523,28.778818986609046,60.0,-0.021710642202450794,0.09471222132854103,0.8563387143272719,128.28602229040828,55.561779187424136,18.62173444156856,0.7355836815333187,0.0471755674017933,63.185356833752486,1.09265254473918,4.000811421773473e-06,7.91576609120326e-05,7.313627113852744e-05,0.050542314864755154,0.05470351932757871
18.015,60.460609243531565,27.040843758846677,60.0,-0.18170721605973916,0.05537096790808027,0.8291990628148486,136.60272664664515,60.38258533510231,19.979318358313947,0.7367345867191369,0.662657298351164,55.49469742536397,1.2216206093492477,3.308453375084094e-06,0.00022004971463896017,0.00020543722409633623,0.015035026882503973,0.01610444937443592
18.015,55.70036464939353,62.98522932464543,140.0,-0.13416807866584185,0.07370542121244797,0.8516409607281945,86.51067489791363,43.22215618939806,16.42909432012696,0.7356748773894916,0.055476111347544856,77.70674363596525,0.8952136758818278,4.960478515691023e-06,3.865494987522959e-05,3.576155428024816e-05,0.12832712321972867,0.13870981324854767
18.015,65.8610212960814,53.52104978745298,60.0,-0.2151873295150633,-0.020919242261804534,0.8035562252828727,120.73896436436797,53.566674437877126,17.985998677545272,0.7277477006166267,0.0,69.78625431984263,0.7203718325193965,4.813784867156204e-06,7.49391738026079e-06,6.864907636920535e-06,0.6423589456478213,0.7012162612745034
18.015,67.19048025226549,70.0,91.95592003447734,0.06554595796845054,0.059849532944093224,0.8398087815374022,87.5849930842856,45.50080379402556,16.602045322385113,0.7345618216083223,0.0,59.45603134115345,0.9966165752554836,2.8810649981226158e-06,5.5173532052636576e-05,4.9008723182146467e-05,0.052218244707879606,0.058786779394656166
12.065751626676123,42.880590857989965,45.99745872710186,125.04890226339629,-0.08881438225019032,0.09059422427849877,0.8313117794928835,82.73891542242164,40.215902657658354,15.733308391552354,0.730163848564507,0.0,61.93513124996075,1.1578571461923606,2.7725306615922457e-06,1.6293803719548141e-06,1.4756555905014661e-06,1.7015858968927935,1.8788467169700944
15.043907308691757,48.538309850637496,68.67393462391146,73.73467289889516,-0.017310589802045112,0.0149475069087881,0.8292093639845992,62.338882455201095,35.64611501798202,11.846896897504548,0.7345698307479898,0.2661027114076184,60.337086472389494,0.7981010413181114,2.332800110153627e-06,9.179555354921919e-06,8.348170214926242e-06,0.2541299681691902,0.2794384937171813
8.0560761269425,35.2630566700521,46.912661403679635,95.41598519296912,-0.19132392855834018,0.0037034631955711653,0.8249294000369314,55.47788693356059,32.89499869204687,13.955223482348286,0.7362563159291796,0.255278281822285,81.85162305571828,1.0477529085018706,4.262374107085389e-06,9.649655544367482e-07,8.652726177925297e-07,4.417125655405744,4.9260476056199405
2.8132862122386815,25.30262472576586,50.805014608345104,140.0,-0.20975812380403344,0.0016351334142958363,0.8261819524861354,19.765599783183504,25.893920611912662,13.226949528123287,0.7331341759529216,0.046809897682741644,62.5813001393739,0.9785408261320134,1.8281642138697163e-06,5.4309086093620004e-05,4.6562452058964215e-05,0.033662216497590464,0.03926262756855301
13.900340922056273,46.36621700487678,15.368116382551495,125.90031675471363,-0.19304831209190054,0.06408783148426617,0.819287688838195,114.91883330752611,48.454575280864084,16.852835105210207,0.7296793501309723,0.0,74.47478167455894,1.1368950320592355,5.0338458495555255e-06,1.2852842021333656e-06,1.1855764104462207e-06,3.9165235526898634,4.245905877682667
18.015,59.12231078560754,53.68074224970306,65.23534727909941,-0.11431152284087852,0.06540363573700719,0.8477954596259369,110.86546272879228,48.901560305856854,18.416353898019846,0.7282413291718648,0.0,62.98567771385204,1.3249855195063387,3.4909174661083537e-06,4.228305851306153e-06,3.8759289342690276e-06,0.8256066587590831,0.9006660146019204
4.204437738544394,27.94605595982517,9.25778636862156,135.0646561378573,-0.1392244967065032,0.003343192052213411,0.7932920233173475,42.06403211311788,29.425796278342176,14.147676890050493,0.7346520078668141,0.292534968817777,62.875555527202465,0.8068053320317335,2.1019186614263506e-06,4.344242016424584e-05,3.733473103021502e-05,0.04838401390805295,0.05629928496673156
18.015,60.330452691619705,3.796825218795231,60.0,-0.04958101905530274,0.12840691917521732,0.8782433084662629,139.07335014892953,62.30166677557953,20.355373754980235,0.7355616591558135,0.7833910719280177,58.039058377651024,0.8259021442093755,3.758749353324613e-06,2.2209228878893595e-06,2.016530707930839e-06,1.692426771690717,1.8639683187276943
5.905944782366676,31.17873090043894,0.0,104.9297276315511,-0.24007357421887918,0.031848020002522834,0.8572258156736887,59.33190497889037,34.258365882900456,14.971230395602193,0.7338131643598282,0.0,65.95230965331326,0.4339287443377071,2.7240628228279822e-06,6.641917218843019e-06,5.89354638634089e-06,0.4101320045212032,0.4622111449129127
18.015,60.95474934752958,45.52067718720938,125.4522894867086,-0.15339375452203857,0.05193068163437479,0.8107147367031021,127.07901053925345,52.75755618678703,19.220064617859556,0.740435748423695,0.9237556608816341,63.62080463829347,1.312522876218214,3.8492317542019396e-06,2.6793768078939354e-05,2.4582689686456155e-05,0.14366145675596642,0.1565830185100809
15.047764691891802,48.54646910297227,0.0,140.0,-0.07630056546108104,0.07185304792256723,0.897282275178485,123.23313331682499,52.929999723968926,17.970505884120797,0.731854217914628,0.0,62.22108672603,1.023271652998127,3.6895179990542285e-06,1.7385882128816264e-06,1.5902201359185186e-06,2.1221344834375873,2.3201303490746867
2.190793371466291,24.120738997053788,0.0,60.0,-0.2534194452884597,0.058051794465502585,0.8391128359558007,32.777423469194204,27.850615989387713,12.671421564018736,0.7328414608974826,0.15681839122799565,52.48732328446956,0.9769338082508621,1.3696078094109101e-06,1.4871120489502558e-06,1.2500888128537387e-06,0.9209849455377009,1.0956084042415595
8.692357218278914,36.4723729969695,0.0,140.0,-0.07939995112967703,-0.026384177891049635,0.8260217753373983,86.0714995573059,39.44535771236088,15.684371913209379,0.7292854287033087,0.0,68.21976752280844,0.7672603336005165,3.3684863154865955e-06,2.951939152356502e-06,2.621958813774324e-06,1.1411096711792208,1.2847212922607434
10.837591404628903,40.54777257627872,2.0498014147428734,104.36922750940559,-0.16837997324854545,0.001528935256207832,0.8463879343476024,96.85687955318605,43.09187670258312,16.158685541404967,0.7335234019255554,0.0,62.500117660829034,0.7942922391722038,3.0392067215253804e-06,2.23192005257173e-06,2.0290243872293605e-06,1.361700531353466,1.497866038798788
18.015,55.57289338027645,63.325158908011275,99.46980203601757,-0.13721010597125913,0.07602824102058511,0.8257371471389485,88.3573622880605,43.724509944375185,16.120708105887644,0.7353681265783409,0.08800900902405653,43.667416434726114,1.2308635882957106,1.5239897833638928e-06,1.2518997333319293e-05,1.1592325832879615e-05,0.12173417269670601,0.13146540265814138
18.015,56.615499862444416,0.0,140.0,-0.08038353060586079,0.013809769912395374,0.8690356705005694,134.38779431270436,59.21428358761343,19.975424616634665,0.7381845731228873,1.1876819691125784,68.35736602431439,1.3088652581622013,5.060418985162257e-06,1.8418136796287794e-05,1.6909905518240974e-05,0.2747519491864233,0.299257673539542
10.42263727294735,39.75921314865794,26.429349232299153,109.32440123948138,-0.23596134969504012,0.013663966231085308,0.8089244173361794,87.48004637205503,41.01419265172369,15.783373118774326,0.729110833491422,0.0,51.131703697770135,1.0129458599895238,1.9159128580498746e-06,5.701751575072756e-06,5.21402573202182e-06,0.33602180537397874,0.36745366373689714
2.70370088231791,25.094140302973663,70.0,140.0,-0.3085060085955006,0.061134334606972915,0.809660257522155,10.851403776813642,25.319013130643242,0.0,0.7338805019172,0.0,61.85655190747435,0.9950264344212798,1.7432781199233259e-06,2.152798880861525e-07,1.8514739540301284e-07,8.097728661145004,9.415623245083783
18.015,54.18765102462879,0.0,60.0,-0.2270624605202119,-0.026975094483914417,0.8867770837317824,132.14672311946327,57.088608826867336,18.942534128750523,0.7400293165592716,0.9521783018096968,53.8486267337177,1.0404997688450215,2.950526717876596e-06,4.723135455998898e-06,4.41713010421381e-06,0.6246966121052288,0.6679736951967707
15.100878168068192,48.6467536233051,56.51181322362008,60.0,-0.13931136015753687,0.047825033483076027,0.8684190617427904,83.52869793991616,41.20958435584547,15.232207701247441,0.733919955807016,0.0,49.153815980721006,0.7535280684473948,1.793954811530432e-06,9.0860322358081e-07,8.364375743964777e-07,1.9744094726633774,2.1447563649024737
18.015,54.82507303628313,0.0,60.0,-0.12398117468592737,-0.022134425488369674,0.8610879009690486,132.37320186921528,58.33441216267999,19.016482167107885,0.739672639856394,1.117710412711087,53.054256205433354,0.8345105603686402,2.935933387135174e-06,9.515286171595696e-06,8.802564352626275e-06,0.30854914231579267,0.33353160164733453
18.015,55.94091088495658,10.683863410119383,60.0,-0.10751780848780688,0.0534119268620388,0.8692977771057924,133.1174956948193,58.60580494253877,19.456670903012995,0.7396031542882535,1.13035766656515,61.87653757194896,1.391207391000894,4.024709925366827e-06,8.673171371786475e-06,8.002169533801677e-06,0.4640413238528952,0.5029523441569432
15.793161868416586,49.962205665267724,11.470108745673617,140.0,-0.27579674948494176,0.06210261193993434,0.8175394059363114,124.20813702501893,53.067780669795425,17.887643779303314,0.7312949854518069,0.0,76.15835849217535,1.1560997139826954,5.804562550598081e-06,3.3027629927840357e-06,3.09017975914163e-06,1.7574868566954527,1.8783899329566622
14.61056221327712,47.715474569616156,12.491565577476948,140.0,-0.09886610258192316,-0.01296018043260661,0.7924112914963323,120.50950195497971,51.674717244107256,17.959043751460193,0.728661630679825,0.0,58.32373638798149,0.7929202162514648,3.1505636449910135e-06,6.746953374587352e-06,6.1771057334660605e-06,0.46696093333885,0.510038807968273
18.015,59.76864565271871,22.940796282982035,86.93468551898208,0.0556554801184516,-0.026968617124921417,0.8656233464342339,136.09202677691917,61.2311840374932,20.148109343164,0.73859212078599,1.459073324295096,57.83006480743938,1.1800850219954757,3.652591861062651e-06,1.460751826116541e-06,1.3145172534514623e-06,2.500487622714936,2.7786564622656895
18.015,67.66933617843227,70.0,68.62922367620439,0.03536246567307062,0.04693731032890309,0.8330578204417022,87.30609136389702,46.452316703578035,16.040568288912496,0.7387023141227096,1.138817345823559,58.70449181007292,0.9792518075903925,2.8646711120981174e-06,7.336995594818007e-05,6.530932872107583e-05,0.039044198338096116,0.043863122898301445
0.7206000000000001,19.197048933724012,0.0,76.195025859193,-0.2943092143053568,0.019398132821985332,0.8560075250930086,15.076676813639162,24.550176230226377,12.606679260858714,0.733693036647679,0.025217185970730943,59.972280801037144,0.4835118458590071,1.5923601575783003e-06,3.037397649842706e-07,2.4782314985785495e-07,5.242514616618479,6.4253890667261615
18.015,58.042321640782646,54.54515196813147,82.46557070872039,-0.035182887320094,0.06195691397172064,0.8093756723287829,109.00053885775762,49.69021615929781,17.54972825002447,0.7344122070937902,0.06082493037159969,64.83387558380176,0.9976939680202419,3.7865692102165658e-06,7.798424764333946e-06,7.115019172137065e-06,0.48555565061477796,0.5321938168550616
12.206418839515017,43.147823837064735,49.295833093204756,99.94257518012553,-0.018049829652456106,0.015230201067899334,0.844132808902216,82.70114485165011,39.182211171684884,15.960442554874732,0.732909656864364,0.0,48.64909369086981,1.4749757298244979,1.6537549561915904e-06,5.893382168420818e-08,5.2967321421460956e-08,28.061220347343063,31.222174575011316
5.545343426510103,30.493273678835042,30.12074725737199,140.0,-0.2734335697193153,0.01170996488718511,0.8060192400334418,45.29276229410648,31.784007303178875,14.105005670000239,0.7363514186193839,0.3446190259609425,69.53202723071888,0.563546342246054,2.836671763221065e-06,1.566846846655432e-07,1.3937411096555233e-07,18.10433335763596,20.35293171428499
18.015,59.742581129803725,70.0,117.92131475056992,-0.12968513377756205,0.08504750727451513,0.8145347287189187,75.88889510152481,42.436525327090685,17.738007766437413,0.7346535656862789,0.10884401081839529,67.4983125358932,0.838842850378353,3.5374762215840157e-06,9.980380926591336e-06,9.158774427969753e-06,0.3544430064947624,0.38623903770148604
18.015,60.555395481508896,40.97644336032491,91.22557673704108,-0.1431006337140971,0.04963230204239345,0.852592916193442,130.73987236190808,56.77611560595449,18.481622620316127,0.736651605228523,0.22914895089109025,57.363572461363134,1.1994929101418002,3.329912489869036e-06,3.2326264668193166e-06,2.963356796798207e-06,1.0300950400698297,1.1236961048588137
10.807331930481716,40.49049037393275,0.0,71.29292017168623,-0.10722339631857744,0.03370010931819645,0.7893334672232856,97.64043787073616,43.3239319352032,16.2049685669135,0.731623948018325,0.0,63.24895417951665,0.9414899292169926,3.1304304841348305e-06,4.871599017217386e-06,4.3951579319837625e-06,0.6425878798873115,0.7122452782309702
8.540888666374608,36.18410959336916,40.08328995124467,140.0,0.005626886461771896,0.08836482116613412,0.823233551083313,66.64361523018574,34.53612936692349,14.198559549507324,0.7337645401816534,0.0,52.0136692193906,0.9846064979990797,1.668382572759071e-06,1.817623510567528e-05,1.5983372351400573e-05,0.09178922714518263,0.1043823879015667
11.89084521071979,42.547886002517686,70.0,137.34200593341995,-0.14965121813088886,0.14587984269007712,0.7876770005158646,43.342337742512385,32.58228127533644,13.859064256763537,0.7354349455273462,0.22272833909685305,72.59337902184821,1.0741358873909201,3.1933934549700043e-06,3.5822106158325643e-07,3.263530142614641e-07,8.914588776148237,9.785089505597623
18.015,58.53195494045782,42.888714346640455,60.0,-0.2776439034765609,0.10746699312677559,0.8282158967558501,123.31270685091785,52.335762680203565,18.756250390868626,0.7305123530779348,0.0,47.8536821349647,1.0360876714396485,2.15650114243258e-06,6.281666845059242e-06,5.8605030016651015e-06,0.34330078235982,0.36797202250726074
18.015,57.076121546977596,51.83106791775678,60.0,-0.17792926213951826,0.018428226718564502,0.7949800050361507,110.03304402521005,49.156832072706486,16.600041677254147,0.7258715084749322,0.0,66.11683624219195,0.8407403052182016,3.915036209913802e-06,3.0775684437348593e-07,2.849194973753035e-07,12.72119948423507,13.740850471727503
12.92914049459311,44.52185247314951,0.0,82.18344704841576,-0.22093931657576618,0.0659102630492309,0.7991949435648048,110.69257266092012,46.231329744431356,16.843965491730675,0.7292256305843401,0.0,64.41642273392651,1.041808016338658,3.4725399654990136e-06,3.3147962897251407e-06,3.0565215716959493e-06,1.0475877435554126,1.1361084435508273
18.015,54.34827658158354,70.0,140.0,-0.009311508195833554,-0.01857476003314009,0.8217190013397521,66.71471673991586,40.07151058830774,16.60683792398886,0.7367278679742586,0.20797850993906888,49.30776086750172,0.9488250780734319,1.7485069563541041e-06,2.9317902588189437e-06,2.685647852536352e-06,0.5963956497551366,0.6510559285361248
10.939809367176018,40.74228788395435,0.0,60.0,-0.14735475680135257,0.0587567456008566,0.8295891710712953,97.63025997881174,43.17257700390855,16.176792440202046,0.7333807202172492,0.0,61.48740469532537,0.8849956064647987,2.9379319326379645e-06,6.395533916281806e-07,5.799757730747413e-07,4.593724263049488,5.065611477290715
12.398090049996222,43.51202078586424,52.558695617683426,60.0,-0.1767193830180682,0.06820205121282825,0.786192644677479,73.70884922836933,38.53143432434057,15.211896309994474,0.7334004588392031,0.04606328239640651,58.0109187778356,1.0717286745993508,2.31597529514163e-06,2.0030806863058226e-07,1.834576302550718e-07,11.56206692508659,12.624033636113118
7.1169485464140365,33.479063596168025,27.560807143570152,122.4939423450539,-0.2808368741039042,0.027689436979531693,0.8425104239553333,61.92833054547031,34.04955329424012,14.939078251611047,0.7347827979143535,0.01979742494558378,50.34185892975643,1.5378971536382369,1.5327335505755018e-06,4.246733700117999e-05,3.8500225000552065e-05,0.03609205706806889,0.03981102839148404
18.015,57.0085010013151,39.90748489758233,99.92078582874943,-0.17149985696936992,0.030911998327579328,0.7909215622539113,125.54079399513196,53.70743257155731,18.46634594429929,0.7345942949538362,0.18787295610250546,55.603259277813684,0.7416319157988586,2.971870417866808e-06,2.6236790012392876e-06,2.4277223684118286e-06,1.1327111344272882,1.2241393235631597
18.015,56.15575824159019,49.297205603471625,140.0,-0.10777676842980989,0.05383666989326604,0.8559264719716092,112.89259427447625,47.96424564614495,18.115100363759534,0.7390971395349352,0.3747610889623558,74.49929318712405,1.1785275546166118,4.985616330055555e-06,1.0802339407874392e-06,9.948844713603288e-07,4.615311685560702,5.011251530781866
18.015,62.151384256086196,58.2915120456488,134.14991538003818,-0.11673250947552698,-0.053403628581791734,0.8466149912178789,109.86115044191632,49.416867822089635,18.362440605564466,0.7369921874120665,0.3370717330913609,57.35355080770368,0.6889294630373985,2.9143881016046442e-06,4.607597153682288e-06,4.200298225045213e-06,0.6325179924368021,0.6938526612769914
8.545593927169923,36.19408501697161,0.0,78.46887675611474,-0.2649952696359687,-0.011003054946168718,0.795705003514674,80.43550657704142,38.863823446886286,14.763338059334941,0.729134088763516,0.0,43.472179497960916,0.9546182097971749,1.352215180414335e-06,1.2791109990005168e-05,1.1663427498341672e-05,0.10571523358574361,0.11593634723640162
18.015,69.55586328889892,70.0,135.33594877222896,-0.27896203796769187,0.08585880076361743,0.8284677098851562,85.88393549046921,45.61841875072064,16.8962573930607,0.7356240682626322,0.1595439303867681,54.26753195033895,0.686523879186631,2.4062762079844263e-06,2.7492945574713045e-06,2.524816972615996e-06,0.8752340492019257,0.9530497592826509
12.86432120028492,44.39786563612883,26.467178091785485,140.0,-0.2406267470316545,-0.038678992066173444,0.8537224917369205,103.12005652867879,44.3053423705863,16.479811493636806,0.7340204419292617,0.0,43.520315208861355,1.1196248288219957,1.5388006861461514e-06,6.429083795180441e-06,5.942694746793357e-06,0.239349919081738,0.25893988362375153
18.015,57.367978573588125,70.0,140.0,-0.05296519900166716,0.02397322308651681,0.8429515046089403,70.25938675987348,40.725121655010824,16.573505476460937,0.73842159535896,0.28849419320453057,50.58291734553796,1.0263336599328814,1.8629717658005308e-06,1.546823309442656e-05,1.4201743045564993e-05,0.12043856298440368,0.13117909258204125
18.015,63.9434235748455,70.0,84.1945832041076,-0.27474537768782886,-0.024748234223442113,0.8674727813094275,80.08998635258752,43.18251652235673,14.721303062143848,0.7432423019732812,1.00305380226294,83.5135712010377,1.3021267969337251,5.863489897417534e-06,3.4161744387133883e-06,3.1603896959560053e-06,1.7163906593791687,1.8553059785381472
8.71011130516356,36.505679705990794,34.84803286413873,117.74600621661776,0.0015865627923785652,0.04375799863616609,0.8039471738119501,73.0041415086413,36.405493272545115,15.755958405501733,0.7313441322038059,0.0,38.319907093324225,0.8072845298735132,1.03899661272734e-06,5.497818367513727e-07,4.827417458019085e-07,1.8898343729700264,2.1522825025240073
18.015,56.82779457418954,58.13352734919641,60.0,-0.10843137023562309,0.0651398975242853,0.821307714279114,97.79192220946969,46.03570966686859,15.341253116450474,0.7298827217886537,0.0,64.6312881494668,1.484874733163836,3.4720181379190257e-06,1.5693747359501125e-06,1.4435778697387607e-06,2.212357608660647,2.4051478002688866
18.015,67.79247060430369,22.72353249141092,140.0,-0.11111554925309942,0.025918857524855374,0.8094971535383929,146.9280339961666,66.16882379461897,20.93424750540585,0.732993864652208,0.5766326250063105,64.11569177560614,0.5813753999230551,4.940795499015293e-06,5.12012555097749e-05,4.658797960112603e-05,0.09649754580865776,0.10605301069754641
18.015,60.19108801988546,70.0,78.76868208833122,-0.024509267451808203,0.05729726795215337,0.7687427834542381,78.44782938716314,42.50547844991614,14.730803876212201,0.7400793802583179,1.1660049504804757,49.57562110661853,1.0913023011843541,1.8694447940171557e-06,9.38196093337897e-05,8.717373992228668e-05,0.019925949460800663,0.021445045212970346
14.762228865067604,48.003146148351576,70.0,75.63035893640176,-0.178643730604797,0.049180905707797366,0.7697172746991824,59.08372548575754,35.68540377908533,12.364527602300766,0.7318746156710328,0.28695974496608345,68.19270602415197,1.0280028218876032,3.0388000669873055e-06,3.635807336531436e-05,3.366750096121231e-05,0.08357978808322457,0.09025915141394812
18.015,69.80106679234206,70.0,85.36578777327944,0.018674665487363615,-0.06913319178207498,0.8528047812049226,91.24587398244597,47.23225893735563,16.724643352369373,0.7434962069159825,0.7559896129388243,62.555096793782944,0.702045636672957,3.340639185313308e-06,1.7123288528947132e-05,1.5217510746475505e-05,0.19509331864997287,0.21952599482060667
11.073707560551501,40.99656025766314,0.0,60.0,-0.04911105143676257,-0.046723311818605034,0.8818856089707954,100.84094317780325,43.94790723960797,16.244782488195234,0.7337913305381162,0.0,66.22557502061574,0.6917515559265603,3.5173690235480226e-06,3.636877130569538e-06,3.2644791046013407e-06,0.967139910772075,1.0774671581111452
18.015,54.87529620446226,0.0,140.0,-0.07202043961042134,0.02900507715240845,0.8081992164687576,132.51051682009455,58.47341581543914,19.05247597709554,0.7382570856121726,1.1555067150316622,66.16103857387161,0.8219130438744527,4.664617164430668e-06,1.2142678517964982e-06,1.1175091786990723e-06,3.8415059391792425,4.174119777576141
14.526094280087278,47.55464520627548,49.9582291328083,140.0,-0.09966680853136405,0.03415255202771616,0.7919199837241497,92.56428161704818,42.79656173852416,15.83888680169904,0.7285982291880788,0.0,47.14975752271344,0.9507855681244493,1.718820482076035e-06,5.6327779898964685e-06,5.163632345912936e-06,0.30514614372501253,0.33287042278222956
14.559660191615473,47.619120223236145,0.0,102.86905102942185,-0.20246992235090133,0.07304387807695636,0.8651962749374176,121.1934187072658,52.00544818802226,17.91859128272477,0.7306930535172921,0.0,65.92218344504711,1.1129779764886838,4.106451488785029e-06,1.918538768964248e-05,1.7920004771587318e-05,0.21404057896635356,0.22915459795501425
18.015,60.66079232745683,70.0,140.0,-0.23087644956802356,0.06002314615601482,0.8877939023002254,75.3756644586501,41.21248748538055,17.037174413561424,0.7389476536666544,0.2938353589726868,59.992823472069354,0.7839565129834352,2.6652400753393715e-06,8.248945549034834e-05,7.64966348155054e-05,0.03231006992949805,0.03484127219148134
18.015,55.877562930461465,70.0,140.0,-0.16077227221144913,0.011390300340903138,0.8405825225102453,66.72075291393016,40.54167807401207,16.4873640506756,0.7382021451381349,0.27179542568185294,62.18657494496297,0.8673795490021302,2.826715819742971e-06,1.2554873701937211e-06,1.1630600696024715e-06,2.2514888535332775,2.430412575946425
11.700581624680634,42.186848168289245,46.83574202509244,112.48771481295613,-0.15699827453825407,-0.009707256961889461,0.8568706479432443,78.5933238532236,39.85616370385985,15.853150399159349,0.7331668606038857,0.0,73.82902785641048,0.997919501100722,4.06168390923015e-06,2.0831754351221546e-06,1.8994692913180377e-06,1.9497560506669371,2.1383256511674147
2.780132957803413,25.24014026985747,15.795747843299374,103.92850854291318,-0.13051132779402755,0.0027169266277978247,0.7692988199239237,34.4228904239132,29.449736166153265,12.608009209090088,0.7307933540732654,0.2509486703160872,52.85421559637487,1.0365075161474513,1.4669838503218509e-06,1.3407651737799998e-07,1.1139665136494652e-07,10.941392862897867,13.169012105362716
13.367186661471578,45.35300446603248,50.52962979469485,126.16708085801463,-0.1779085643825001,0.017221956578867097,0.779969788161454,83.03868055560878,41.272806189783935,15.785662212984008,0.7271986709470901,0.0,61.56546914838855,0.5992330121633501,2.824856616835907e-06,1.605305155260917e-05,1.477768807952618e-05,0.1759700707107473,0.19115687119892716
14.726980660807946,47.93651558210297,34.890738399035676,87.08860328646254,-0.14256023238553264,0.05221445310445025,0.7903802713767354,109.0856902201068,47.86714213457256,16.79550507348678,0.726240334489656,0.0,54.85118014464207,1.2085028823730988,2.561909314927605e-06,6.10871393416192e-06,5.624829963971235e-06,0.419386034857611,0.45546431293699924
17.31774139234564,52.857874237083756,70.0,98.27108974583483,-0.12097523310457267,0.07049815439340655,0.7910982178429797,65.76579849605382,38.70723688832129,15.483834536289537,0.7349576233825044,0.2008835783631778,51.86637574505626,0.7995769695686191,1.8648889059794945e-06,2.1424801148306619e-07,1.980525332454509e-07,8.704346393090757,9.416132555438189
7.747573191323899,34.677439672052486,3.3293581864960835,60.0,-0.2437310696644454,0.028108459566120878,0.8109366501548091,75.02690419394362,37.101440234886354,14.776680663793346,0.7305079713717751,0.0,66.53022351029185,1.0959188117858063,2.989796178993223e-06,4.299830690697328e-05,3.8870018336419276e-05,0.0695328815030238,0.0769177969795793
18.015,61.055321835936,56.0615611091485,140.0,-0.18209286451212178,0.09146424813638819,0.7698985854080675,112.14583789533299,48.413904509793426,18.338068124950308,0.7352379056376603,0.33149809084014525,58.46444949827362,0.9506044940022234,2.9612103373646594e-06,1.9532939565731344e-05,1.7990644973317744e-05,0.15160085492507316,0.16459723049154074
18.015,57.13931337811908,12.633056451435277,77.48356539821897,0.03740849030921069,-0.01000407131355254,0.8324221529952358,133.3451078347554,59.22726314238328,20.074561903823508,0.7375011000411319,1.2572584020719761,71.50922237022019,0.6912905471151565,5.623946804908893e-06,2.4806693730039205e-06,2.2480529001689784e-06,2.267108574045351,2.50169682594487
13.002404326707124,44.66015447133133,30.83615378036184,140.0,-0.0951863904223674,0.04804603323537432,0.8538869994669405,103.3268054775398,44.66971287009156,16.292448798307273,0.733921025319521,0.0,80.02161705320941,0.24416874040197523,5.5121475005663974e-06,1.771743398028582e-06,1.611826182211211e-06,3.1111432426951673,3.4198150901137896
18.015,59.48535956390713,13.885579194430107,92.62941850157847,-0.03363086096440568,-0.03815497162733346,0.8579117579151138,137.33451659065872,61.264287564405855,20.363815434359196,0.7360816966912757,1.1542365671200507,75.70269686391826,1.2373551699441825,6.606054773456477e-06,1.072653678669027e-06,9.74103869911804e-07,6.158609162328534,6.7816738825343075
16.249575264176404,50.829839657046435,0.0,60.0,0.010618416799154609,0.047306666125812635,0.8590230409260262,126.58673399112708,54.2492050049249,18.004151177064973,0.7353533178026083,0.04885411506388067,63.77914892630718,0.8199930242058584,3.99553226065252e-06,5.999541061931188e-05,5.486949791345986e-05,0.06659729835012415,0.07281882307278027
15.78386911725257,49.944801418786845,0.0,92.71946060015345,-0.15075856737567422,0.07095413931524056,0.8651666757434531,125.27151783268096,53.476777197193684,17.940188858750624,0.7331708413774911,0.0,51.13498101786871,0.4929941912812389,2.5210155559662904e-06,2.9252575597876005e-06,2.7015741651542717e-06,0.8618097738201687,0.9331654072218778
18.015,60.66092586472224,33.07535483010412,100.7329863201668,-0.15894393449801497,-0.06721654143365235,0.8503600765842186,135.46245933171062,58.9065382126485,19.83924324365936,0.7403184440429137,1.119445260225882,66.3140601591653,1.0696434943134958,4.7139166521742945e-06,8.60011751299245e-06,7.90276953918184e-06,0.5481223535670113,0.5964891964523007
18.015,61.81142401467083,70.0,60.0,-0.08564419882437496,0.047996600614457895,0.8331383490984713,78.46375182882147,43.17390402514859,16.72777749091021,0.7349240132885186,0.16030119055108802,52.8063711686291,0.8990925355872966,2.1509571504706717e-06,9.636976678257632e-06,8.760752592661966e-06,0.22319833515043488,0.24552196032476936
18.015,56.51581223684597,70.0,87.23171164608705,-0.28060274486795195,0.05565856856370797,0.8644051156700561,72.17638487189886,40.04189244413332,16.854786341062432,0.7426642997972748,0.9316048192935851,68.57108988784442,0.7565133506235381,3.4589999464635776e-06,4.509595394097411e-06,4.223030515080491e-06,0.7670311068241392,0.8190800265618372
1.7643255624476155,23.310517453238248,0.0,89.55657225556459,-0.0949008389644416,-0.005310918420828159,0.8125260165579846,28.827393875924162,27.72811915290046,12.592440614766328,0.7318730873117725,0.14697884468759576,55.91179483400372,0.8744325853070957,1.5488367631809806e-06,4.541200274151126e-06,3.6595453025759977e-06,0.3410633025803956,0.42323202341305516
0.7206000000000001,19.101368377059497,19.81230746331414,127.70377815073128,-0.18368976451093583,0.11832688686007752,0.7880643820116526,14.917304234213274,24.66370562440314,12.588667788105848,0.7320562407455037,0.03328512662657334,60.47763641818477,0.3858307048216558,1.6302180975762515e-06,8.52589982362452e-07,6.77462154733247e-07,1.912077471352713,2.4063603939885843
18.015,61.77710801542858,21.207890779569873,60.0,-0.24950740876204375,0.03149779908235588,0.8447849221261342,139.65496941019984,61.623037560400235,20.19433911399257,0.736117536670368,0.8182424154931621,40.83418703210614,0.9194938649280106,1.9342983645850307e-06,9.253400602425558e-06,8.563693947330977e-06,0.20903648806450684,0.2258719632534145
11.348894341249117,41.51853412717536,66.82105508421319,107.53107931066069,-0.13584692108035268,0.017410309812405107,0.8117066714366654,47.29817936419703,33.64557846593948,14.144743772080647,0.734451653719095,0.10649440663988115,67.69246902263527,0.8602306529014601,2.822096560043138e-06,9.105318441020088e-06,8.286175939424838e-06,0.30993935888385826,0.34057888472001546
10.556141385750909,40.01270076607338,33.78343160535884,140.0,-0.006391777342375143,0.0037854191754508686,0.81674619058147,87.5238930908139,40.036436253525935,15.749179770654088,0.7270917495474902,0.0,53.32918484610644,1.2069368327307193,2.0255058487561048e-06,1.9520432630932224e-05,1.7444702637060745e-05,0.10376336872505955,0.11611008171919071
3.6943246307743713,26.977070450196784,0.0,140.0,-0.12543681463683912,-0.03943807360388628,0.8037244792614647,42.305165016970534,29.460094408846693,13.895840879447174,0.7345835018650156,0.34762244912827656,44.97009236745965,1.0151132459149348,1.0856066983862201e-06,2.0421677890576453e-06,1.728126282505515e-06,0.5315952509892301,0.6281987082635296
18.015,61.86458586910247,70.0,118.92614624273858,-0.11748082655444539,-0.012102465970448145,0.8638032947116157,79.79450009268274,42.66205163552895,17.746162540856155,0.7359735545360888,0.2568409083127106,74.20136311916598,1.0424864719503655,4.396984082746884e-06,5.103080089938944e-06,4.658894374951687e-06,0.8616333675451862,0.9437827366052877
11.348964957954793,41.51951355832915,0.0,138.2339239900167,-0.07324546148863445,0.10658826253449032,0.7951142411759663,102.89780957899167,44.607037619660815,16.231813388914492,0.7321907000818574,0.0,58.56285708890529,1.4184123692625774,2.7256130278733623e-06,2.9134330885231984e-06,2.6283243795792138e-06,0.9355330790366492,1.0370154647006409
11.519206140355982,41.842837904927656,0.0,60.0,-0.10949792045178182,0.05398681585829903,0.7978423514034858,103.99295618341998,44.46606195084094,16.588404933167226,0.7316521258991752,0.0,58.29390136662692,1.3966639354548644,2.6915048086652614e-06,1.8087368066224602e-06,1.637474839980566e-06,1.4880577421826426,1.6436923138905786
